time,temperature,relative_humidity,precipitation,wind_speed,city
2025-01-01 00:00:00,5.4,88,0.0,7.6,Evora
2025-01-01 01:00:00,5.4,87,0.0,8.9,Evora
2025-01-01 02:00:00,5.1,88,0.0,8.6,Evora
2025-01-01 03:00:00,4.9,88,0.0,8.0,Evora
2025-01-01 04:00:00,4.8,89,0.0,8.9,Evora
2025-01-01 05:00:00,4.4,90,0.0,9.1,Evora
2025-01-01 06:00:00,4.1,91,0.0,9.1,Evora
2025-01-01 07:00:00,3.7,92,0.0,9.1,Evora
2025-01-01 08:00:00,3.5,93,0.0,9.5,Evora
2025-01-01 09:00:00,4.8,90,0.0,11.7,Evora
2025-01-01 10:00:00,6.9,84,0.0,10.1,Evora
2025-01-01 11:00:00,8.9,78,0.0,9.2,Evora
2025-01-01 12:00:00,10.7,71,0.0,8.0,Evora
2025-01-01 13:00:00,12.2,66,0.0,7.1,Evora
2025-01-01 14:00:00,12.8,65,0.0,5.3,Evora
2025-01-01 15:00:00,13.0,65,0.0,4.4,Evora
2025-01-01 16:00:00,12.5,67,0.0,3.5,Evora
2025-01-01 17:00:00,10.4,78,0.0,1.8,Evora
2025-01-01 18:00:00,8.7,79,0.0,2.3,Evora
2025-01-01 19:00:00,8.1,79,0.0,2.3,Evora
2025-01-01 20:00:00,6.9,83,0.0,4.4,Evora
2025-01-01 21:00:00,5.7,89,0.0,6.1,Evora
2025-01-01 22:00:00,5.2,90,0.0,5.2,Evora
2025-01-01 23:00:00,4.8,91,0.0,5.8,Evora
2025-01-02 00:00:00,4.8,91,0.0,3.8,Evora
2025-01-02 01:00:00,4.6,90,0.0,4.0,Evora
2025-01-02 02:00:00,3.9,93,0.0,5.2,Evora
2025-01-02 03:00:00,3.5,94,0.0,4.2,Evora
2025-01-02 04:00:00,2.8,97,0.0,4.9,Evora
2025-01-02 05:00:00,2.3,98,0.0,5.6,Evora
2025-01-02 06:00:00,2.0,98,0.0,4.9,Evora
2025-01-02 07:00:00,1.8,99,0.0,3.8,Evora
2025-01-02 08:00:00,1.5,100,0.0,4.8,Evora
2025-01-02 09:00:00,3.8,97,0.0,7.1,Evora
2025-01-02 10:00:00,6.7,90,0.0,4.4,Evora
2025-01-02 11:00:00,9.3,82,0.0,2.8,Evora
2025-01-02 12:00:00,11.4,71,0.0,4.0,Evora
2025-01-02 13:00:00,13.1,67,0.0,6.1,Evora
2025-01-02 14:00:00,13.7,63,0.0,5.8,Evora
2025-01-02 15:00:00,13.8,60,0.0,5.2,Evora
2025-01-02 16:00:00,13.3,64,0.0,5.6,Evora
2025-01-02 17:00:00,11.1,75,0.0,3.3,Evora
2025-01-02 18:00:00,9.8,74,0.0,2.2,Evora
2025-01-02 19:00:00,8.2,81,0.0,5.1,Evora
2025-01-02 20:00:00,7.2,85,0.0,5.1,Evora
2025-01-02 21:00:00,6.8,85,0.0,3.6,Evora
2025-01-02 22:00:00,6.9,85,0.0,1.8,Evora
2025-01-02 23:00:00,6.2,87,0.0,2.7,Evora
2025-01-03 00:00:00,5.6,89,0.0,2.9,Evora
2025-01-03 01:00:00,5.0,89,0.0,2.8,Evora
2025-01-03 02:00:00,5.3,88,0.0,1.5,Evora
2025-01-03 03:00:00,4.8,89,0.0,3.3,Evora
2025-01-03 04:00:00,4.3,91,0.0,4.0,Evora
2025-01-03 05:00:00,3.9,93,0.0,3.1,Evora
2025-01-03 06:00:00,3.5,96,0.0,2.4,Evora
2025-01-03 07:00:00,3.5,96,0.0,2.1,Evora
2025-01-03 08:00:00,3.3,97,0.0,2.2,Evora
2025-01-03 09:00:00,5.0,96,0.0,4.3,Evora
2025-01-03 10:00:00,8.5,88,0.0,3.0,Evora
2025-01-03 11:00:00,11.1,80,0.0,3.1,Evora
2025-01-03 12:00:00,12.9,75,0.0,6.2,Evora
2025-01-03 13:00:00,13.2,75,0.0,6.6,Evora
2025-01-03 14:00:00,14.0,72,0.0,6.7,Evora
2025-01-03 15:00:00,14.0,70,0.0,5.1,Evora
2025-01-03 16:00:00,13.3,77,0.0,4.2,Evora
2025-01-03 17:00:00,11.5,85,0.0,4.0,Evora
2025-01-03 18:00:00,9.4,87,0.0,4.1,Evora
2025-01-03 19:00:00,8.5,87,0.0,3.3,Evora
2025-01-03 20:00:00,7.8,88,0.0,3.5,Evora
2025-01-03 21:00:00,6.8,90,0.0,3.7,Evora
2025-01-03 22:00:00,6.6,89,0.0,3.4,Evora
2025-01-03 23:00:00,6.4,87,0.0,3.5,Evora
2025-01-04 00:00:00,5.9,89,0.0,3.3,Evora
2025-01-04 01:00:00,5.3,92,0.0,3.1,Evora
2025-01-04 02:00:00,5.0,94,0.0,2.4,Evora
2025-01-04 03:00:00,4.5,96,0.0,3.0,Evora
2025-01-04 04:00:00,4.3,97,0.0,3.8,Evora
2025-01-04 05:00:00,4.1,98,0.0,3.6,Evora
2025-01-04 06:00:00,4.3,97,0.0,5.0,Evora
2025-01-04 07:00:00,4.0,97,0.0,5.8,Evora
2025-01-04 08:00:00,3.9,97,0.0,5.8,Evora
2025-01-04 09:00:00,6.5,96,0.0,8.6,Evora
2025-01-04 10:00:00,9.5,92,0.0,8.7,Evora
2025-01-04 11:00:00,11.9,89,0.0,8.9,Evora
2025-01-04 12:00:00,13.1,84,0.0,11.8,Evora
2025-01-04 13:00:00,14.4,80,0.0,12.4,Evora
2025-01-04 14:00:00,15.1,78,0.0,14.3,Evora
2025-01-04 15:00:00,14.4,83,0.1,16.8,Evora
2025-01-04 16:00:00,14.0,85,0.1,13.2,Evora
2025-01-04 17:00:00,12.9,88,0.1,14.7,Evora
2025-01-04 18:00:00,12.1,91,0.0,13.5,Evora
2025-01-04 19:00:00,11.4,95,0.0,13.7,Evora
2025-01-04 20:00:00,11.2,96,0.1,13.3,Evora
2025-01-04 21:00:00,11.3,96,0.1,13.8,Evora
2025-01-04 22:00:00,11.0,97,0.0,14.5,Evora
2025-01-04 23:00:00,10.9,96,0.0,14.7,Evora
2025-01-05 00:00:00,10.8,96,0.0,14.9,Evora
2025-01-05 01:00:00,12.1,97,0.0,18.2,Evora
2025-01-05 02:00:00,12.0,98,0.0,18.2,Evora
2025-01-05 03:00:00,12.1,97,0.2,19.9,Evora
2025-01-05 04:00:00,12.2,95,0.0,21.4,Evora
2025-01-05 05:00:00,12.3,94,0.0,22.0,Evora
2025-01-05 06:00:00,12.1,93,0.0,21.3,Evora
2025-01-05 07:00:00,12.2,91,0.0,22.1,Evora
2025-01-05 08:00:00,12.3,89,0.1,21.6,Evora
2025-01-05 09:00:00,12.7,88,0.3,25.4,Evora
2025-01-05 10:00:00,13.0,89,1.1,27.9,Evora
2025-01-05 11:00:00,12.7,95,4.2,27.4,Evora
2025-01-05 12:00:00,12.6,96,3.2,24.6,Evora
2025-01-05 13:00:00,12.7,98,2.4,23.8,Evora
2025-01-05 14:00:00,13.4,93,0.9,24.4,Evora
2025-01-05 15:00:00,12.9,94,0.5,24.0,Evora
2025-01-05 16:00:00,13.1,98,0.1,18.9,Evora
2025-01-05 17:00:00,12.9,97,0.6,20.1,Evora
2025-01-05 18:00:00,12.7,97,0.2,21.3,Evora
2025-01-05 19:00:00,12.1,98,0.3,20.9,Evora
2025-01-05 20:00:00,11.3,97,0.1,13.8,Evora
2025-01-05 21:00:00,11.0,100,1.9,15.5,Evora
2025-01-05 22:00:00,11.5,99,0.2,15.9,Evora
2025-01-05 23:00:00,11.6,96,0.1,15.2,Evora
2025-01-06 00:00:00,10.5,99,0.0,13.4,Evora
2025-01-06 01:00:00,10.8,98,0.3,14.4,Evora
2025-01-06 02:00:00,10.3,94,1.8,11.1,Evora
2025-01-06 03:00:00,10.3,96,0.6,12.2,Evora
2025-01-06 04:00:00,10.3,97,0.0,12.1,Evora
2025-01-06 05:00:00,10.0,96,0.0,13.4,Evora
2025-01-06 06:00:00,9.2,97,0.0,12.6,Evora
2025-01-06 07:00:00,8.6,97,0.0,11.3,Evora
2025-01-06 08:00:00,8.1,98,0.0,12.2,Evora
2025-01-06 09:00:00,9.2,95,0.0,14.2,Evora
2025-01-06 10:00:00,10.4,91,0.0,14.0,Evora
2025-01-06 11:00:00,11.6,84,0.0,14.5,Evora
2025-01-06 12:00:00,12.5,75,0.1,15.5,Evora
2025-01-06 13:00:00,11.7,77,0.2,16.4,Evora
2025-01-06 14:00:00,12.0,72,0.1,18.1,Evora
2025-01-06 15:00:00,12.3,68,0.0,16.3,Evora
2025-01-06 16:00:00,12.1,67,0.0,15.2,Evora
2025-01-06 17:00:00,11.0,73,0.0,11.8,Evora
2025-01-06 18:00:00,9.2,81,0.0,8.8,Evora
2025-01-06 19:00:00,8.4,83,0.0,10.6,Evora
2025-01-06 20:00:00,8.1,83,0.0,11.1,Evora
2025-01-06 21:00:00,7.5,85,0.0,9.6,Evora
2025-01-06 22:00:00,7.0,87,0.0,8.2,Evora
2025-01-06 23:00:00,6.3,89,0.0,6.5,Evora
2025-01-07 00:00:00,6.0,90,0.0,7.2,Evora
2025-01-07 01:00:00,5.7,93,0.0,6.2,Evora
2025-01-07 02:00:00,5.2,94,0.0,6.0,Evora
2025-01-07 03:00:00,5.0,94,0.0,5.8,Evora
2025-01-07 04:00:00,4.9,94,0.0,5.4,Evora
2025-01-07 05:00:00,5.5,93,0.0,5.6,Evora
2025-01-07 06:00:00,6.3,91,0.0,6.2,Evora
2025-01-07 07:00:00,6.0,92,0.0,6.1,Evora
2025-01-07 08:00:00,5.8,92,0.0,5.8,Evora
2025-01-07 09:00:00,8.1,89,0.0,8.0,Evora
2025-01-07 10:00:00,10.1,87,0.0,6.0,Evora
2025-01-07 11:00:00,12.0,81,0.0,8.5,Evora
2025-01-07 12:00:00,13.5,75,0.0,12.3,Evora
2025-01-07 13:00:00,13.7,75,0.0,14.3,Evora
2025-01-07 14:00:00,14.4,70,0.0,18.8,Evora
2025-01-07 15:00:00,14.7,71,0.0,16.5,Evora
2025-01-07 16:00:00,14.3,73,0.0,12.3,Evora
2025-01-07 17:00:00,13.6,75,0.0,11.7,Evora
2025-01-07 18:00:00,11.3,85,0.0,9.8,Evora
2025-01-07 19:00:00,10.5,88,0.0,9.3,Evora
2025-01-07 20:00:00,9.9,89,0.0,9.9,Evora
2025-01-07 21:00:00,9.8,89,0.0,10.9,Evora
2025-01-07 22:00:00,9.4,89,0.0,10.3,Evora
2025-01-07 23:00:00,9.1,89,0.0,11.6,Evora
2025-01-08 00:00:00,8.8,91,0.0,13.7,Evora
2025-01-08 01:00:00,9.7,94,0.0,17.0,Evora
2025-01-08 02:00:00,9.8,94,0.0,18.2,Evora
2025-01-08 03:00:00,9.8,94,0.0,16.2,Evora
2025-01-08 04:00:00,9.9,95,0.0,16.1,Evora
2025-01-08 05:00:00,9.8,95,0.0,17.7,Evora
2025-01-08 06:00:00,9.7,95,0.0,18.1,Evora
2025-01-08 07:00:00,9.8,95,0.0,19.5,Evora
2025-01-08 08:00:00,9.8,95,0.0,19.9,Evora
2025-01-08 09:00:00,10.8,92,0.0,22.1,Evora
2025-01-08 10:00:00,12.2,86,0.0,22.9,Evora
2025-01-08 11:00:00,13.9,81,0.0,18.2,Evora
2025-01-08 12:00:00,13.4,91,1.5,22.6,Evora
2025-01-08 13:00:00,14.0,89,0.7,20.5,Evora
2025-01-08 14:00:00,13.5,93,0.9,20.4,Evora
2025-01-08 15:00:00,13.7,96,2.0,21.8,Evora
2025-01-08 16:00:00,13.6,98,2.7,15.9,Evora
2025-01-08 17:00:00,13.7,100,0.1,16.2,Evora
2025-01-08 18:00:00,14.0,100,0.1,13.2,Evora
2025-01-08 19:00:00,13.9,100,0.0,10.0,Evora
2025-01-08 20:00:00,13.8,100,0.0,11.0,Evora
2025-01-08 21:00:00,13.8,100,0.0,11.3,Evora
2025-01-08 22:00:00,13.6,99,0.0,10.6,Evora
2025-01-08 23:00:00,13.5,100,0.0,10.6,Evora
2025-01-09 00:00:00,13.3,100,0.0,10.4,Evora
2025-01-09 01:00:00,12.8,100,0.0,8.8,Evora
2025-01-09 02:00:00,12.8,100,0.0,8.8,Evora
2025-01-09 03:00:00,12.8,100,0.0,8.8,Evora
2025-01-09 04:00:00,12.8,100,0.0,7.5,Evora
2025-01-09 05:00:00,12.8,100,0.0,7.9,Evora
2025-01-09 06:00:00,12.8,100,0.0,7.8,Evora
2025-01-09 07:00:00,12.8,100,0.0,6.6,Evora
2025-01-09 08:00:00,12.7,100,0.0,5.9,Evora
2025-01-09 09:00:00,12.7,99,0.1,9.3,Evora
2025-01-09 10:00:00,12.8,96,0.0,8.3,Evora
2025-01-09 11:00:00,13.6,89,0.0,9.0,Evora
2025-01-09 12:00:00,15.0,78,0.0,9.1,Evora
2025-01-09 13:00:00,15.5,75,0.0,9.5,Evora
2025-01-09 14:00:00,16.0,70,0.0,9.4,Evora
2025-01-09 15:00:00,16.0,68,0.0,7.5,Evora
2025-01-09 16:00:00,15.9,71,0.0,6.2,Evora
2025-01-09 17:00:00,14.0,84,0.0,4.0,Evora
2025-01-09 18:00:00,12.4,85,0.0,3.1,Evora
2025-01-09 19:00:00,11.3,89,0.0,4.3,Evora
2025-01-09 20:00:00,10.5,92,0.0,4.9,Evora
2025-01-09 21:00:00,10.2,94,0.0,5.3,Evora
2025-01-09 22:00:00,9.8,98,0.0,4.0,Evora
2025-01-09 23:00:00,9.4,100,0.0,2.8,Evora
2025-01-10 00:00:00,9.2,100,0.0,2.9,Evora
2025-01-10 01:00:00,9.8,100,0.0,3.3,Evora
2025-01-10 02:00:00,10.3,100,0.0,2.4,Evora
2025-01-10 03:00:00,10.8,100,0.0,2.3,Evora
2025-01-10 04:00:00,11.1,100,0.0,2.8,Evora
2025-01-10 05:00:00,11.1,100,0.0,3.0,Evora
2025-01-10 06:00:00,11.1,100,0.0,2.7,Evora
2025-01-10 07:00:00,11.0,100,0.0,4.9,Evora
2025-01-10 08:00:00,11.0,100,0.0,5.7,Evora
2025-01-10 09:00:00,11.4,99,0.0,6.1,Evora
2025-01-10 10:00:00,11.7,99,0.0,7.7,Evora
2025-01-10 11:00:00,11.9,99,0.0,7.6,Evora
2025-01-10 12:00:00,12.4,97,0.0,7.1,Evora
2025-01-10 13:00:00,14.1,90,0.0,10.3,Evora
2025-01-10 14:00:00,14.5,89,0.1,10.9,Evora
2025-01-10 15:00:00,14.2,93,0.3,9.1,Evora
2025-01-10 16:00:00,14.7,91,0.0,8.5,Evora
2025-01-10 17:00:00,14.4,94,0.0,3.2,Evora
2025-01-10 18:00:00,13.8,95,0.0,5.9,Evora
2025-01-10 19:00:00,13.5,97,0.0,8.4,Evora
2025-01-10 20:00:00,13.6,99,0.0,9.4,Evora
2025-01-10 21:00:00,13.9,99,0.0,8.4,Evora
2025-01-10 22:00:00,13.9,99,0.0,6.9,Evora
2025-01-10 23:00:00,13.9,99,0.1,5.7,Evora
2025-01-11 00:00:00,13.8,99,0.0,6.3,Evora
2025-01-11 01:00:00,13.8,100,0.0,6.7,Evora
2025-01-11 02:00:00,13.8,100,0.0,6.5,Evora
2025-01-11 03:00:00,13.9,99,0.0,7.2,Evora
2025-01-11 04:00:00,13.9,100,0.0,7.3,Evora
2025-01-11 05:00:00,14.0,100,0.0,7.6,Evora
2025-01-11 06:00:00,14.0,100,0.0,7.1,Evora
2025-01-11 07:00:00,14.0,100,0.0,9.1,Evora
2025-01-11 08:00:00,14.0,100,0.0,8.7,Evora
2025-01-11 09:00:00,14.4,99,0.0,9.8,Evora
2025-01-11 10:00:00,14.8,98,0.0,13.0,Evora
2025-01-11 11:00:00,16.2,89,0.0,11.9,Evora
2025-01-11 12:00:00,17.1,83,0.0,13.4,Evora
2025-01-11 13:00:00,17.2,84,0.1,15.6,Evora
2025-01-11 14:00:00,18.2,77,0.0,16.7,Evora
2025-01-11 15:00:00,18.3,75,0.0,16.7,Evora
2025-01-11 16:00:00,18.0,77,0.0,14.2,Evora
2025-01-11 17:00:00,17.1,83,0.0,9.7,Evora
2025-01-11 18:00:00,15.9,91,0.0,10.6,Evora
2025-01-11 19:00:00,14.9,95,0.0,12.5,Evora
2025-01-11 20:00:00,14.5,97,0.0,13.4,Evora
2025-01-11 21:00:00,14.3,98,0.0,13.4,Evora
2025-01-11 22:00:00,14.4,97,0.0,14.8,Evora
2025-01-11 23:00:00,14.1,96,0.0,14.5,Evora
2025-01-12 00:00:00,14.0,96,0.0,13.8,Evora
2025-01-12 01:00:00,14.0,93,0.0,14.0,Evora
2025-01-12 02:00:00,13.4,97,0.0,11.6,Evora
2025-01-12 03:00:00,13.2,97,0.0,13.1,Evora
2025-01-12 04:00:00,12.4,98,0.0,12.7,Evora
2025-01-12 05:00:00,12.4,99,0.0,12.9,Evora
2025-01-12 06:00:00,12.0,99,0.0,12.0,Evora
2025-01-12 07:00:00,11.6,98,0.0,12.3,Evora
2025-01-12 08:00:00,11.4,99,0.0,13.9,Evora
2025-01-12 09:00:00,11.4,97,0.0,13.5,Evora
2025-01-12 10:00:00,12.0,93,0.0,11.5,Evora
2025-01-12 11:00:00,13.6,83,0.0,10.9,Evora
2025-01-12 12:00:00,14.8,71,0.0,11.8,Evora
2025-01-12 13:00:00,16.2,67,0.0,10.8,Evora
2025-01-12 14:00:00,16.4,67,0.0,9.9,Evora
2025-01-12 15:00:00,16.6,67,0.0,5.9,Evora
2025-01-12 16:00:00,16.3,69,0.0,6.3,Evora
2025-01-12 17:00:00,14.8,77,0.0,7.9,Evora
2025-01-12 18:00:00,12.9,84,0.0,11.9,Evora
2025-01-12 19:00:00,12.1,85,0.0,12.4,Evora
2025-01-12 20:00:00,11.4,80,0.0,11.7,Evora
2025-01-12 21:00:00,10.8,77,0.0,11.4,Evora
2025-01-12 22:00:00,9.9,78,0.0,9.1,Evora
2025-01-12 23:00:00,9.2,79,0.0,8.6,Evora
2025-01-13 00:00:00,8.7,78,0.0,10.0,Evora
2025-01-13 01:00:00,8.7,73,0.0,11.4,Evora
2025-01-13 02:00:00,8.5,63,0.0,12.0,Evora
2025-01-13 03:00:00,8.1,54,0.0,11.7,Evora
2025-01-13 04:00:00,7.2,56,0.0,9.7,Evora
2025-01-13 05:00:00,6.1,64,0.0,7.8,Evora
2025-01-13 06:00:00,5.9,65,0.0,8.8,Evora
2025-01-13 07:00:00,5.4,68,0.0,9.3,Evora
2025-01-13 08:00:00,4.9,73,0.0,8.3,Evora
2025-01-13 09:00:00,6.5,74,0.0,9.6,Evora
2025-01-13 10:00:00,9.2,72,0.0,6.6,Evora
2025-01-13 11:00:00,10.8,68,0.0,8.0,Evora
2025-01-13 12:00:00,12.0,63,0.0,10.4,Evora
2025-01-13 13:00:00,13.4,56,0.0,6.8,Evora
2025-01-13 14:00:00,14.3,57,0.0,3.6,Evora
2025-01-13 15:00:00,14.7,59,0.0,3.6,Evora
2025-01-13 16:00:00,14.5,61,0.0,4.5,Evora
2025-01-13 17:00:00,12.5,72,0.0,2.8,Evora
2025-01-13 18:00:00,9.0,79,0.0,6.2,Evora
2025-01-13 19:00:00,8.7,73,0.0,10.0,Evora
2025-01-13 20:00:00,7.8,71,0.0,8.7,Evora
2025-01-13 21:00:00,6.8,72,0.0,7.5,Evora
2025-01-13 22:00:00,6.3,73,0.0,10.5,Evora
2025-01-13 23:00:00,5.8,69,0.0,11.8,Evora
2025-01-14 00:00:00,5.0,75,0.0,11.3,Evora
2025-01-14 01:00:00,4.7,77,0.0,11.4,Evora
2025-01-14 02:00:00,4.4,80,0.0,10.1,Evora
2025-01-14 03:00:00,4.0,81,0.0,10.2,Evora
2025-01-14 04:00:00,4.2,77,0.0,12.0,Evora
2025-01-14 05:00:00,4.0,75,0.0,11.5,Evora
2025-01-14 06:00:00,3.4,75,0.0,11.7,Evora
2025-01-14 07:00:00,3.1,73,0.0,12.4,Evora
2025-01-14 08:00:00,3.0,68,0.0,13.4,Evora
2025-01-14 09:00:00,4.4,62,0.0,13.8,Evora
2025-01-14 10:00:00,6.7,59,0.0,12.2,Evora
2025-01-14 11:00:00,8.5,54,0.0,12.1,Evora
2025-01-14 12:00:00,9.8,49,0.0,13.0,Evora
2025-01-14 13:00:00,11.1,47,0.0,12.6,Evora
2025-01-14 14:00:00,11.7,47,0.0,11.4,Evora
2025-01-14 15:00:00,11.9,49,0.0,10.0,Evora
2025-01-14 16:00:00,11.5,52,0.0,8.5,Evora
2025-01-14 17:00:00,9.6,66,0.0,5.8,Evora
2025-01-14 18:00:00,7.6,68,0.0,8.5,Evora
2025-01-14 19:00:00,6.7,66,0.0,10.4,Evora
2025-01-14 20:00:00,5.9,64,0.0,9.7,Evora
2025-01-14 21:00:00,5.3,65,0.0,10.3,Evora
2025-01-14 22:00:00,5.1,63,0.0,11.6,Evora
2025-01-14 23:00:00,4.9,62,0.0,11.4,Evora
2025-01-15 00:00:00,4.5,64,0.0,10.8,Evora
2025-01-15 01:00:00,4.1,65,0.0,8.6,Evora
2025-01-15 02:00:00,3.4,70,0.0,7.8,Evora
2025-01-15 03:00:00,3.1,72,0.0,8.1,Evora
2025-01-15 04:00:00,2.8,72,0.0,8.0,Evora
2025-01-15 05:00:00,1.9,75,0.0,7.0,Evora
2025-01-15 06:00:00,1.1,77,0.0,6.5,Evora
2025-01-15 07:00:00,0.7,75,0.0,6.1,Evora
2025-01-15 08:00:00,0.8,72,0.0,4.2,Evora
2025-01-15 09:00:00,3.3,67,0.0,5.3,Evora
2025-01-15 10:00:00,5.9,68,0.0,3.6,Evora
2025-01-15 11:00:00,8.5,63,0.0,2.8,Evora
2025-01-15 12:00:00,10.7,55,0.0,2.5,Evora
2025-01-15 13:00:00,12.5,46,0.0,1.2,Evora
2025-01-15 14:00:00,13.3,40,0.0,1.0,Evora
2025-01-15 15:00:00,13.7,42,0.0,3.3,Evora
2025-01-15 16:00:00,13.2,51,0.0,5.4,Evora
2025-01-15 17:00:00,10.6,65,0.0,6.8,Evora
2025-01-15 18:00:00,7.7,70,0.0,8.1,Evora
2025-01-15 19:00:00,6.6,69,0.0,9.3,Evora
2025-01-15 20:00:00,5.9,68,0.0,9.3,Evora
2025-01-15 21:00:00,5.8,72,0.0,10.5,Evora
2025-01-15 22:00:00,5.5,74,0.0,11.2,Evora
2025-01-15 23:00:00,5.1,76,0.0,11.5,Evora
2025-01-16 00:00:00,4.4,81,0.0,11.8,Evora
2025-01-16 01:00:00,4.7,76,0.0,11.7,Evora
2025-01-16 02:00:00,4.2,78,0.0,11.0,Evora
2025-01-16 03:00:00,4.0,78,0.0,11.8,Evora
2025-01-16 04:00:00,3.9,75,0.0,11.9,Evora
2025-01-16 05:00:00,3.7,72,0.0,11.8,Evora
2025-01-16 06:00:00,3.8,69,0.0,12.7,Evora
2025-01-16 07:00:00,4.3,61,0.0,14.0,Evora
2025-01-16 08:00:00,4.7,55,0.0,14.4,Evora
2025-01-16 09:00:00,6.2,54,0.0,13.9,Evora
2025-01-16 10:00:00,8.4,57,0.0,11.2,Evora
2025-01-16 11:00:00,10.2,54,0.0,8.0,Evora
2025-01-16 12:00:00,11.4,49,0.0,6.4,Evora
2025-01-16 13:00:00,12.9,49,0.0,5.2,Evora
2025-01-16 14:00:00,13.5,49,0.0,6.9,Evora
2025-01-16 15:00:00,13.7,49,0.0,8.9,Evora
2025-01-16 16:00:00,13.4,54,0.0,9.0,Evora
2025-01-16 17:00:00,11.2,72,0.0,5.0,Evora
2025-01-16 18:00:00,8.4,77,0.0,5.6,Evora
2025-01-16 19:00:00,8.5,78,0.0,10.6,Evora
2025-01-16 20:00:00,8.5,78,0.0,12.2,Evora
2025-01-16 21:00:00,7.9,84,0.0,11.8,Evora
2025-01-16 22:00:00,7.1,89,0.0,10.8,Evora
2025-01-16 23:00:00,6.3,92,0.0,9.2,Evora
2025-01-17 00:00:00,5.8,93,0.0,8.3,Evora
2025-01-17 01:00:00,5.7,95,0.0,10.7,Evora
2025-01-17 02:00:00,5.8,90,0.0,11.4,Evora
2025-01-17 03:00:00,6.1,77,0.0,13.7,Evora
2025-01-17 04:00:00,6.0,71,0.0,16.0,Evora
2025-01-17 05:00:00,5.7,70,0.0,17.8,Evora
2025-01-17 06:00:00,5.3,72,0.0,18.8,Evora
2025-01-17 07:00:00,4.9,74,0.0,19.0,Evora
2025-01-17 08:00:00,4.4,76,0.0,18.6,Evora
2025-01-17 09:00:00,5.3,74,0.0,19.1,Evora
2025-01-17 10:00:00,6.8,72,0.0,17.4,Evora
2025-01-17 11:00:00,8.4,68,0.0,19.2,Evora
2025-01-17 12:00:00,10.0,62,0.0,18.6,Evora
2025-01-17 13:00:00,11.6,61,0.0,15.1,Evora
2025-01-17 14:00:00,12.4,58,0.0,15.4,Evora
2025-01-17 15:00:00,12.4,57,0.0,16.9,Evora
2025-01-17 16:00:00,11.9,59,0.0,15.1,Evora
2025-01-17 17:00:00,10.6,66,0.0,10.8,Evora
2025-01-17 18:00:00,8.8,72,0.0,12.5,Evora
2025-01-17 19:00:00,8.3,71,0.0,16.2,Evora
2025-01-17 20:00:00,8.1,67,0.0,16.9,Evora
2025-01-17 21:00:00,7.6,68,0.0,15.6,Evora
2025-01-17 22:00:00,6.8,71,0.0,13.9,Evora
2025-01-17 23:00:00,6.1,73,0.0,13.0,Evora
2025-01-18 00:00:00,5.3,78,0.0,10.5,Evora
2025-01-18 01:00:00,4.8,79,0.0,7.6,Evora
2025-01-18 02:00:00,4.1,83,0.0,6.5,Evora
2025-01-18 03:00:00,3.6,85,0.0,6.7,Evora
2025-01-18 04:00:00,3.5,86,0.0,7.2,Evora
2025-01-18 05:00:00,2.7,88,0.0,6.2,Evora
2025-01-18 06:00:00,2.2,88,0.0,5.8,Evora
2025-01-18 07:00:00,2.0,89,0.0,6.2,Evora
2025-01-18 08:00:00,1.9,90,0.0,6.3,Evora
2025-01-18 09:00:00,4.2,85,0.0,7.7,Evora
2025-01-18 10:00:00,6.7,79,0.0,5.2,Evora
2025-01-18 11:00:00,9.1,72,0.0,4.9,Evora
2025-01-18 12:00:00,11.0,64,0.0,3.9,Evora
2025-01-18 13:00:00,12.7,58,0.0,1.4,Evora
2025-01-18 14:00:00,13.3,54,0.0,1.5,Evora
2025-01-18 15:00:00,13.3,53,0.0,1.6,Evora
2025-01-18 16:00:00,13.0,54,0.0,2.5,Evora
2025-01-18 17:00:00,11.5,69,0.0,1.9,Evora
2025-01-18 18:00:00,9.1,71,0.0,1.9,Evora
2025-01-18 19:00:00,8.3,72,0.0,2.0,Evora
2025-01-18 20:00:00,7.6,73,0.0,2.2,Evora
2025-01-18 21:00:00,7.1,74,0.0,2.2,Evora
2025-01-18 22:00:00,6.8,74,0.0,2.3,Evora
2025-01-18 23:00:00,6.2,76,0.0,2.2,Evora
2025-01-19 00:00:00,5.7,78,0.0,1.0,Evora
2025-01-19 01:00:00,5.2,78,0.0,0.5,Evora
2025-01-19 02:00:00,4.2,82,0.0,1.4,Evora
2025-01-19 03:00:00,3.1,87,0.0,2.6,Evora
2025-01-19 04:00:00,2.1,92,0.0,5.5,Evora
2025-01-19 05:00:00,2.8,95,0.0,6.2,Evora
2025-01-19 06:00:00,2.8,97,0.0,4.3,Evora
2025-01-19 07:00:00,3.4,97,0.0,4.9,Evora
2025-01-19 08:00:00,3.2,97,0.0,6.9,Evora
2025-01-19 09:00:00,5.0,91,0.0,7.2,Evora
2025-01-19 10:00:00,7.6,84,0.0,5.9,Evora
2025-01-19 11:00:00,10.5,73,0.0,9.0,Evora
2025-01-19 12:00:00,11.6,67,0.0,8.8,Evora
2025-01-19 13:00:00,10.7,71,0.0,10.2,Evora
2025-01-19 14:00:00,10.2,74,0.0,8.6,Evora
2025-01-19 15:00:00,9.9,79,0.0,7.4,Evora
2025-01-19 16:00:00,10.5,81,0.0,8.3,Evora
2025-01-19 17:00:00,10.4,82,0.2,10.7,Evora
2025-01-19 18:00:00,10.1,84,0.1,13.0,Evora
2025-01-19 19:00:00,10.2,82,0.0,14.2,Evora
2025-01-19 20:00:00,10.0,85,0.0,12.9,Evora
2025-01-19 21:00:00,9.9,89,0.0,13.2,Evora
2025-01-19 22:00:00,10.2,89,0.0,13.7,Evora
2025-01-19 23:00:00,10.3,90,0.0,13.8,Evora
2025-01-20 00:00:00,10.6,90,0.0,15.2,Evora
2025-01-20 01:00:00,10.9,94,0.0,18.3,Evora
2025-01-20 02:00:00,11.2,95,0.1,18.8,Evora
2025-01-20 03:00:00,11.4,96,0.1,20.1,Evora
2025-01-20 04:00:00,11.4,96,0.2,18.5,Evora
2025-01-20 05:00:00,11.4,96,0.5,15.5,Evora
2025-01-20 06:00:00,11.6,98,0.2,17.5,Evora
2025-01-20 07:00:00,11.7,98,0.1,16.8,Evora
2025-01-20 08:00:00,11.8,97,0.0,17.0,Evora
2025-01-20 09:00:00,12.2,97,0.0,17.5,Evora
2025-01-20 10:00:00,12.4,99,0.3,15.3,Evora
2025-01-20 11:00:00,12.9,99,1.6,14.1,Evora
2025-01-20 12:00:00,13.5,99,1.7,14.2,Evora
2025-01-20 13:00:00,14.1,99,1.1,11.7,Evora
2025-01-20 14:00:00,14.1,99,1.9,14.1,Evora
2025-01-20 15:00:00,14.0,99,2.1,13.8,Evora
2025-01-20 16:00:00,14.0,99,4.7,12.2,Evora
2025-01-20 17:00:00,13.6,99,2.5,10.0,Evora
2025-01-20 18:00:00,13.6,99,0.7,13.5,Evora
2025-01-20 19:00:00,13.5,99,2.6,12.0,Evora
2025-01-20 20:00:00,13.5,99,1.3,15.1,Evora
2025-01-20 21:00:00,13.7,99,2.1,17.4,Evora
2025-01-20 22:00:00,13.5,98,1.1,16.1,Evora
2025-01-20 23:00:00,13.7,98,0.2,18.5,Evora
2025-01-21 00:00:00,13.5,98,0.1,20.9,Evora
2025-01-21 01:00:00,13.3,98,1.3,15.3,Evora
2025-01-21 02:00:00,13.8,98,0.1,19.8,Evora
2025-01-21 03:00:00,13.4,99,0.8,20.2,Evora
2025-01-21 04:00:00,13.6,99,6.2,22.2,Evora
2025-01-21 05:00:00,13.7,99,2.5,18.6,Evora
2025-01-21 06:00:00,13.2,98,3.0,14.2,Evora
2025-01-21 07:00:00,13.0,99,2.7,16.2,Evora
2025-01-21 08:00:00,13.4,99,1.3,19.7,Evora
2025-01-21 09:00:00,14.0,97,0.0,18.5,Evora
2025-01-21 10:00:00,14.2,95,0.2,23.4,Evora
2025-01-21 11:00:00,14.3,91,0.2,23.4,Evora
2025-01-21 12:00:00,15.1,89,0.3,23.9,Evora
2025-01-21 13:00:00,14.5,93,0.1,26.6,Evora
2025-01-21 14:00:00,14.1,90,0.4,27.5,Evora
2025-01-21 15:00:00,14.8,93,0.1,21.3,Evora
2025-01-21 16:00:00,14.9,87,0.1,16.6,Evora
2025-01-21 17:00:00,14.5,91,0.2,18.2,Evora
2025-01-21 18:00:00,13.8,94,0.2,19.1,Evora
2025-01-21 19:00:00,13.5,96,0.1,19.6,Evora
2025-01-21 20:00:00,13.4,97,0.1,19.1,Evora
2025-01-21 21:00:00,13.6,97,0.1,20.4,Evora
2025-01-21 22:00:00,13.0,96,0.1,21.5,Evora
2025-01-21 23:00:00,12.7,95,1.1,20.2,Evora
2025-01-22 00:00:00,12.7,97,0.4,22.7,Evora
2025-01-22 01:00:00,12.2,97,2.5,18.4,Evora
2025-01-22 02:00:00,12.0,97,3.3,17.5,Evora
2025-01-22 03:00:00,11.8,99,1.1,17.5,Evora
2025-01-22 04:00:00,12.7,95,0.6,21.8,Evora
2025-01-22 05:00:00,13.0,95,0.1,22.5,Evora
2025-01-22 06:00:00,12.3,98,0.5,19.8,Evora
2025-01-22 07:00:00,12.4,98,0.2,20.3,Evora
2025-01-22 08:00:00,12.3,96,0.1,20.5,Evora
2025-01-22 09:00:00,12.7,99,0.3,20.3,Evora
2025-01-22 10:00:00,13.4,93,2.1,25.3,Evora
2025-01-22 11:00:00,14.2,93,0.4,24.5,Evora
2025-01-22 12:00:00,14.6,91,8.9,24.1,Evora
2025-01-22 13:00:00,13.5,88,1.1,25.3,Evora
2025-01-22 14:00:00,14.9,83,0.2,19.3,Evora
2025-01-22 15:00:00,14.7,85,0.1,22.3,Evora
2025-01-22 16:00:00,14.4,84,0.5,22.5,Evora
2025-01-22 17:00:00,13.5,94,3.1,22.4,Evora
2025-01-22 18:00:00,12.9,96,0.9,19.1,Evora
2025-01-22 19:00:00,12.8,94,0.6,21.3,Evora
2025-01-22 20:00:00,12.2,95,0.3,19.2,Evora
2025-01-22 21:00:00,12.5,95,0.3,19.9,Evora
2025-01-22 22:00:00,12.8,96,0.0,22.7,Evora
2025-01-22 23:00:00,12.6,97,0.1,20.7,Evora
2025-01-23 00:00:00,12.4,97,0.2,16.2,Evora
2025-01-23 01:00:00,13.1,99,0.1,16.4,Evora
2025-01-23 02:00:00,13.1,97,0.2,19.8,Evora
2025-01-23 03:00:00,12.8,99,0.4,19.3,Evora
2025-01-23 04:00:00,12.6,100,0.1,15.0,Evora
2025-01-23 05:00:00,12.4,99,0.1,11.1,Evora
2025-01-23 06:00:00,12.3,100,0.2,7.6,Evora
2025-01-23 07:00:00,12.2,100,0.1,4.8,Evora
2025-01-23 08:00:00,12.2,100,0.0,5.4,Evora
2025-01-23 09:00:00,12.4,99,0.0,3.7,Evora
2025-01-23 10:00:00,13.0,96,0.1,6.9,Evora
2025-01-23 11:00:00,13.8,91,0.2,10.8,Evora
2025-01-23 12:00:00,14.7,86,0.1,11.2,Evora
2025-01-23 13:00:00,16.8,73,0.0,6.9,Evora
2025-01-23 14:00:00,17.0,71,0.0,6.2,Evora
2025-01-23 15:00:00,17.0,71,0.1,3.1,Evora
2025-01-23 16:00:00,16.8,73,0.1,3.7,Evora
2025-01-23 17:00:00,15.7,83,0.0,5.1,Evora
2025-01-23 18:00:00,14.2,90,0.1,4.9,Evora
2025-01-23 19:00:00,13.7,93,0.0,5.6,Evora
2025-01-23 20:00:00,13.1,95,0.0,5.9,Evora
2025-01-23 21:00:00,12.3,96,0.0,7.8,Evora
2025-01-23 22:00:00,11.8,97,0.0,6.6,Evora
2025-01-23 23:00:00,10.6,98,0.0,1.9,Evora
2025-01-24 00:00:00,10.5,100,0.0,5.2,Evora
2025-01-24 01:00:00,11.2,100,0.0,1.5,Evora
2025-01-24 02:00:00,11.5,99,0.0,3.9,Evora
2025-01-24 03:00:00,11.7,99,0.1,5.0,Evora
2025-01-24 04:00:00,11.9,99,0.1,5.4,Evora
2025-01-24 05:00:00,11.7,100,0.0,7.9,Evora
2025-01-24 06:00:00,11.4,100,0.0,7.5,Evora
2025-01-24 07:00:00,11.2,100,0.0,8.3,Evora
2025-01-24 08:00:00,11.2,99,0.0,7.9,Evora
2025-01-24 09:00:00,11.6,96,0.0,8.2,Evora
2025-01-24 10:00:00,12.1,92,0.0,11.7,Evora
2025-01-24 11:00:00,13.2,84,0.1,13.9,Evora
2025-01-24 12:00:00,13.7,79,0.2,15.9,Evora
2025-01-24 13:00:00,13.0,81,0.1,14.9,Evora
2025-01-24 14:00:00,13.3,79,0.0,16.6,Evora
2025-01-24 15:00:00,13.4,78,0.1,16.5,Evora
2025-01-24 16:00:00,13.3,79,0.2,15.7,Evora
2025-01-24 17:00:00,13.0,80,0.0,12.4,Evora
2025-01-24 18:00:00,12.4,81,0.0,12.7,Evora
2025-01-24 19:00:00,12.1,80,0.0,13.6,Evora
2025-01-24 20:00:00,11.6,81,0.1,13.8,Evora
2025-01-24 21:00:00,11.3,83,0.0,14.7,Evora
2025-01-24 22:00:00,11.0,85,0.0,15.6,Evora
2025-01-24 23:00:00,10.5,88,0.0,15.1,Evora
2025-01-25 00:00:00,9.8,91,0.0,15.5,Evora
2025-01-25 01:00:00,10.9,87,0.0,18.4,Evora
2025-01-25 02:00:00,11.4,82,0.0,19.2,Evora
2025-01-25 03:00:00,11.4,84,0.1,18.2,Evora
2025-01-25 04:00:00,11.2,87,0.2,18.3,Evora
2025-01-25 05:00:00,11.4,90,0.3,20.7,Evora
2025-01-25 06:00:00,11.5,96,2.3,21.3,Evora
2025-01-25 07:00:00,11.4,98,3.3,16.8,Evora
2025-01-25 08:00:00,12.3,99,0.4,11.8,Evora
2025-01-25 09:00:00,12.6,95,0.0,12.5,Evora
2025-01-25 10:00:00,13.6,89,0.0,13.3,Evora
2025-01-25 11:00:00,14.3,81,0.0,14.0,Evora
2025-01-25 12:00:00,15.0,73,0.0,10.9,Evora
2025-01-25 13:00:00,15.6,63,0.0,14.6,Evora
2025-01-25 14:00:00,15.6,62,0.0,13.4,Evora
2025-01-25 15:00:00,15.3,61,0.0,11.7,Evora
2025-01-25 16:00:00,15.2,62,0.0,12.1,Evora
2025-01-25 17:00:00,14.1,71,0.0,8.0,Evora
2025-01-25 18:00:00,11.7,82,0.0,7.1,Evora
2025-01-25 19:00:00,10.2,89,0.0,5.8,Evora
2025-01-25 20:00:00,8.9,91,0.0,5.1,Evora
2025-01-25 21:00:00,8.2,94,0.0,4.4,Evora
2025-01-25 22:00:00,7.4,97,0.0,5.9,Evora
2025-01-25 23:00:00,7.4,96,0.0,6.3,Evora
2025-01-26 00:00:00,7.6,96,0.0,7.3,Evora
2025-01-26 01:00:00,8.3,96,0.0,9.9,Evora
2025-01-26 02:00:00,8.1,95,0.0,9.0,Evora
2025-01-26 03:00:00,8.3,94,0.0,11.9,Evora
2025-01-26 04:00:00,8.4,93,0.0,12.3,Evora
2025-01-26 05:00:00,8.5,92,0.0,13.3,Evora
2025-01-26 06:00:00,8.8,92,0.0,14.9,Evora
2025-01-26 07:00:00,9.4,95,0.0,15.8,Evora
2025-01-26 08:00:00,9.7,96,0.0,13.8,Evora
2025-01-26 09:00:00,11.0,95,0.0,15.7,Evora
2025-01-26 10:00:00,12.4,91,0.0,18.2,Evora
2025-01-26 11:00:00,13.5,88,0.0,23.7,Evora
2025-01-26 12:00:00,14.8,83,0.0,27.3,Evora
2025-01-26 13:00:00,14.8,88,0.3,28.3,Evora
2025-01-26 14:00:00,15.2,88,0.1,21.3,Evora
2025-01-26 15:00:00,15.8,86,0.4,26.6,Evora
2025-01-26 16:00:00,15.9,87,0.2,24.7,Evora
2025-01-26 17:00:00,15.5,91,0.5,26.5,Evora
2025-01-26 18:00:00,15.2,95,0.0,25.7,Evora
2025-01-26 19:00:00,15.2,96,0.3,26.1,Evora
2025-01-26 20:00:00,15.1,97,0.1,25.2,Evora
2025-01-26 21:00:00,15.1,98,0.3,26.7,Evora
2025-01-26 22:00:00,15.1,97,0.1,28.0,Evora
2025-01-26 23:00:00,15.0,98,0.2,27.1,Evora
2025-01-27 00:00:00,14.9,98,0.2,24.8,Evora
2025-01-27 01:00:00,14.9,98,0.1,29.5,Evora
2025-01-27 02:00:00,14.9,99,0.1,27.6,Evora
2025-01-27 03:00:00,14.8,99,0.2,25.4,Evora
2025-01-27 04:00:00,14.8,98,0.4,27.5,Evora
2025-01-27 05:00:00,14.8,97,0.5,30.0,Evora
2025-01-27 06:00:00,14.6,96,0.5,35.3,Evora
2025-01-27 07:00:00,14.3,98,3.6,26.5,Evora
2025-01-27 08:00:00,14.3,98,10.6,26.3,Evora
2025-01-27 09:00:00,14.2,96,2.4,20.1,Evora
2025-01-27 10:00:00,14.4,93,0.0,24.4,Evora
2025-01-27 11:00:00,14.2,97,0.0,23.4,Evora
2025-01-27 12:00:00,14.8,88,0.1,25.8,Evora
2025-01-27 13:00:00,14.6,90,0.2,22.1,Evora
2025-01-27 14:00:00,14.8,90,0.1,26.1,Evora
2025-01-27 15:00:00,14.1,85,0.2,22.3,Evora
2025-01-27 16:00:00,14.2,75,0.1,30.3,Evora
2025-01-27 17:00:00,13.2,77,0.1,32.8,Evora
2025-01-27 18:00:00,12.1,79,0.1,29.7,Evora
2025-01-27 19:00:00,11.7,75,0.0,25.6,Evora
2025-01-27 20:00:00,11.1,72,0.0,22.6,Evora
2025-01-27 21:00:00,10.7,72,0.0,20.1,Evora
2025-01-27 22:00:00,10.4,73,0.0,18.0,Evora
2025-01-27 23:00:00,9.9,76,0.0,16.8,Evora
2025-01-28 00:00:00,9.8,79,0.0,19.6,Evora
2025-01-28 01:00:00,10.5,78,0.0,25.1,Evora
2025-01-28 02:00:00,10.0,82,0.1,27.6,Evora
2025-01-28 03:00:00,9.7,91,0.6,26.6,Evora
2025-01-28 04:00:00,9.9,94,0.6,25.5,Evora
2025-01-28 05:00:00,9.8,92,0.3,25.1,Evora
2025-01-28 06:00:00,9.4,93,1.3,26.8,Evora
2025-01-28 07:00:00,8.8,92,0.7,23.1,Evora
2025-01-28 08:00:00,8.3,91,0.4,19.9,Evora
2025-01-28 09:00:00,8.8,87,0.0,18.9,Evora
2025-01-28 10:00:00,10.4,75,0.0,20.5,Evora
2025-01-28 11:00:00,11.6,65,0.0,22.0,Evora
2025-01-28 12:00:00,12.6,59,0.0,22.5,Evora
2025-01-28 13:00:00,13.0,56,0.0,24.6,Evora
2025-01-28 14:00:00,13.2,54,0.0,22.7,Evora
2025-01-28 15:00:00,13.2,54,0.0,20.3,Evora
2025-01-28 16:00:00,13.1,54,0.0,17.1,Evora
2025-01-28 17:00:00,12.0,61,0.0,12.8,Evora
2025-01-28 18:00:00,10.0,69,0.0,9.6,Evora
2025-01-28 19:00:00,8.8,75,0.0,10.7,Evora
2025-01-28 20:00:00,7.9,80,0.0,8.4,Evora
2025-01-28 21:00:00,6.8,86,0.0,6.3,Evora
2025-01-28 22:00:00,6.7,87,0.0,7.1,Evora
2025-01-28 23:00:00,6.9,86,0.0,6.5,Evora
2025-01-29 00:00:00,6.3,89,0.0,6.5,Evora
2025-01-29 01:00:00,8.6,85,0.0,7.8,Evora
2025-01-29 02:00:00,8.5,86,0.0,11.2,Evora
2025-01-29 03:00:00,8.6,85,0.0,12.4,Evora
2025-01-29 04:00:00,8.9,87,0.0,13.4,Evora
2025-01-29 05:00:00,9.3,86,0.0,15.9,Evora
2025-01-29 06:00:00,9.6,87,0.1,16.1,Evora
2025-01-29 07:00:00,9.8,90,0.1,16.3,Evora
2025-01-29 08:00:00,10.4,92,0.2,19.0,Evora
2025-01-29 09:00:00,11.0,92,0.1,21.3,Evora
2025-01-29 10:00:00,11.9,89,0.3,25.5,Evora
2025-01-29 11:00:00,11.0,96,2.4,23.4,Evora
2025-01-29 12:00:00,11.1,97,1.6,29.8,Evora
2025-01-29 13:00:00,12.5,92,1.3,36.2,Evora
2025-01-29 14:00:00,12.0,96,0.8,26.8,Evora
2025-01-29 15:00:00,12.5,86,0.1,20.8,Evora
2025-01-29 16:00:00,12.4,79,0.2,23.1,Evora
2025-01-29 17:00:00,11.3,75,0.1,23.4,Evora
2025-01-29 18:00:00,8.9,82,0.7,26.6,Evora
2025-01-29 19:00:00,8.6,87,0.0,24.7,Evora
2025-01-29 20:00:00,8.6,85,0.0,24.5,Evora
2025-01-29 21:00:00,8.3,83,0.0,25.2,Evora
2025-01-29 22:00:00,7.8,85,0.0,24.7,Evora
2025-01-29 23:00:00,7.9,86,0.0,24.7,Evora
2025-01-30 00:00:00,7.7,87,0.0,23.7,Evora
2025-01-30 01:00:00,7.8,87,0.0,23.8,Evora
2025-01-30 02:00:00,7.9,88,0.0,25.1,Evora
2025-01-30 03:00:00,8.0,85,0.0,28.0,Evora
2025-01-30 04:00:00,8.3,76,0.0,33.3,Evora
2025-01-30 05:00:00,8.1,74,0.0,32.5,Evora
2025-01-30 06:00:00,7.8,72,0.0,29.3,Evora
2025-01-30 07:00:00,7.6,69,0.0,26.7,Evora
2025-01-30 08:00:00,7.2,67,0.0,23.3,Evora
2025-01-30 09:00:00,7.8,67,0.0,21.3,Evora
2025-01-30 10:00:00,9.2,64,0.0,19.8,Evora
2025-01-30 11:00:00,10.2,60,0.0,22.4,Evora
2025-01-30 12:00:00,11.2,57,0.0,20.6,Evora
2025-01-30 13:00:00,12.3,52,0.0,20.1,Evora
2025-01-30 14:00:00,12.3,50,0.0,21.3,Evora
2025-01-30 15:00:00,12.2,50,0.0,20.4,Evora
2025-01-30 16:00:00,11.9,51,0.0,19.7,Evora
2025-01-30 17:00:00,10.9,56,0.0,17.7,Evora
2025-01-30 18:00:00,9.3,63,0.0,15.4,Evora
2025-01-30 19:00:00,8.4,66,0.0,16.6,Evora
2025-01-30 20:00:00,8.0,67,0.0,19.3,Evora
2025-01-30 21:00:00,7.4,70,0.0,19.6,Evora
2025-01-30 22:00:00,7.1,71,0.0,19.4,Evora
2025-01-30 23:00:00,6.9,72,0.0,19.3,Evora
2025-01-31 00:00:00,7.0,71,0.0,18.4,Evora
2025-01-31 01:00:00,8.1,73,0.0,15.4,Evora
2025-01-31 02:00:00,7.1,77,0.0,14.3,Evora
2025-01-31 03:00:00,6.3,80,0.0,13.3,Evora
2025-01-31 04:00:00,6.1,81,0.0,13.5,Evora
2025-01-31 05:00:00,5.9,80,0.0,13.6,Evora
2025-01-31 06:00:00,5.6,80,0.0,13.4,Evora
2025-01-31 07:00:00,5.2,79,0.0,13.6,Evora
2025-01-31 08:00:00,5.0,77,0.0,14.2,Evora
2025-01-31 09:00:00,6.5,74,0.0,14.6,Evora
2025-01-31 10:00:00,8.3,66,0.0,13.5,Evora
2025-01-31 11:00:00,9.9,60,0.0,13.1,Evora
2025-01-31 12:00:00,11.1,57,0.0,12.6,Evora
2025-01-31 13:00:00,13.0,53,0.0,10.4,Evora
2025-01-31 14:00:00,13.5,49,0.0,10.0,Evora
2025-01-31 15:00:00,13.5,50,0.0,9.4,Evora
2025-01-31 16:00:00,13.2,52,0.0,9.3,Evora
2025-01-31 17:00:00,11.9,64,0.0,6.5,Evora
2025-01-31 18:00:00,8.7,74,0.0,5.6,Evora
2025-01-31 19:00:00,7.5,76,0.0,5.8,Evora
2025-01-31 20:00:00,7.1,74,0.0,6.2,Evora
2025-01-31 21:00:00,6.7,76,0.0,6.4,Evora
2025-01-31 22:00:00,6.8,75,0.0,9.1,Evora
2025-01-31 23:00:00,6.7,76,0.0,10.1,Evora
2025-02-01 00:00:00,6.3,80,0.0,9.2,Evora
2025-02-01 01:00:00,6.0,82,0.0,8.4,Evora
2025-02-01 02:00:00,5.6,83,0.0,8.3,Evora
2025-02-01 03:00:00,5.7,82,0.0,9.4,Evora
2025-02-01 04:00:00,6.0,79,0.0,9.3,Evora
2025-02-01 05:00:00,6.5,74,0.0,12.0,Evora
2025-02-01 06:00:00,6.1,74,0.0,11.2,Evora
2025-02-01 07:00:00,6.2,79,0.0,12.7,Evora
2025-02-01 08:00:00,7.0,87,0.0,14.9,Evora
2025-02-01 09:00:00,9.1,92,0.0,18.4,Evora
2025-02-01 10:00:00,9.8,91,0.0,19.3,Evora
2025-02-01 11:00:00,11.5,83,0.0,19.2,Evora
2025-02-01 12:00:00,13.0,75,0.0,18.5,Evora
2025-02-01 13:00:00,13.8,70,0.0,18.4,Evora
2025-02-01 14:00:00,15.5,60,0.0,19.0,Evora
2025-02-01 15:00:00,15.3,66,0.0,18.9,Evora
2025-02-01 16:00:00,14.8,72,0.0,18.6,Evora
2025-02-01 17:00:00,14.1,76,0.0,16.9,Evora
2025-02-01 18:00:00,13.0,81,0.0,16.2,Evora
2025-02-01 19:00:00,12.2,87,0.0,15.9,Evora
2025-02-01 20:00:00,11.2,94,0.0,14.5,Evora
2025-02-01 21:00:00,10.8,95,0.0,15.2,Evora
2025-02-01 22:00:00,10.6,96,0.0,16.3,Evora
2025-02-01 23:00:00,10.7,96,0.0,16.4,Evora
2025-02-02 00:00:00,11.0,97,0.0,14.0,Evora
2025-02-02 01:00:00,11.5,98,0.0,13.6,Evora
2025-02-02 02:00:00,11.8,96,0.0,16.1,Evora
2025-02-02 03:00:00,11.9,93,0.0,15.9,Evora
2025-02-02 04:00:00,11.6,95,0.0,17.3,Evora
2025-02-02 05:00:00,11.6,94,0.0,15.5,Evora
2025-02-02 06:00:00,11.3,95,0.0,13.6,Evora
2025-02-02 07:00:00,11.0,96,0.0,12.9,Evora
2025-02-02 08:00:00,10.7,97,0.0,12.4,Evora
2025-02-02 09:00:00,11.4,94,0.0,14.7,Evora
2025-02-02 10:00:00,11.8,91,0.2,14.0,Evora
2025-02-02 11:00:00,12.0,89,1.6,12.7,Evora
2025-02-02 12:00:00,12.4,88,0.6,13.2,Evora
2025-02-02 13:00:00,12.5,88,0.2,14.6,Evora
2025-02-02 14:00:00,12.8,84,0.2,19.6,Evora
2025-02-02 15:00:00,13.8,71,0.0,18.6,Evora
2025-02-02 16:00:00,13.9,65,0.0,18.1,Evora
2025-02-02 17:00:00,12.8,67,0.0,16.5,Evora
2025-02-02 18:00:00,10.9,67,0.0,17.3,Evora
2025-02-02 19:00:00,9.8,72,0.0,18.9,Evora
2025-02-02 20:00:00,9.2,77,0.0,19.9,Evora
2025-02-02 21:00:00,8.6,79,0.0,18.8,Evora
2025-02-02 22:00:00,7.8,79,0.0,18.4,Evora
2025-02-02 23:00:00,7.7,76,0.0,18.7,Evora
2025-02-03 00:00:00,8.2,70,0.0,17.7,Evora
2025-02-03 01:00:00,8.4,70,0.0,19.1,Evora
2025-02-03 02:00:00,7.1,73,0.0,18.3,Evora
2025-02-03 03:00:00,6.3,71,0.0,19.9,Evora
2025-02-03 04:00:00,5.8,69,0.0,19.1,Evora
2025-02-03 05:00:00,5.4,69,0.0,19.5,Evora
2025-02-03 06:00:00,5.1,71,0.0,19.8,Evora
2025-02-03 07:00:00,6.0,68,0.0,20.5,Evora
2025-02-03 08:00:00,6.7,70,0.0,19.6,Evora
2025-02-03 09:00:00,7.9,70,0.0,17.6,Evora
2025-02-03 10:00:00,9.1,69,0.0,16.7,Evora
2025-02-03 11:00:00,10.6,66,0.0,17.0,Evora
2025-02-03 12:00:00,12.1,62,0.0,17.0,Evora
2025-02-03 13:00:00,13.3,61,0.0,15.8,Evora
2025-02-03 14:00:00,14.0,55,0.0,18.0,Evora
2025-02-03 15:00:00,14.0,55,0.0,15.0,Evora
2025-02-03 16:00:00,13.8,56,0.0,13.1,Evora
2025-02-03 17:00:00,12.7,65,0.0,6.2,Evora
2025-02-03 18:00:00,9.7,75,0.0,6.5,Evora
2025-02-03 19:00:00,9.4,72,0.0,10.3,Evora
2025-02-03 20:00:00,9.0,70,0.0,11.4,Evora
2025-02-03 21:00:00,8.1,72,0.0,10.4,Evora
2025-02-03 22:00:00,7.3,73,0.0,7.8,Evora
2025-02-03 23:00:00,6.3,77,0.0,5.9,Evora
2025-02-04 00:00:00,5.9,78,0.0,5.9,Evora
2025-02-04 01:00:00,6.3,78,0.0,6.9,Evora
2025-02-04 02:00:00,5.5,82,0.0,5.5,Evora
2025-02-04 03:00:00,5.1,84,0.0,5.0,Evora
2025-02-04 04:00:00,4.5,85,0.0,4.4,Evora
2025-02-04 05:00:00,4.4,83,0.0,3.6,Evora
2025-02-04 06:00:00,4.5,81,0.0,4.0,Evora
2025-02-04 07:00:00,4.4,81,0.0,5.2,Evora
2025-02-04 08:00:00,4.4,83,0.0,5.6,Evora
2025-02-04 09:00:00,6.9,80,0.0,7.6,Evora
2025-02-04 10:00:00,9.4,75,0.0,5.6,Evora
2025-02-04 11:00:00,11.3,69,0.0,6.3,Evora
2025-02-04 12:00:00,12.8,66,0.0,6.5,Evora
2025-02-04 13:00:00,14.2,61,0.0,4.6,Evora
2025-02-04 14:00:00,14.9,55,0.0,4.9,Evora
2025-02-04 15:00:00,15.0,52,0.0,4.9,Evora
2025-02-04 16:00:00,14.8,52,0.0,4.2,Evora
2025-02-04 17:00:00,14.0,70,0.0,1.5,Evora
2025-02-04 18:00:00,11.2,70,0.0,1.3,Evora
2025-02-04 19:00:00,9.1,78,0.0,4.8,Evora
2025-02-04 20:00:00,8.3,79,0.0,6.6,Evora
2025-02-04 21:00:00,7.6,77,0.0,6.6,Evora
2025-02-04 22:00:00,7.0,78,0.0,6.1,Evora
2025-02-04 23:00:00,6.9,78,0.0,6.9,Evora
2025-02-05 00:00:00,6.8,78,0.0,7.4,Evora
2025-02-05 01:00:00,6.7,79,0.0,6.8,Evora
2025-02-05 02:00:00,6.0,83,0.0,6.3,Evora
2025-02-05 03:00:00,5.7,84,0.0,6.3,Evora
2025-02-05 04:00:00,5.4,84,0.0,6.5,Evora
2025-02-05 05:00:00,4.9,85,0.0,6.3,Evora
2025-02-05 06:00:00,4.7,85,0.0,6.2,Evora
2025-02-05 07:00:00,4.5,85,0.0,6.6,Evora
2025-02-05 08:00:00,4.7,85,0.0,6.9,Evora
2025-02-05 09:00:00,7.2,79,0.0,9.6,Evora
2025-02-05 10:00:00,9.9,73,0.0,6.7,Evora
2025-02-05 11:00:00,12.2,67,0.0,6.5,Evora
2025-02-05 12:00:00,14.0,61,0.0,7.7,Evora
2025-02-05 13:00:00,15.2,54,0.0,9.2,Evora
2025-02-05 14:00:00,15.6,49,0.0,8.3,Evora
2025-02-05 15:00:00,15.7,47,0.0,7.6,Evora
2025-02-05 16:00:00,15.5,49,0.0,6.6,Evora
2025-02-05 17:00:00,14.1,70,0.0,3.6,Evora
2025-02-05 18:00:00,11.0,71,0.0,4.0,Evora
2025-02-05 19:00:00,8.8,79,0.0,6.0,Evora
2025-02-05 20:00:00,8.0,80,0.0,6.3,Evora
2025-02-05 21:00:00,7.6,80,0.0,6.7,Evora
2025-02-05 22:00:00,7.2,80,0.0,6.6,Evora
2025-02-05 23:00:00,7.2,80,0.0,6.8,Evora
2025-02-06 00:00:00,6.5,82,0.0,6.8,Evora
2025-02-06 01:00:00,6.5,82,0.0,6.4,Evora
2025-02-06 02:00:00,5.7,83,0.0,6.2,Evora
2025-02-06 03:00:00,5.0,84,0.0,5.1,Evora
2025-02-06 04:00:00,4.7,85,0.0,3.1,Evora
2025-02-06 05:00:00,4.6,85,0.0,3.7,Evora
2025-02-06 06:00:00,4.3,85,0.0,4.6,Evora
2025-02-06 07:00:00,3.9,86,0.0,4.6,Evora
2025-02-06 08:00:00,4.0,87,0.0,3.9,Evora
2025-02-06 09:00:00,6.6,85,0.0,4.9,Evora
2025-02-06 10:00:00,9.4,79,0.0,3.2,Evora
2025-02-06 11:00:00,11.8,72,0.0,3.7,Evora
2025-02-06 12:00:00,13.5,60,0.0,4.9,Evora
2025-02-06 13:00:00,14.6,56,0.0,2.2,Evora
2025-02-06 14:00:00,15.2,51,0.0,3.0,Evora
2025-02-06 15:00:00,15.4,51,0.0,3.9,Evora
2025-02-06 16:00:00,15.2,53,0.0,4.4,Evora
2025-02-06 17:00:00,13.9,71,0.0,3.2,Evora
2025-02-06 18:00:00,11.1,74,0.0,3.6,Evora
2025-02-06 19:00:00,9.4,84,0.0,5.2,Evora
2025-02-06 20:00:00,8.9,84,0.0,5.7,Evora
2025-02-06 21:00:00,8.0,84,0.0,4.8,Evora
2025-02-06 22:00:00,6.9,84,0.0,4.4,Evora
2025-02-06 23:00:00,6.5,83,0.0,4.3,Evora
2025-02-07 00:00:00,6.2,82,0.0,5.6,Evora
2025-02-07 01:00:00,6.7,79,0.0,6.6,Evora
2025-02-07 02:00:00,5.9,84,0.0,6.5,Evora
2025-02-07 03:00:00,5.4,88,0.0,6.3,Evora
2025-02-07 04:00:00,5.1,93,0.0,6.2,Evora
2025-02-07 05:00:00,4.8,96,0.0,6.4,Evora
2025-02-07 06:00:00,5.1,95,0.0,7.1,Evora
2025-02-07 07:00:00,5.7,94,0.0,8.7,Evora
2025-02-07 08:00:00,6.2,96,0.0,11.1,Evora
2025-02-07 09:00:00,9.3,93,0.0,15.4,Evora
2025-02-07 10:00:00,10.7,93,0.1,16.0,Evora
2025-02-07 11:00:00,11.9,91,0.2,20.8,Evora
2025-02-07 12:00:00,12.5,91,0.2,19.0,Evora
2025-02-07 13:00:00,13.6,96,1.0,14.4,Evora
2025-02-07 14:00:00,14.1,87,2.3,18.2,Evora
2025-02-07 15:00:00,14.1,86,9.1,18.5,Evora
2025-02-07 16:00:00,13.3,95,3.1,18.3,Evora
2025-02-07 17:00:00,13.2,94,0.1,17.5,Evora
2025-02-07 18:00:00,12.2,98,0.1,14.8,Evora
2025-02-07 19:00:00,11.9,100,0.0,14.7,Evora
2025-02-07 20:00:00,12.1,99,0.0,13.1,Evora
2025-02-07 21:00:00,11.8,97,0.0,12.9,Evora
2025-02-07 22:00:00,10.5,98,0.0,11.5,Evora
2025-02-07 23:00:00,10.3,99,0.0,11.7,Evora
2025-02-08 00:00:00,10.4,99,0.0,11.5,Evora
2025-02-08 01:00:00,10.1,99,0.0,10.7,Evora
2025-02-08 02:00:00,9.3,98,0.0,8.4,Evora
2025-02-08 03:00:00,8.9,100,0.0,8.5,Evora
2025-02-08 04:00:00,8.5,100,0.0,8.8,Evora
2025-02-08 05:00:00,8.2,100,0.0,7.7,Evora
2025-02-08 06:00:00,7.7,99,0.0,7.1,Evora
2025-02-08 07:00:00,7.1,99,0.0,6.0,Evora
2025-02-08 08:00:00,6.7,100,0.0,4.3,Evora
2025-02-08 09:00:00,8.9,97,0.0,4.4,Evora
2025-02-08 10:00:00,11.0,89,0.0,3.9,Evora
2025-02-08 11:00:00,12.7,77,0.0,11.5,Evora
2025-02-08 12:00:00,13.6,74,0.0,12.9,Evora
2025-02-08 13:00:00,14.1,72,0.0,14.6,Evora
2025-02-08 14:00:00,14.4,70,0.0,12.8,Evora
2025-02-08 15:00:00,14.9,67,0.0,11.6,Evora
2025-02-08 16:00:00,14.9,68,0.0,10.8,Evora
2025-02-08 17:00:00,14.5,74,0.0,7.8,Evora
2025-02-08 18:00:00,12.2,85,0.0,5.7,Evora
2025-02-08 19:00:00,11.1,90,0.0,6.5,Evora
2025-02-08 20:00:00,10.5,92,0.0,6.9,Evora
2025-02-08 21:00:00,10.0,94,0.0,7.2,Evora
2025-02-08 22:00:00,9.8,95,0.0,6.7,Evora
2025-02-08 23:00:00,9.6,96,0.0,6.7,Evora
2025-02-09 00:00:00,9.5,97,0.0,6.6,Evora
2025-02-09 01:00:00,11.2,99,0.0,7.2,Evora
2025-02-09 02:00:00,11.4,100,0.0,6.7,Evora
2025-02-09 03:00:00,11.2,100,0.0,5.5,Evora
2025-02-09 04:00:00,10.8,100,0.0,5.2,Evora
2025-02-09 05:00:00,10.4,100,0.0,5.2,Evora
2025-02-09 06:00:00,9.9,100,0.0,4.2,Evora
2025-02-09 07:00:00,9.5,100,0.0,2.7,Evora
2025-02-09 08:00:00,9.7,100,0.0,3.6,Evora
2025-02-09 09:00:00,10.6,99,0.0,4.4,Evora
2025-02-09 10:00:00,11.3,98,0.0,6.0,Evora
2025-02-09 11:00:00,12.7,90,0.0,6.2,Evora
2025-02-09 12:00:00,13.7,85,0.0,5.5,Evora
2025-02-09 13:00:00,14.5,81,0.0,5.1,Evora
2025-02-09 14:00:00,14.8,80,0.0,3.8,Evora
2025-02-09 15:00:00,15.0,78,0.0,2.7,Evora
2025-02-09 16:00:00,15.1,77,0.0,2.1,Evora
2025-02-09 17:00:00,15.0,78,0.0,2.8,Evora
2025-02-09 18:00:00,14.0,85,0.0,1.5,Evora
2025-02-09 19:00:00,13.4,87,0.0,1.1,Evora
2025-02-09 20:00:00,13.3,89,0.0,4.1,Evora
2025-02-09 21:00:00,12.3,94,0.0,3.6,Evora
2025-02-09 22:00:00,11.4,95,0.0,2.8,Evora
2025-02-09 23:00:00,10.8,94,0.0,0.9,Evora
2025-02-10 00:00:00,9.8,97,0.0,4.0,Evora
2025-02-10 01:00:00,11.0,99,0.0,4.2,Evora
2025-02-10 02:00:00,11.1,98,0.0,3.9,Evora
2025-02-10 03:00:00,11.1,97,0.0,4.1,Evora
2025-02-10 04:00:00,10.9,98,0.0,5.0,Evora
2025-02-10 05:00:00,10.5,99,0.0,6.8,Evora
2025-02-10 06:00:00,9.9,100,0.0,6.5,Evora
2025-02-10 07:00:00,9.9,99,0.0,6.5,Evora
2025-02-10 08:00:00,10.1,98,0.0,7.9,Evora
2025-02-10 09:00:00,10.8,94,0.0,9.0,Evora
2025-02-10 10:00:00,12.1,87,0.0,9.4,Evora
2025-02-10 11:00:00,13.5,83,0.0,10.5,Evora
2025-02-10 12:00:00,14.9,72,0.0,15.1,Evora
2025-02-10 13:00:00,15.2,67,0.0,15.8,Evora
2025-02-10 14:00:00,15.2,67,0.0,16.5,Evora
2025-02-10 15:00:00,14.4,74,0.1,14.6,Evora
2025-02-10 16:00:00,14.1,77,0.3,14.4,Evora
2025-02-10 17:00:00,13.9,79,0.1,12.3,Evora
2025-02-10 18:00:00,13.0,81,0.0,11.8,Evora
2025-02-10 19:00:00,12.3,82,0.0,13.7,Evora
2025-02-10 20:00:00,11.4,85,0.0,13.4,Evora
2025-02-10 21:00:00,10.2,92,0.0,12.6,Evora
2025-02-10 22:00:00,9.7,95,0.0,11.9,Evora
2025-02-10 23:00:00,9.6,97,0.0,11.4,Evora
2025-02-11 00:00:00,10.1,98,0.1,13.8,Evora
2025-02-11 01:00:00,11.1,96,0.4,14.6,Evora
2025-02-11 02:00:00,10.7,96,0.2,14.5,Evora
2025-02-11 03:00:00,10.8,98,0.0,13.6,Evora
2025-02-11 04:00:00,10.6,98,0.3,13.3,Evora
2025-02-11 05:00:00,10.7,96,1.8,11.1,Evora
2025-02-11 06:00:00,10.5,95,5.6,13.1,Evora
2025-02-11 07:00:00,10.1,97,0.1,15.0,Evora
2025-02-11 08:00:00,10.5,99,0.0,17.2,Evora
2025-02-11 09:00:00,11.2,99,0.3,18.2,Evora
2025-02-11 10:00:00,11.8,95,0.4,22.7,Evora
2025-02-11 11:00:00,12.5,94,0.4,16.2,Evora
2025-02-11 12:00:00,12.5,95,1.0,19.2,Evora
2025-02-11 13:00:00,13.6,89,2.0,27.5,Evora
2025-02-11 14:00:00,13.4,85,7.4,21.4,Evora
2025-02-11 15:00:00,14.3,92,0.7,13.5,Evora
2025-02-11 16:00:00,13.4,89,2.5,20.5,Evora
2025-02-11 17:00:00,13.1,93,0.1,14.4,Evora
2025-02-11 18:00:00,12.6,96,0.1,13.3,Evora
2025-02-11 19:00:00,12.1,96,0.0,16.7,Evora
2025-02-11 20:00:00,11.2,95,0.0,18.4,Evora
2025-02-11 21:00:00,10.6,97,0.0,17.4,Evora
2025-02-11 22:00:00,10.8,97,0.0,16.5,Evora
2025-02-11 23:00:00,10.9,96,0.0,16.1,Evora
2025-02-12 00:00:00,10.2,96,0.0,14.8,Evora
2025-02-12 01:00:00,9.7,96,0.0,13.7,Evora
2025-02-12 02:00:00,9.0,95,0.0,13.5,Evora
2025-02-12 03:00:00,8.7,94,0.0,13.5,Evora
2025-02-12 04:00:00,8.0,94,0.0,10.0,Evora
2025-02-12 05:00:00,7.5,95,0.0,10.1,Evora
2025-02-12 06:00:00,7.5,94,0.0,11.8,Evora
2025-02-12 07:00:00,7.3,95,0.0,11.0,Evora
2025-02-12 08:00:00,7.6,95,0.0,12.1,Evora
2025-02-12 09:00:00,9.8,90,0.0,13.0,Evora
2025-02-12 10:00:00,11.7,80,0.0,17.1,Evora
2025-02-12 11:00:00,12.8,74,0.0,15.4,Evora
2025-02-12 12:00:00,13.6,68,0.0,12.9,Evora
2025-02-12 13:00:00,14.1,65,0.0,14.9,Evora
2025-02-12 14:00:00,14.2,66,0.1,16.1,Evora
2025-02-12 15:00:00,14.3,64,0.0,16.1,Evora
2025-02-12 16:00:00,14.5,62,0.0,14.3,Evora
2025-02-12 17:00:00,14.0,65,0.0,8.5,Evora
2025-02-12 18:00:00,12.3,73,0.0,7.3,Evora
2025-02-12 19:00:00,10.9,79,0.0,10.7,Evora
2025-02-12 20:00:00,10.3,83,0.0,10.8,Evora
2025-02-12 21:00:00,9.8,86,0.0,9.6,Evora
2025-02-12 22:00:00,9.3,90,0.0,8.9,Evora
2025-02-12 23:00:00,8.9,92,0.0,8.9,Evora
2025-02-13 00:00:00,8.6,94,0.0,8.8,Evora
2025-02-13 01:00:00,9.0,94,0.0,9.6,Evora
2025-02-13 02:00:00,8.7,95,0.0,8.1,Evora
2025-02-13 03:00:00,8.1,96,0.0,6.9,Evora
2025-02-13 04:00:00,7.9,97,0.0,6.2,Evora
2025-02-13 05:00:00,8.0,97,0.0,6.8,Evora
2025-02-13 06:00:00,7.7,97,0.0,6.5,Evora
2025-02-13 07:00:00,6.6,98,0.0,5.5,Evora
2025-02-13 08:00:00,6.8,98,0.0,4.3,Evora
2025-02-13 09:00:00,9.5,97,0.0,4.2,Evora
2025-02-13 10:00:00,11.8,91,0.0,3.6,Evora
2025-02-13 11:00:00,13.5,84,0.0,3.2,Evora
2025-02-13 12:00:00,14.8,76,0.0,3.1,Evora
2025-02-13 13:00:00,15.4,69,0.0,2.5,Evora
2025-02-13 14:00:00,15.9,66,0.0,1.5,Evora
2025-02-13 15:00:00,16.2,64,0.0,2.1,Evora
2025-02-13 16:00:00,16.0,63,0.0,2.8,Evora
2025-02-13 17:00:00,15.4,72,0.0,3.5,Evora
2025-02-13 18:00:00,13.3,80,0.0,4.3,Evora
2025-02-13 19:00:00,12.1,86,0.0,4.8,Evora
2025-02-13 20:00:00,11.3,89,0.0,6.8,Evora
2025-02-13 21:00:00,10.6,91,0.0,10.4,Evora
2025-02-13 22:00:00,10.0,92,0.0,8.0,Evora
2025-02-13 23:00:00,8.6,93,0.0,5.1,Evora
2025-02-14 00:00:00,7.9,94,0.0,3.1,Evora
2025-02-14 01:00:00,8.3,96,0.0,4.2,Evora
2025-02-14 02:00:00,7.9,96,0.0,4.0,Evora
2025-02-14 03:00:00,7.6,96,0.0,4.1,Evora
2025-02-14 04:00:00,7.7,96,0.0,5.0,Evora
2025-02-14 05:00:00,7.0,97,0.0,4.5,Evora
2025-02-14 06:00:00,6.3,99,0.0,4.5,Evora
2025-02-14 07:00:00,5.9,100,0.0,4.6,Evora
2025-02-14 08:00:00,6.5,100,0.0,7.6,Evora
2025-02-14 09:00:00,8.3,97,0.0,8.1,Evora
2025-02-14 10:00:00,10.6,90,0.0,6.0,Evora
2025-02-14 11:00:00,13.0,81,0.0,7.2,Evora
2025-02-14 12:00:00,15.0,77,0.0,9.2,Evora
2025-02-14 13:00:00,16.2,66,0.0,11.0,Evora
2025-02-14 14:00:00,16.2,67,0.0,9.9,Evora
2025-02-14 15:00:00,16.3,66,0.0,10.3,Evora
2025-02-14 16:00:00,15.9,65,0.0,11.3,Evora
2025-02-14 17:00:00,15.2,71,0.0,5.6,Evora
2025-02-14 18:00:00,13.0,80,0.0,2.6,Evora
2025-02-14 19:00:00,10.8,87,0.0,6.1,Evora
2025-02-14 20:00:00,11.6,83,0.0,13.2,Evora
2025-02-14 21:00:00,11.2,85,0.0,14.4,Evora
2025-02-14 22:00:00,9.8,93,0.0,10.3,Evora
2025-02-14 23:00:00,9.9,94,0.0,6.0,Evora
2025-02-15 00:00:00,9.5,96,0.0,4.0,Evora
2025-02-15 01:00:00,9.5,97,0.0,6.9,Evora
2025-02-15 02:00:00,8.8,98,0.0,8.2,Evora
2025-02-15 03:00:00,8.0,99,0.0,6.8,Evora
2025-02-15 04:00:00,8.1,100,0.0,7.7,Evora
2025-02-15 05:00:00,8.2,100,0.0,8.6,Evora
2025-02-15 06:00:00,8.3,100,0.0,10.7,Evora
2025-02-15 07:00:00,8.5,100,0.0,11.1,Evora
2025-02-15 08:00:00,8.8,99,0.0,13.5,Evora
2025-02-15 09:00:00,9.6,96,0.0,14.6,Evora
2025-02-15 10:00:00,10.8,90,0.0,17.8,Evora
2025-02-15 11:00:00,11.8,86,0.0,18.8,Evora
2025-02-15 12:00:00,13.3,78,0.0,19.3,Evora
2025-02-15 13:00:00,15.1,70,0.1,18.0,Evora
2025-02-15 14:00:00,15.6,68,0.0,16.6,Evora
2025-02-15 15:00:00,16.2,66,0.0,16.1,Evora
2025-02-15 16:00:00,16.2,67,0.0,16.5,Evora
2025-02-15 17:00:00,15.5,71,0.0,16.9,Evora
2025-02-15 18:00:00,14.4,74,0.0,13.4,Evora
2025-02-15 19:00:00,13.1,73,0.0,14.3,Evora
2025-02-15 20:00:00,12.3,74,0.0,12.5,Evora
2025-02-15 21:00:00,11.1,78,0.0,10.6,Evora
2025-02-15 22:00:00,10.3,81,0.0,8.5,Evora
2025-02-15 23:00:00,9.3,87,0.0,6.5,Evora
2025-02-16 00:00:00,8.6,88,0.0,6.2,Evora
2025-02-16 01:00:00,10.8,92,0.0,9.6,Evora
2025-02-16 02:00:00,9.7,94,0.0,5.7,Evora
2025-02-16 03:00:00,9.0,96,0.0,5.9,Evora
2025-02-16 04:00:00,9.3,96,0.0,9.8,Evora
2025-02-16 05:00:00,9.2,96,0.0,9.8,Evora
2025-02-16 06:00:00,7.7,96,0.0,6.2,Evora
2025-02-16 07:00:00,8.4,96,0.0,8.1,Evora
2025-02-16 08:00:00,9.1,97,0.0,7.5,Evora
2025-02-16 09:00:00,10.8,94,0.0,5.7,Evora
2025-02-16 10:00:00,12.4,89,0.0,9.3,Evora
2025-02-16 11:00:00,13.1,85,0.1,7.1,Evora
2025-02-16 12:00:00,13.8,82,0.1,7.5,Evora
2025-02-16 13:00:00,14.9,82,0.4,12.1,Evora
2025-02-16 14:00:00,15.9,74,0.1,9.9,Evora
2025-02-16 15:00:00,16.6,69,0.0,8.4,Evora
2025-02-16 16:00:00,16.6,67,0.0,8.7,Evora
2025-02-16 17:00:00,15.9,72,0.0,5.9,Evora
2025-02-16 18:00:00,13.7,83,0.0,6.1,Evora
2025-02-16 19:00:00,12.2,88,0.0,10.5,Evora
2025-02-16 20:00:00,11.4,92,0.0,8.9,Evora
2025-02-16 21:00:00,10.9,92,0.0,10.9,Evora
2025-02-16 22:00:00,10.5,94,0.0,10.1,Evora
2025-02-16 23:00:00,9.6,95,0.0,6.9,Evora
2025-02-17 00:00:00,8.6,97,0.0,5.5,Evora
2025-02-17 01:00:00,8.7,98,0.0,4.2,Evora
2025-02-17 02:00:00,7.9,99,0.0,2.7,Evora
2025-02-17 03:00:00,8.1,99,0.0,2.0,Evora
2025-02-17 04:00:00,8.6,99,0.0,3.7,Evora
2025-02-17 05:00:00,7.9,99,0.0,4.1,Evora
2025-02-17 06:00:00,7.3,100,0.0,3.4,Evora
2025-02-17 07:00:00,6.8,100,0.0,3.5,Evora
2025-02-17 08:00:00,6.9,100,0.0,5.2,Evora
2025-02-17 09:00:00,8.4,99,0.0,5.3,Evora
2025-02-17 10:00:00,10.2,96,0.0,6.3,Evora
2025-02-17 11:00:00,12.3,88,0.0,8.0,Evora
2025-02-17 12:00:00,14.3,80,0.0,9.6,Evora
2025-02-17 13:00:00,15.0,75,0.1,9.4,Evora
2025-02-17 14:00:00,15.6,69,0.0,11.0,Evora
2025-02-17 15:00:00,15.8,68,0.0,12.4,Evora
2025-02-17 16:00:00,15.7,66,0.0,12.0,Evora
2025-02-17 17:00:00,14.8,75,0.0,8.7,Evora
2025-02-17 18:00:00,12.7,85,0.0,5.2,Evora
2025-02-17 19:00:00,12.1,83,0.0,9.8,Evora
2025-02-17 20:00:00,11.6,85,0.0,11.5,Evora
2025-02-17 21:00:00,11.1,87,0.0,11.1,Evora
2025-02-17 22:00:00,10.5,91,0.0,10.2,Evora
2025-02-17 23:00:00,9.7,93,0.0,6.8,Evora
2025-02-18 00:00:00,9.4,94,0.0,8.5,Evora
2025-02-18 01:00:00,9.4,93,0.0,11.2,Evora
2025-02-18 02:00:00,9.0,93,0.1,11.6,Evora
2025-02-18 03:00:00,9.2,92,0.0,12.4,Evora
2025-02-18 04:00:00,9.4,92,0.0,12.5,Evora
2025-02-18 05:00:00,10.3,90,0.0,14.3,Evora
2025-02-18 06:00:00,10.8,91,0.0,14.3,Evora
2025-02-18 07:00:00,10.7,90,0.1,15.2,Evora
2025-02-18 08:00:00,10.7,93,0.0,14.9,Evora
2025-02-18 09:00:00,11.3,93,0.0,16.2,Evora
2025-02-18 10:00:00,12.2,90,0.0,18.4,Evora
2025-02-18 11:00:00,13.7,81,0.2,19.8,Evora
2025-02-18 12:00:00,14.3,81,0.1,19.8,Evora
2025-02-18 13:00:00,14.6,80,0.0,19.8,Evora
2025-02-18 14:00:00,15.5,76,0.3,20.3,Evora
2025-02-18 15:00:00,13.7,83,0.8,15.7,Evora
2025-02-18 16:00:00,13.1,91,0.8,12.1,Evora
2025-02-18 17:00:00,13.5,90,0.1,13.7,Evora
2025-02-18 18:00:00,12.5,92,0.4,17.7,Evora
2025-02-18 19:00:00,12.0,97,0.6,16.4,Evora
2025-02-18 20:00:00,11.6,98,0.0,13.9,Evora
2025-02-18 21:00:00,11.9,98,0.0,11.9,Evora
2025-02-18 22:00:00,12.0,98,0.0,12.3,Evora
2025-02-18 23:00:00,11.9,98,0.1,11.6,Evora
2025-02-19 00:00:00,11.9,99,0.0,10.2,Evora
2025-02-19 01:00:00,12.0,100,0.0,9.2,Evora
2025-02-19 02:00:00,11.8,100,0.0,8.0,Evora
2025-02-19 03:00:00,11.5,100,0.0,9.3,Evora
2025-02-19 04:00:00,11.6,100,0.0,9.2,Evora
2025-02-19 05:00:00,11.6,100,0.0,7.1,Evora
2025-02-19 06:00:00,11.5,100,0.0,5.7,Evora
2025-02-19 07:00:00,11.4,100,0.0,8.2,Evora
2025-02-19 08:00:00,11.5,99,0.0,9.8,Evora
2025-02-19 09:00:00,11.9,97,0.0,8.0,Evora
2025-02-19 10:00:00,13.1,91,0.1,8.1,Evora
2025-02-19 11:00:00,14.4,81,0.1,7.8,Evora
2025-02-19 12:00:00,15.6,74,0.1,7.6,Evora
2025-02-19 13:00:00,16.5,73,0.1,6.4,Evora
2025-02-19 14:00:00,17.2,67,0.0,6.0,Evora
2025-02-19 15:00:00,17.5,65,0.0,4.2,Evora
2025-02-19 16:00:00,17.6,63,0.0,3.9,Evora
2025-02-19 17:00:00,17.1,69,0.0,3.0,Evora
2025-02-19 18:00:00,15.4,77,0.0,2.2,Evora
2025-02-19 19:00:00,13.3,84,0.0,4.4,Evora
2025-02-19 20:00:00,12.3,88,0.0,5.3,Evora
2025-02-19 21:00:00,11.7,89,0.0,2.4,Evora
2025-02-19 22:00:00,11.4,90,0.0,1.4,Evora
2025-02-19 23:00:00,11.3,89,0.0,1.0,Evora
2025-02-20 00:00:00,11.0,90,0.0,0.7,Evora
2025-02-20 01:00:00,10.7,92,0.0,0.7,Evora
2025-02-20 02:00:00,10.6,92,0.0,0.4,Evora
2025-02-20 03:00:00,9.9,95,0.0,0.9,Evora
2025-02-20 04:00:00,8.8,98,0.0,2.3,Evora
2025-02-20 05:00:00,7.8,100,0.0,3.1,Evora
2025-02-20 06:00:00,7.5,100,0.0,2.7,Evora
2025-02-20 07:00:00,7.4,100,0.0,2.6,Evora
2025-02-20 08:00:00,8.6,100,0.0,4.4,Evora
2025-02-20 09:00:00,10.1,99,0.0,3.5,Evora
2025-02-20 10:00:00,12.1,96,0.0,3.8,Evora
2025-02-20 11:00:00,14.9,88,0.0,4.0,Evora
2025-02-20 12:00:00,16.8,76,0.0,5.6,Evora
2025-02-20 13:00:00,18.0,68,0.0,7.0,Evora
2025-02-20 14:00:00,18.4,65,0.0,6.7,Evora
2025-02-20 15:00:00,18.6,63,0.0,6.5,Evora
2025-02-20 16:00:00,18.4,63,0.0,6.9,Evora
2025-02-20 17:00:00,17.6,68,0.0,6.8,Evora
2025-02-20 18:00:00,15.1,81,0.0,3.7,Evora
2025-02-20 19:00:00,14.1,80,0.0,1.5,Evora
2025-02-20 20:00:00,13.7,80,0.0,2.1,Evora
2025-02-20 21:00:00,12.4,88,0.0,6.3,Evora
2025-02-20 22:00:00,11.2,94,0.0,5.1,Evora
2025-02-20 23:00:00,11.2,95,0.0,6.9,Evora
2025-02-21 00:00:00,10.6,95,0.0,5.4,Evora
2025-02-21 01:00:00,10.4,97,0.0,3.4,Evora
2025-02-21 02:00:00,10.0,98,0.0,3.7,Evora
2025-02-21 03:00:00,9.8,99,0.0,3.2,Evora
2025-02-21 04:00:00,9.2,99,0.0,6.0,Evora
2025-02-21 05:00:00,10.4,96,0.0,9.2,Evora
2025-02-21 06:00:00,10.4,93,0.0,9.6,Evora
2025-02-21 07:00:00,10.1,92,0.0,10.8,Evora
2025-02-21 08:00:00,10.5,90,0.0,13.9,Evora
2025-02-21 09:00:00,11.7,89,0.0,17.3,Evora
2025-02-21 10:00:00,13.0,87,0.0,22.4,Evora
2025-02-21 11:00:00,14.2,82,0.0,22.1,Evora
2025-02-21 12:00:00,15.2,77,0.1,21.3,Evora
2025-02-21 13:00:00,16.2,72,0.1,25.9,Evora
2025-02-21 14:00:00,16.8,67,0.1,26.7,Evora
2025-02-21 15:00:00,17.1,65,0.1,27.4,Evora
2025-02-21 16:00:00,16.3,69,0.1,24.6,Evora
2025-02-21 17:00:00,15.5,76,0.5,24.2,Evora
2025-02-21 18:00:00,12.7,97,3.6,21.8,Evora
2025-02-21 19:00:00,11.3,91,1.8,13.4,Evora
2025-02-21 20:00:00,10.2,94,0.0,10.1,Evora
2025-02-21 21:00:00,9.2,98,0.0,9.2,Evora
2025-02-21 22:00:00,9.4,98,0.0,7.7,Evora
2025-02-21 23:00:00,9.2,98,0.0,7.4,Evora
2025-02-22 00:00:00,8.9,98,0.0,5.5,Evora
2025-02-22 01:00:00,9.8,100,0.0,7.3,Evora
2025-02-22 02:00:00,9.9,100,0.0,6.9,Evora
2025-02-22 03:00:00,9.9,100,0.0,7.4,Evora
2025-02-22 04:00:00,9.7,100,0.0,7.0,Evora
2025-02-22 05:00:00,9.3,99,0.0,9.7,Evora
2025-02-22 06:00:00,9.3,96,0.0,11.5,Evora
2025-02-22 07:00:00,9.1,97,0.0,9.4,Evora
2025-02-22 08:00:00,9.3,97,0.0,9.8,Evora
2025-02-22 09:00:00,11.3,95,0.0,9.4,Evora
2025-02-22 10:00:00,13.1,80,0.1,15.1,Evora
2025-02-22 11:00:00,13.8,71,0.1,15.6,Evora
2025-02-22 12:00:00,14.5,72,0.3,14.0,Evora
2025-02-22 13:00:00,14.1,66,0.0,15.9,Evora
2025-02-22 14:00:00,14.9,71,0.3,15.1,Evora
2025-02-22 15:00:00,14.7,62,0.0,15.8,Evora
2025-02-22 16:00:00,13.6,73,0.0,11.2,Evora
2025-02-22 17:00:00,13.5,73,0.0,10.4,Evora
2025-02-22 18:00:00,11.9,80,0.0,6.8,Evora
2025-02-22 19:00:00,10.4,86,0.0,8.0,Evora
2025-02-22 20:00:00,10.0,85,0.0,10.1,Evora
2025-02-22 21:00:00,9.7,85,0.0,14.0,Evora
2025-02-22 22:00:00,9.1,88,0.0,13.0,Evora
2025-02-22 23:00:00,8.4,91,0.0,11.2,Evora
2025-02-23 00:00:00,7.9,92,0.0,10.7,Evora
2025-02-23 01:00:00,8.3,94,0.0,10.7,Evora
2025-02-23 02:00:00,7.9,95,0.0,9.8,Evora
2025-02-23 03:00:00,7.6,95,0.0,11.1,Evora
2025-02-23 04:00:00,7.6,93,0.0,12.6,Evora
2025-02-23 05:00:00,7.3,92,0.0,11.5,Evora
2025-02-23 06:00:00,6.7,92,0.0,8.8,Evora
2025-02-23 07:00:00,5.8,94,0.0,6.9,Evora
2025-02-23 08:00:00,6.4,94,0.0,7.5,Evora
2025-02-23 09:00:00,9.3,87,0.0,5.4,Evora
2025-02-23 10:00:00,11.8,78,0.0,4.3,Evora
2025-02-23 11:00:00,13.4,71,0.0,6.3,Evora
2025-02-23 12:00:00,14.7,63,0.0,6.8,Evora
2025-02-23 13:00:00,15.7,57,0.0,5.4,Evora
2025-02-23 14:00:00,16.2,53,0.0,2.3,Evora
2025-02-23 15:00:00,16.5,49,0.0,1.4,Evora
2025-02-23 16:00:00,16.5,48,0.0,1.8,Evora
2025-02-23 17:00:00,16.0,55,0.0,1.5,Evora
2025-02-23 18:00:00,13.9,71,0.0,0.6,Evora
2025-02-23 19:00:00,12.1,75,0.0,0.4,Evora
2025-02-23 20:00:00,10.6,81,0.0,3.3,Evora
2025-02-23 21:00:00,9.9,82,0.0,2.8,Evora
2025-02-23 22:00:00,9.0,87,0.0,4.2,Evora
2025-02-23 23:00:00,8.2,89,0.0,5.5,Evora
2025-02-24 00:00:00,7.6,90,0.0,4.6,Evora
2025-02-24 01:00:00,8.6,85,0.0,2.6,Evora
2025-02-24 02:00:00,8.3,84,0.0,1.8,Evora
2025-02-24 03:00:00,8.3,84,0.0,0.7,Evora
2025-02-24 04:00:00,8.5,81,0.0,1.1,Evora
2025-02-24 05:00:00,8.3,81,0.0,0.6,Evora
2025-02-24 06:00:00,7.7,82,0.0,1.3,Evora
2025-02-24 07:00:00,7.4,83,0.0,2.3,Evora
2025-02-24 08:00:00,8.4,83,0.0,2.1,Evora
2025-02-24 09:00:00,10.6,85,0.0,1.3,Evora
2025-02-24 10:00:00,13.2,73,0.0,1.9,Evora
2025-02-24 11:00:00,14.8,67,0.0,6.4,Evora
2025-02-24 12:00:00,16.1,62,0.0,9.3,Evora
2025-02-24 13:00:00,17.0,57,0.0,10.4,Evora
2025-02-24 14:00:00,17.2,55,0.0,10.4,Evora
2025-02-24 15:00:00,17.2,56,0.0,10.7,Evora
2025-02-24 16:00:00,17.0,58,0.0,10.5,Evora
2025-02-24 17:00:00,16.2,63,0.0,12.1,Evora
2025-02-24 18:00:00,13.5,63,0.0,12.4,Evora
2025-02-24 19:00:00,11.3,69,0.0,11.0,Evora
2025-02-24 20:00:00,10.2,83,0.0,10.8,Evora
2025-02-24 21:00:00,9.7,95,0.0,10.5,Evora
2025-02-24 22:00:00,9.7,97,0.0,10.1,Evora
2025-02-24 23:00:00,9.6,97,0.0,9.1,Evora
2025-02-25 00:00:00,9.5,98,0.0,9.5,Evora
2025-02-25 01:00:00,10.6,97,0.0,10.8,Evora
2025-02-25 02:00:00,10.9,97,0.0,10.5,Evora
2025-02-25 03:00:00,11.3,96,0.0,12.5,Evora
2025-02-25 04:00:00,11.3,96,0.0,12.7,Evora
2025-02-25 05:00:00,11.4,97,0.7,12.4,Evora
2025-02-25 06:00:00,11.7,98,1.0,12.3,Evora
2025-02-25 07:00:00,11.9,99,0.1,9.8,Evora
2025-02-25 08:00:00,12.4,99,0.0,10.9,Evora
2025-02-25 09:00:00,12.5,95,0.0,11.2,Evora
2025-02-25 10:00:00,13.3,88,0.0,12.3,Evora
2025-02-25 11:00:00,14.6,75,0.0,15.0,Evora
2025-02-25 12:00:00,15.1,71,0.0,15.5,Evora
2025-02-25 13:00:00,15.8,68,0.1,16.5,Evora
2025-02-25 14:00:00,15.3,71,0.1,17.4,Evora
2025-02-25 15:00:00,15.3,68,0.0,15.3,Evora
2025-02-25 16:00:00,15.3,62,0.0,14.4,Evora
2025-02-25 17:00:00,14.9,64,0.0,11.6,Evora
2025-02-25 18:00:00,13.1,70,0.0,8.3,Evora
2025-02-25 19:00:00,11.2,76,0.0,9.7,Evora
2025-02-25 20:00:00,10.6,75,0.0,12.7,Evora
2025-02-25 21:00:00,9.8,78,0.0,15.7,Evora
2025-02-25 22:00:00,8.9,81,0.0,16.8,Evora
2025-02-25 23:00:00,8.3,84,0.0,16.9,Evora
2025-02-26 00:00:00,7.9,85,0.0,17.6,Evora
2025-02-26 01:00:00,7.9,87,0.0,16.7,Evora
2025-02-26 02:00:00,7.4,90,0.0,13.6,Evora
2025-02-26 03:00:00,6.7,93,0.0,10.7,Evora
2025-02-26 04:00:00,6.3,93,0.0,10.3,Evora
2025-02-26 05:00:00,6.0,93,0.0,8.3,Evora
2025-02-26 06:00:00,4.9,94,0.0,5.5,Evora
2025-02-26 07:00:00,4.4,93,0.0,5.2,Evora
2025-02-26 08:00:00,6.3,87,0.0,4.1,Evora
2025-02-26 09:00:00,8.8,80,0.0,3.4,Evora
2025-02-26 10:00:00,10.9,70,0.0,4.4,Evora
2025-02-26 11:00:00,12.9,64,0.0,3.6,Evora
2025-02-26 12:00:00,14.6,54,0.0,4.1,Evora
2025-02-26 13:00:00,15.5,46,0.0,1.0,Evora
2025-02-26 14:00:00,15.8,45,0.0,0.4,Evora
2025-02-26 15:00:00,15.7,45,0.0,1.9,Evora
2025-02-26 16:00:00,15.4,47,0.0,3.6,Evora
2025-02-26 17:00:00,14.8,54,0.0,5.6,Evora
2025-02-26 18:00:00,12.4,70,0.0,5.1,Evora
2025-02-26 19:00:00,10.5,75,0.0,4.7,Evora
2025-02-26 20:00:00,9.7,75,0.0,5.3,Evora
2025-02-26 21:00:00,10.1,73,0.0,8.2,Evora
2025-02-26 22:00:00,9.3,79,0.0,7.3,Evora
2025-02-26 23:00:00,8.7,81,0.0,6.9,Evora
2025-02-27 00:00:00,7.8,87,0.0,3.8,Evora
2025-02-27 01:00:00,8.5,86,0.0,4.5,Evora
2025-02-27 02:00:00,8.8,82,0.0,12.1,Evora
2025-02-27 03:00:00,8.8,87,0.0,11.9,Evora
2025-02-27 04:00:00,8.6,89,0.0,6.9,Evora
2025-02-27 05:00:00,6.6,93,0.0,3.9,Evora
2025-02-27 06:00:00,6.2,95,0.0,0.9,Evora
2025-02-27 07:00:00,5.5,97,0.0,3.1,Evora
2025-02-27 08:00:00,7.0,96,0.0,8.4,Evora
2025-02-27 09:00:00,9.5,87,0.0,8.3,Evora
2025-02-27 10:00:00,11.5,77,0.0,11.7,Evora
2025-02-27 11:00:00,13.0,72,0.0,13.8,Evora
2025-02-27 12:00:00,13.2,70,0.0,14.8,Evora
2025-02-27 13:00:00,14.0,70,0.0,14.9,Evora
2025-02-27 14:00:00,13.7,73,0.2,16.8,Evora
2025-02-27 15:00:00,12.4,85,0.5,12.5,Evora
2025-02-27 16:00:00,13.2,80,0.1,15.4,Evora
2025-02-27 17:00:00,12.8,81,0.0,14.4,Evora
2025-02-27 18:00:00,12.1,84,0.0,13.0,Evora
2025-02-27 19:00:00,11.0,91,0.0,11.9,Evora
2025-02-27 20:00:00,10.7,94,0.1,12.5,Evora
2025-02-27 21:00:00,10.3,95,0.1,15.0,Evora
2025-02-27 22:00:00,9.7,92,0.0,13.5,Evora
2025-02-27 23:00:00,9.7,92,0.0,14.4,Evora
2025-02-28 00:00:00,9.8,92,0.0,13.0,Evora
2025-02-28 01:00:00,10.1,96,1.8,10.4,Evora
2025-02-28 02:00:00,9.6,97,0.4,9.8,Evora
2025-02-28 03:00:00,9.5,98,0.9,10.7,Evora
2025-02-28 04:00:00,9.3,98,0.5,10.8,Evora
2025-02-28 05:00:00,9.1,98,0.6,13.4,Evora
2025-02-28 06:00:00,8.9,98,0.2,12.2,Evora
2025-02-28 07:00:00,8.7,97,0.2,11.7,Evora
2025-02-28 08:00:00,8.7,96,0.3,11.0,Evora
2025-02-28 09:00:00,9.5,95,1.1,11.4,Evora
2025-02-28 10:00:00,10.2,95,0.9,10.2,Evora
2025-02-28 11:00:00,11.1,92,0.4,12.4,Evora
2025-02-28 12:00:00,12.0,88,0.1,15.5,Evora
2025-02-28 13:00:00,12.8,78,0.2,15.4,Evora
2025-02-28 14:00:00,12.7,84,0.1,12.7,Evora
2025-02-28 15:00:00,12.0,90,0.7,13.4,Evora
2025-02-28 16:00:00,11.3,96,1.2,11.7,Evora
2025-02-28 17:00:00,11.4,95,0.9,9.5,Evora
2025-02-28 18:00:00,10.8,97,0.4,8.1,Evora
2025-02-28 19:00:00,10.1,95,0.1,7.6,Evora
2025-02-28 20:00:00,10.1,95,0.0,8.4,Evora
2025-02-28 21:00:00,9.7,95,0.0,6.0,Evora
2025-02-28 22:00:00,8.3,96,0.0,5.1,Evora
2025-02-28 23:00:00,8.5,96,0.0,4.1,Evora
2025-03-01 00:00:00,8.7,95,0.0,3.5,Evora
2025-03-01 01:00:00,8.6,97,0.0,4.2,Evora
2025-03-01 02:00:00,8.4,98,0.0,3.6,Evora
2025-03-01 03:00:00,8.2,98,0.1,3.4,Evora
2025-03-01 04:00:00,8.0,99,0.5,3.6,Evora
2025-03-01 05:00:00,7.7,100,0.0,2.2,Evora
2025-03-01 06:00:00,7.8,100,0.0,3.2,Evora
2025-03-01 07:00:00,7.8,99,0.0,4.3,Evora
2025-03-01 08:00:00,8.6,99,0.0,7.5,Evora
2025-03-01 09:00:00,10.3,95,0.0,6.8,Evora
2025-03-01 10:00:00,11.9,88,0.0,11.2,Evora
2025-03-01 11:00:00,13.1,81,0.1,10.1,Evora
2025-03-01 12:00:00,14.3,77,0.0,9.3,Evora
2025-03-01 13:00:00,14.3,69,0.0,13.6,Evora
2025-03-01 14:00:00,14.3,67,0.1,13.3,Evora
2025-03-01 15:00:00,13.9,72,0.3,12.8,Evora
2025-03-01 16:00:00,13.2,73,0.1,12.5,Evora
2025-03-01 17:00:00,13.0,74,0.1,12.3,Evora
2025-03-01 18:00:00,11.8,79,0.0,12.0,Evora
2025-03-01 19:00:00,10.5,84,0.0,11.9,Evora
2025-03-01 20:00:00,10.5,84,0.0,14.8,Evora
2025-03-01 21:00:00,9.5,86,0.0,14.7,Evora
2025-03-01 22:00:00,9.1,86,0.0,13.6,Evora
2025-03-01 23:00:00,9.0,86,0.0,13.5,Evora
2025-03-02 00:00:00,9.2,87,0.0,14.6,Evora
2025-03-02 01:00:00,9.0,91,0.2,12.7,Evora
2025-03-02 02:00:00,9.0,92,0.3,13.3,Evora
2025-03-02 03:00:00,8.9,96,0.6,12.1,Evora
2025-03-02 04:00:00,8.8,97,0.5,11.9,Evora
2025-03-02 05:00:00,8.6,97,0.7,13.0,Evora
2025-03-02 06:00:00,8.6,98,0.3,13.8,Evora
2025-03-02 07:00:00,8.2,98,0.2,15.9,Evora
2025-03-02 08:00:00,8.3,95,0.3,17.2,Evora
2025-03-02 09:00:00,8.7,93,0.1,18.3,Evora
2025-03-02 10:00:00,8.9,92,0.0,19.3,Evora
2025-03-02 11:00:00,10.0,86,0.0,19.1,Evora
2025-03-02 12:00:00,11.1,81,0.0,16.4,Evora
2025-03-02 13:00:00,12.7,76,0.1,12.5,Evora
2025-03-02 14:00:00,13.0,74,0.2,11.9,Evora
2025-03-02 15:00:00,12.7,75,0.2,13.5,Evora
2025-03-02 16:00:00,11.0,88,4.5,13.3,Evora
2025-03-02 17:00:00,11.1,87,0.7,15.2,Evora
2025-03-02 18:00:00,10.2,93,2.0,13.9,Evora
2025-03-02 19:00:00,9.6,95,0.7,10.7,Evora
2025-03-02 20:00:00,9.7,97,0.2,11.9,Evora
2025-03-02 21:00:00,9.6,97,0.1,13.4,Evora
2025-03-02 22:00:00,9.5,98,0.2,13.3,Evora
2025-03-02 23:00:00,9.3,98,0.1,11.8,Evora
2025-03-03 00:00:00,9.3,98,0.0,11.8,Evora
2025-03-03 01:00:00,8.7,98,0.0,9.6,Evora
2025-03-03 02:00:00,8.5,99,0.0,9.0,Evora
2025-03-03 03:00:00,8.4,99,0.0,8.9,Evora
2025-03-03 04:00:00,8.7,98,0.0,9.1,Evora
2025-03-03 05:00:00,8.6,99,0.0,7.5,Evora
2025-03-03 06:00:00,8.1,99,0.0,8.0,Evora
2025-03-03 07:00:00,7.5,99,0.0,7.0,Evora
2025-03-03 08:00:00,8.2,98,0.0,7.3,Evora
2025-03-03 09:00:00,10.0,90,0.0,8.8,Evora
2025-03-03 10:00:00,11.6,86,0.1,9.8,Evora
2025-03-03 11:00:00,12.6,82,0.2,11.1,Evora
2025-03-03 12:00:00,13.2,79,0.3,11.7,Evora
2025-03-03 13:00:00,15.1,65,0.3,11.5,Evora
2025-03-03 14:00:00,11.6,80,3.8,14.2,Evora
2025-03-03 15:00:00,13.0,78,0.1,10.7,Evora
2025-03-03 16:00:00,13.8,69,0.1,12.8,Evora
2025-03-03 17:00:00,13.5,70,0.0,8.5,Evora
2025-03-03 18:00:00,12.3,81,0.0,5.2,Evora
2025-03-03 19:00:00,10.3,91,0.0,6.4,Evora
2025-03-03 20:00:00,9.8,94,0.0,7.5,Evora
2025-03-03 21:00:00,8.9,97,0.0,5.6,Evora
2025-03-03 22:00:00,9.1,97,0.0,7.8,Evora
2025-03-03 23:00:00,8.6,97,0.0,8.1,Evora
2025-03-04 00:00:00,8.0,98,0.0,8.1,Evora
2025-03-04 01:00:00,8.8,97,0.2,10.1,Evora
2025-03-04 02:00:00,8.9,98,0.1,11.8,Evora
2025-03-04 03:00:00,8.8,98,0.0,10.2,Evora
2025-03-04 04:00:00,8.9,98,0.0,10.1,Evora
2025-03-04 05:00:00,9.0,98,0.0,9.0,Evora
2025-03-04 06:00:00,8.7,98,0.0,8.5,Evora
2025-03-04 07:00:00,9.0,98,0.0,11.1,Evora
2025-03-04 08:00:00,9.4,97,0.0,15.3,Evora
2025-03-04 09:00:00,10.6,93,0.1,14.8,Evora
2025-03-04 10:00:00,11.9,92,0.4,7.0,Evora
2025-03-04 11:00:00,13.1,85,3.3,6.5,Evora
2025-03-04 12:00:00,14.1,84,0.4,9.9,Evora
2025-03-04 13:00:00,16.1,72,0.0,10.1,Evora
2025-03-04 14:00:00,16.7,66,0.1,9.5,Evora
2025-03-04 15:00:00,16.4,65,0.0,8.9,Evora
2025-03-04 16:00:00,14.4,77,0.1,16.4,Evora
2025-03-04 17:00:00,13.6,82,0.0,10.2,Evora
2025-03-04 18:00:00,12.8,86,0.0,7.2,Evora
2025-03-04 19:00:00,12.4,89,0.0,8.7,Evora
2025-03-04 20:00:00,11.9,93,0.0,9.5,Evora
2025-03-04 21:00:00,11.0,95,0.0,7.6,Evora
2025-03-04 22:00:00,10.5,97,0.0,8.5,Evora
2025-03-04 23:00:00,9.9,98,0.0,9.2,Evora
2025-03-05 00:00:00,9.7,98,0.0,9.2,Evora
2025-03-05 01:00:00,10.6,97,0.0,7.6,Evora
2025-03-05 02:00:00,10.3,98,0.0,5.8,Evora
2025-03-05 03:00:00,10.4,98,0.2,9.8,Evora
2025-03-05 04:00:00,10.1,98,0.2,4.4,Evora
2025-03-05 05:00:00,10.2,97,0.4,3.9,Evora
2025-03-05 06:00:00,10.2,98,4.3,6.1,Evora
2025-03-05 07:00:00,10.1,98,1.0,10.4,Evora
2025-03-05 08:00:00,10.7,95,0.3,11.3,Evora
2025-03-05 09:00:00,12.0,92,0.0,13.6,Evora
2025-03-05 10:00:00,13.4,88,0.1,14.5,Evora
2025-03-05 11:00:00,14.3,81,0.0,15.6,Evora
2025-03-05 12:00:00,14.7,78,0.0,12.8,Evora
2025-03-05 13:00:00,16.5,71,0.0,12.2,Evora
2025-03-05 14:00:00,17.1,70,0.1,9.9,Evora
2025-03-05 15:00:00,17.1,70,0.1,8.3,Evora
2025-03-05 16:00:00,16.8,69,0.1,10.7,Evora
2025-03-05 17:00:00,13.7,89,3.2,9.1,Evora
2025-03-05 18:00:00,13.0,94,0.1,0.5,Evora
2025-03-05 19:00:00,12.5,93,0.2,2.2,Evora
2025-03-05 20:00:00,12.1,96,1.5,5.3,Evora
2025-03-05 21:00:00,11.4,97,1.1,4.6,Evora
2025-03-05 22:00:00,11.6,95,0.1,6.9,Evora
2025-03-05 23:00:00,11.4,96,0.0,6.2,Evora
2025-03-06 00:00:00,11.2,97,0.1,6.5,Evora
2025-03-06 01:00:00,11.1,97,0.3,5.2,Evora
2025-03-06 02:00:00,11.0,98,0.4,4.5,Evora
2025-03-06 03:00:00,10.5,97,1.1,4.9,Evora
2025-03-06 04:00:00,10.8,97,0.3,6.9,Evora
2025-03-06 05:00:00,10.7,100,0.0,4.3,Evora
2025-03-06 06:00:00,10.9,100,0.0,7.7,Evora
2025-03-06 07:00:00,10.8,100,0.0,8.4,Evora
2025-03-06 08:00:00,11.0,98,0.0,6.7,Evora
2025-03-06 09:00:00,11.5,94,0.0,7.6,Evora
2025-03-06 10:00:00,12.0,91,0.0,9.4,Evora
2025-03-06 11:00:00,13.0,83,0.0,7.8,Evora
2025-03-06 12:00:00,14.8,73,0.0,7.6,Evora
2025-03-06 13:00:00,16.0,74,0.1,8.4,Evora
2025-03-06 14:00:00,16.6,64,0.0,10.8,Evora
2025-03-06 15:00:00,16.8,60,0.0,12.3,Evora
2025-03-06 16:00:00,16.2,62,0.0,15.5,Evora
2025-03-06 17:00:00,14.8,72,0.0,13.5,Evora
2025-03-06 18:00:00,13.7,79,0.0,6.3,Evora
2025-03-06 19:00:00,11.3,89,0.0,6.0,Evora
2025-03-06 20:00:00,10.7,90,0.0,6.9,Evora
2025-03-06 21:00:00,10.2,92,0.0,7.0,Evora
2025-03-06 22:00:00,8.9,95,0.0,4.8,Evora
2025-03-06 23:00:00,8.2,97,0.0,5.3,Evora
2025-03-07 00:00:00,8.2,97,0.0,6.1,Evora
2025-03-07 01:00:00,8.9,99,0.0,5.2,Evora
2025-03-07 02:00:00,8.7,100,0.0,5.7,Evora
2025-03-07 03:00:00,9.0,100,0.0,7.2,Evora
2025-03-07 04:00:00,9.3,100,0.0,9.8,Evora
2025-03-07 05:00:00,9.4,99,0.0,11.1,Evora
2025-03-07 06:00:00,9.4,98,0.0,11.5,Evora
2025-03-07 07:00:00,9.7,99,0.0,14.4,Evora
2025-03-07 08:00:00,10.3,98,0.0,15.7,Evora
2025-03-07 09:00:00,11.4,93,0.0,18.0,Evora
2025-03-07 10:00:00,12.1,89,0.0,19.9,Evora
2025-03-07 11:00:00,13.0,88,0.1,23.9,Evora
2025-03-07 12:00:00,13.8,83,0.1,26.6,Evora
2025-03-07 13:00:00,14.5,77,0.1,29.8,Evora
2025-03-07 14:00:00,15.7,75,0.0,28.1,Evora
2025-03-07 15:00:00,13.3,82,1.9,28.4,Evora
2025-03-07 16:00:00,12.1,94,1.4,28.3,Evora
2025-03-07 17:00:00,11.9,95,1.0,33.2,Evora
2025-03-07 18:00:00,11.5,94,0.4,23.5,Evora
2025-03-07 19:00:00,10.3,96,0.2,22.2,Evora
2025-03-07 20:00:00,9.8,95,0.0,14.4,Evora
2025-03-07 21:00:00,9.5,95,0.0,12.9,Evora
2025-03-07 22:00:00,9.3,95,0.0,12.1,Evora
2025-03-07 23:00:00,8.8,96,0.0,10.7,Evora
2025-03-08 00:00:00,9.1,97,0.0,12.4,Evora
2025-03-08 01:00:00,9.2,95,0.1,15.6,Evora
2025-03-08 02:00:00,9.4,94,0.1,22.0,Evora
2025-03-08 03:00:00,9.7,96,0.7,26.5,Evora
2025-03-08 04:00:00,10.0,97,3.1,25.0,Evora
2025-03-08 05:00:00,10.5,97,4.2,27.9,Evora
2025-03-08 06:00:00,10.8,98,5.0,38.8,Evora
2025-03-08 07:00:00,9.7,94,0.9,25.8,Evora
2025-03-08 08:00:00,9.1,93,0.8,28.3,Evora
2025-03-08 09:00:00,8.8,88,2.8,30.3,Evora
2025-03-08 10:00:00,9.6,82,0.1,29.1,Evora
2025-03-08 11:00:00,10.5,78,0.2,28.3,Evora
2025-03-08 12:00:00,11.5,72,0.1,27.7,Evora
2025-03-08 13:00:00,10.4,70,0.1,29.5,Evora
2025-03-08 14:00:00,10.5,71,0.3,24.1,Evora
2025-03-08 15:00:00,10.3,72,0.2,21.8,Evora
2025-03-08 16:00:00,10.5,74,0.0,23.7,Evora
2025-03-08 17:00:00,10.0,73,0.0,22.1,Evora
2025-03-08 18:00:00,9.3,78,0.0,19.4,Evora
2025-03-08 19:00:00,8.3,85,0.0,17.3,Evora
2025-03-08 20:00:00,8.0,86,0.0,19.4,Evora
2025-03-08 21:00:00,7.5,88,0.2,21.8,Evora
2025-03-08 22:00:00,7.5,88,0.1,24.7,Evora
2025-03-08 23:00:00,7.3,94,0.0,24.6,Evora
2025-03-09 00:00:00,7.2,95,0.1,21.8,Evora
2025-03-09 01:00:00,7.2,94,0.1,17.5,Evora
2025-03-09 02:00:00,6.2,99,1.2,17.5,Evora
2025-03-09 03:00:00,6.7,98,1.0,10.8,Evora
2025-03-09 04:00:00,6.8,99,0.4,9.8,Evora
2025-03-09 05:00:00,6.9,97,0.1,10.6,Evora
2025-03-09 06:00:00,6.8,98,0.0,12.6,Evora
2025-03-09 07:00:00,6.6,99,0.0,11.7,Evora
2025-03-09 08:00:00,7.0,98,0.0,13.9,Evora
2025-03-09 09:00:00,8.2,91,0.0,18.1,Evora
2025-03-09 10:00:00,9.5,88,0.1,16.1,Evora
2025-03-09 11:00:00,11.0,75,0.2,17.7,Evora
2025-03-09 12:00:00,11.4,69,0.1,18.1,Evora
2025-03-09 13:00:00,11.2,74,0.1,17.4,Evora
2025-03-09 14:00:00,12.5,65,0.1,18.7,Evora
2025-03-09 15:00:00,9.8,80,0.9,11.9,Evora
2025-03-09 16:00:00,11.6,68,0.4,14.9,Evora
2025-03-09 17:00:00,10.1,79,1.1,14.2,Evora
2025-03-09 18:00:00,9.5,85,0.1,11.3,Evora
2025-03-09 19:00:00,8.5,90,0.0,10.3,Evora
2025-03-09 20:00:00,7.7,95,0.0,9.9,Evora
2025-03-09 21:00:00,7.2,97,0.0,10.0,Evora
2025-03-09 22:00:00,7.1,97,0.0,10.9,Evora
2025-03-09 23:00:00,6.8,98,0.0,11.6,Evora
2025-03-10 00:00:00,7.4,96,0.1,11.1,Evora
2025-03-10 01:00:00,8.5,93,0.1,14.9,Evora
2025-03-10 02:00:00,8.2,96,0.2,13.7,Evora
2025-03-10 03:00:00,8.5,97,0.1,12.8,Evora
2025-03-10 04:00:00,7.9,99,0.0,10.6,Evora
2025-03-10 05:00:00,7.8,99,0.0,9.6,Evora
2025-03-10 06:00:00,8.2,99,0.0,12.4,Evora
2025-03-10 07:00:00,8.6,100,0.0,13.3,Evora
2025-03-10 08:00:00,9.0,98,0.0,16.5,Evora
2025-03-10 09:00:00,10.0,93,0.0,19.3,Evora
2025-03-10 10:00:00,11.3,88,0.1,20.4,Evora
2025-03-10 11:00:00,12.3,88,0.2,19.6,Evora
2025-03-10 12:00:00,11.7,85,1.4,22.9,Evora
2025-03-10 13:00:00,11.0,95,1.6,33.3,Evora
2025-03-10 14:00:00,11.3,93,1.9,29.3,Evora
2025-03-10 15:00:00,11.0,95,2.7,23.2,Evora
2025-03-10 16:00:00,11.8,94,0.1,23.3,Evora
2025-03-10 17:00:00,11.3,89,0.7,26.3,Evora
2025-03-10 18:00:00,10.9,93,0.6,24.2,Evora
2025-03-10 19:00:00,10.6,97,0.1,23.7,Evora
2025-03-10 20:00:00,10.1,96,0.1,21.3,Evora
2025-03-10 21:00:00,9.9,95,0.2,21.9,Evora
2025-03-10 22:00:00,10.4,96,0.3,24.4,Evora
2025-03-10 23:00:00,10.0,98,0.1,22.6,Evora
2025-03-11 00:00:00,9.8,98,0.1,20.9,Evora
2025-03-11 01:00:00,10.2,99,1.0,19.3,Evora
2025-03-11 02:00:00,10.0,97,0.3,25.1,Evora
2025-03-11 03:00:00,9.8,97,0.3,23.9,Evora
2025-03-11 04:00:00,10.1,97,0.3,23.9,Evora
2025-03-11 05:00:00,9.9,98,0.1,22.5,Evora
2025-03-11 06:00:00,9.7,99,0.1,18.8,Evora
2025-03-11 07:00:00,10.0,98,0.4,18.8,Evora
2025-03-11 08:00:00,10.3,95,0.1,20.8,Evora
2025-03-11 09:00:00,11.0,93,0.1,19.6,Evora
2025-03-11 10:00:00,11.4,87,0.2,20.4,Evora
2025-03-11 11:00:00,13.0,83,0.1,21.8,Evora
2025-03-11 12:00:00,13.9,73,0.1,23.9,Evora
2025-03-11 13:00:00,13.2,82,0.6,19.6,Evora
2025-03-11 14:00:00,14.5,72,0.3,21.1,Evora
2025-03-11 15:00:00,14.3,67,0.1,20.6,Evora
2025-03-11 16:00:00,14.8,64,0.1,22.0,Evora
2025-03-11 17:00:00,14.2,68,0.0,20.0,Evora
2025-03-11 18:00:00,13.2,73,0.0,17.8,Evora
2025-03-11 19:00:00,11.7,79,0.0,17.0,Evora
2025-03-11 20:00:00,10.6,83,0.0,14.5,Evora
2025-03-11 21:00:00,9.8,88,0.0,15.3,Evora
2025-03-11 22:00:00,9.4,93,0.0,15.2,Evora
2025-03-11 23:00:00,8.8,95,0.0,12.7,Evora
2025-03-12 00:00:00,8.2,97,0.0,12.8,Evora
2025-03-12 01:00:00,8.3,97,0.0,13.3,Evora
2025-03-12 02:00:00,8.2,98,0.0,12.7,Evora
2025-03-12 03:00:00,7.8,98,0.0,10.7,Evora
2025-03-12 04:00:00,7.4,98,0.0,9.0,Evora
2025-03-12 05:00:00,7.2,98,0.0,7.6,Evora
2025-03-12 06:00:00,7.4,99,0.0,8.1,Evora
2025-03-12 07:00:00,7.5,99,0.0,6.7,Evora
2025-03-12 08:00:00,8.7,97,0.0,7.0,Evora
2025-03-12 09:00:00,9.7,95,0.0,2.8,Evora
2025-03-12 10:00:00,10.3,92,0.0,6.7,Evora
2025-03-12 11:00:00,10.9,89,0.0,6.7,Evora
2025-03-12 12:00:00,12.0,82,0.0,6.0,Evora
2025-03-12 13:00:00,13.3,75,0.7,7.9,Evora
2025-03-12 14:00:00,14.2,68,0.3,11.9,Evora
2025-03-12 15:00:00,12.9,83,0.6,7.7,Evora
2025-03-12 16:00:00,12.9,84,0.9,11.3,Evora
2025-03-12 17:00:00,12.3,91,2.1,7.9,Evora
2025-03-12 18:00:00,12.0,95,1.7,9.3,Evora
2025-03-12 19:00:00,11.1,98,0.2,8.9,Evora
2025-03-12 20:00:00,11.1,98,0.0,10.0,Evora
2025-03-12 21:00:00,11.1,98,0.0,9.9,Evora
2025-03-12 22:00:00,11.2,100,0.0,10.2,Evora
2025-03-12 23:00:00,11.5,100,0.0,13.5,Evora
2025-03-13 00:00:00,11.5,100,0.0,8.6,Evora
2025-03-13 01:00:00,10.5,100,0.0,8.2,Evora
2025-03-13 02:00:00,10.8,100,0.0,12.7,Evora
2025-03-13 03:00:00,10.9,98,0.1,7.4,Evora
2025-03-13 04:00:00,10.2,100,0.5,8.2,Evora
2025-03-13 05:00:00,9.9,100,0.1,4.2,Evora
2025-03-13 06:00:00,9.3,95,1.7,6.3,Evora
2025-03-13 07:00:00,9.4,96,1.5,8.6,Evora
2025-03-13 08:00:00,9.6,98,0.7,12.3,Evora
2025-03-13 09:00:00,9.8,98,0.8,11.8,Evora
2025-03-13 10:00:00,10.6,93,0.4,12.1,Evora
2025-03-13 11:00:00,11.7,86,0.3,11.0,Evora
2025-03-13 12:00:00,11.2,88,4.5,10.2,Evora
2025-03-13 13:00:00,14.4,69,0.1,7.0,Evora
2025-03-13 14:00:00,14.5,62,0.1,9.3,Evora
2025-03-13 15:00:00,13.8,62,0.0,10.2,Evora
2025-03-13 16:00:00,14.0,61,0.0,10.8,Evora
2025-03-13 17:00:00,13.0,68,0.0,13.2,Evora
2025-03-13 18:00:00,12.0,80,0.1,10.9,Evora
2025-03-13 19:00:00,11.0,84,0.3,9.4,Evora
2025-03-13 20:00:00,9.8,92,0.1,5.3,Evora
2025-03-13 21:00:00,8.4,96,0.0,5.6,Evora
2025-03-13 22:00:00,8.2,96,0.0,7.5,Evora
2025-03-13 23:00:00,8.1,97,0.0,8.3,Evora
2025-03-14 00:00:00,8.0,96,0.0,9.1,Evora
2025-03-14 01:00:00,7.9,95,1.2,5.0,Evora
2025-03-14 02:00:00,7.5,93,1.9,7.9,Evora
2025-03-14 03:00:00,7.9,96,0.8,4.7,Evora
2025-03-14 04:00:00,6.3,99,0.0,5.6,Evora
2025-03-14 05:00:00,7.2,99,0.0,7.9,Evora
2025-03-14 06:00:00,6.8,98,0.0,9.3,Evora
2025-03-14 07:00:00,6.5,97,0.0,12.6,Evora
2025-03-14 08:00:00,7.2,94,0.0,14.1,Evora
2025-03-14 09:00:00,8.7,86,0.0,18.2,Evora
2025-03-14 10:00:00,10.0,78,0.0,18.0,Evora
2025-03-14 11:00:00,11.2,70,0.0,14.9,Evora
2025-03-14 12:00:00,12.4,58,0.0,14.2,Evora
2025-03-14 13:00:00,12.9,49,0.0,15.7,Evora
2025-03-14 14:00:00,13.5,47,0.0,17.0,Evora
2025-03-14 15:00:00,13.2,47,0.0,17.0,Evora
2025-03-14 16:00:00,12.7,44,0.0,15.0,Evora
2025-03-14 17:00:00,12.5,49,0.0,9.4,Evora
2025-03-14 18:00:00,11.5,62,0.0,4.9,Evora
2025-03-14 19:00:00,9.6,59,0.0,10.5,Evora
2025-03-14 20:00:00,8.7,59,0.0,20.2,Evora
2025-03-14 21:00:00,8.1,66,0.0,18.4,Evora
2025-03-14 22:00:00,7.3,69,0.0,16.7,Evora
2025-03-14 23:00:00,6.6,73,0.0,15.5,Evora
2025-03-15 00:00:00,6.2,76,0.0,14.0,Evora
2025-03-15 01:00:00,6.3,83,0.0,12.8,Evora
2025-03-15 02:00:00,6.0,85,0.0,12.7,Evora
2025-03-15 03:00:00,5.7,87,0.0,12.9,Evora
2025-03-15 04:00:00,5.5,89,0.0,12.2,Evora
2025-03-15 05:00:00,5.3,90,0.0,10.9,Evora
2025-03-15 06:00:00,5.0,91,0.0,9.3,Evora
2025-03-15 07:00:00,4.6,91,0.0,7.7,Evora
2025-03-15 08:00:00,6.8,86,0.0,8.9,Evora
2025-03-15 09:00:00,9.5,78,0.0,6.7,Evora
2025-03-15 10:00:00,11.1,65,0.1,9.2,Evora
2025-03-15 11:00:00,12.1,60,0.1,10.5,Evora
2025-03-15 12:00:00,12.3,58,0.2,11.7,Evora
2025-03-15 13:00:00,12.9,58,0.1,11.9,Evora
2025-03-15 14:00:00,13.0,56,0.1,14.9,Evora
2025-03-15 15:00:00,12.6,65,0.0,14.8,Evora
2025-03-15 16:00:00,13.0,64,0.0,16.7,Evora
2025-03-15 17:00:00,12.3,65,0.0,15.5,Evora
2025-03-15 18:00:00,11.3,70,0.0,13.5,Evora
2025-03-15 19:00:00,9.6,79,0.0,9.0,Evora
2025-03-15 20:00:00,8.6,84,0.0,7.5,Evora
2025-03-15 21:00:00,8.5,85,0.0,11.8,Evora
2025-03-15 22:00:00,7.9,92,0.1,11.1,Evora
2025-03-15 23:00:00,7.1,97,0.0,10.3,Evora
2025-03-16 00:00:00,7.2,97,0.3,11.4,Evora
2025-03-16 01:00:00,7.8,93,2.8,17.4,Evora
2025-03-16 02:00:00,7.4,97,0.5,13.3,Evora
2025-03-16 03:00:00,7.8,97,3.7,12.7,Evora
2025-03-16 04:00:00,7.2,99,0.0,11.1,Evora
2025-03-16 05:00:00,7.1,100,0.0,9.4,Evora
2025-03-16 06:00:00,7.1,100,0.0,7.7,Evora
2025-03-16 07:00:00,7.0,100,0.0,7.1,Evora
2025-03-16 08:00:00,7.6,99,0.0,7.4,Evora
2025-03-16 09:00:00,9.2,92,0.0,9.2,Evora
2025-03-16 10:00:00,11.4,79,0.0,9.3,Evora
2025-03-16 11:00:00,12.8,66,0.0,14.0,Evora
2025-03-16 12:00:00,13.5,63,0.0,15.3,Evora
2025-03-16 13:00:00,14.7,57,0.0,14.4,Evora
2025-03-16 14:00:00,15.5,51,0.0,14.4,Evora
2025-03-16 15:00:00,15.5,50,0.0,14.3,Evora
2025-03-16 16:00:00,13.8,66,0.4,14.1,Evora
2025-03-16 17:00:00,12.6,84,1.4,7.6,Evora
2025-03-16 18:00:00,11.6,94,0.9,8.5,Evora
2025-03-16 19:00:00,11.1,96,1.4,10.8,Evora
2025-03-16 20:00:00,10.9,97,2.2,14.8,Evora
2025-03-16 21:00:00,10.8,97,4.7,13.7,Evora
2025-03-16 22:00:00,10.5,98,4.4,12.4,Evora
2025-03-16 23:00:00,10.3,99,1.7,11.4,Evora
2025-03-17 00:00:00,10.3,99,1.9,9.4,Evora
2025-03-17 01:00:00,10.4,99,0.5,11.2,Evora
2025-03-17 02:00:00,10.4,99,0.1,8.3,Evora
2025-03-17 03:00:00,10.2,100,0.0,2.9,Evora
2025-03-17 04:00:00,10.6,100,0.0,4.0,Evora
2025-03-17 05:00:00,10.9,100,0.1,5.5,Evora
2025-03-17 06:00:00,10.9,99,0.0,8.2,Evora
2025-03-17 07:00:00,10.3,99,0.0,8.6,Evora
2025-03-17 08:00:00,11.0,98,0.0,10.3,Evora
2025-03-17 09:00:00,11.9,93,0.2,11.5,Evora
2025-03-17 10:00:00,12.7,88,0.3,16.2,Evora
2025-03-17 11:00:00,13.2,89,1.3,13.3,Evora
2025-03-17 12:00:00,14.0,75,0.3,17.9,Evora
2025-03-17 13:00:00,15.7,65,0.0,16.3,Evora
2025-03-17 14:00:00,15.1,64,0.1,18.9,Evora
2025-03-17 15:00:00,14.7,77,2.1,12.3,Evora
2025-03-17 16:00:00,14.0,82,0.9,11.6,Evora
2025-03-17 17:00:00,12.4,89,4.4,12.6,Evora
2025-03-17 18:00:00,11.6,93,0.8,13.1,Evora
2025-03-17 19:00:00,11.2,95,3.5,13.7,Evora
2025-03-17 20:00:00,10.8,96,3.9,14.8,Evora
2025-03-17 21:00:00,10.9,96,2.9,17.3,Evora
2025-03-17 22:00:00,10.9,94,0.3,16.2,Evora
2025-03-17 23:00:00,10.8,95,0.0,15.0,Evora
2025-03-18 00:00:00,10.5,97,1.1,16.4,Evora
2025-03-18 01:00:00,10.0,91,0.0,12.0,Evora
2025-03-18 02:00:00,9.4,94,0.0,12.4,Evora
2025-03-18 03:00:00,8.8,98,0.0,14.3,Evora
2025-03-18 04:00:00,8.9,100,0.0,15.6,Evora
2025-03-18 05:00:00,8.9,100,0.0,15.5,Evora
2025-03-18 06:00:00,9.2,99,0.0,14.4,Evora
2025-03-18 07:00:00,9.2,99,0.0,9.8,Evora
2025-03-18 08:00:00,9.8,97,0.0,9.9,Evora
2025-03-18 09:00:00,11.1,91,0.0,10.4,Evora
2025-03-18 10:00:00,12.7,80,0.0,12.0,Evora
2025-03-18 11:00:00,14.1,70,0.1,14.0,Evora
2025-03-18 12:00:00,14.8,73,0.6,15.2,Evora
2025-03-18 13:00:00,15.1,72,0.3,18.2,Evora
2025-03-18 14:00:00,15.6,71,0.0,17.2,Evora
2025-03-18 15:00:00,15.7,69,0.0,15.9,Evora
2025-03-18 16:00:00,14.9,71,0.2,16.8,Evora
2025-03-18 17:00:00,14.3,74,0.1,16.2,Evora
2025-03-18 18:00:00,13.7,79,0.0,10.3,Evora
2025-03-18 19:00:00,11.9,87,0.0,7.8,Evora
2025-03-18 20:00:00,10.9,91,0.0,8.9,Evora
2025-03-18 21:00:00,10.5,93,0.0,9.1,Evora
2025-03-18 22:00:00,10.0,94,0.0,9.4,Evora
2025-03-18 23:00:00,9.6,95,0.0,9.7,Evora
2025-03-19 00:00:00,9.6,96,0.0,11.9,Evora
2025-03-19 01:00:00,10.4,97,0.0,14.5,Evora
2025-03-19 02:00:00,10.2,98,0.0,16.2,Evora
2025-03-19 03:00:00,10.3,98,0.0,18.1,Evora
2025-03-19 04:00:00,10.4,98,0.0,19.8,Evora
2025-03-19 05:00:00,10.6,97,0.0,20.9,Evora
2025-03-19 06:00:00,10.8,97,0.1,22.3,Evora
2025-03-19 07:00:00,11.0,96,0.3,21.7,Evora
2025-03-19 08:00:00,11.2,96,1.5,21.7,Evora
2025-03-19 09:00:00,12.2,93,0.5,24.0,Evora
2025-03-19 10:00:00,13.8,86,0.1,25.8,Evora
2025-03-19 11:00:00,14.9,84,0.4,27.9,Evora
2025-03-19 12:00:00,16.2,67,0.1,33.1,Evora
2025-03-19 13:00:00,16.6,63,0.1,34.5,Evora
2025-03-19 14:00:00,16.9,59,0.1,35.6,Evora
2025-03-19 15:00:00,16.5,65,0.2,35.5,Evora
2025-03-19 16:00:00,16.7,63,0.1,35.6,Evora
2025-03-19 17:00:00,16.2,64,0.0,31.0,Evora
2025-03-19 18:00:00,15.9,64,0.0,29.0,Evora
2025-03-19 19:00:00,15.4,65,0.0,30.2,Evora
2025-03-19 20:00:00,14.1,75,0.5,32.1,Evora
2025-03-19 21:00:00,14.0,77,0.3,31.8,Evora
2025-03-19 22:00:00,13.4,79,0.7,32.4,Evora
2025-03-19 23:00:00,13.0,79,0.6,33.3,Evora
2025-03-20 00:00:00,13.3,75,0.7,34.2,Evora
2025-03-20 01:00:00,12.5,88,3.2,41.3,Evora
2025-03-20 02:00:00,12.7,89,2.9,44.9,Evora
2025-03-20 03:00:00,11.3,93,3.8,42.0,Evora
2025-03-20 04:00:00,10.4,90,0.2,27.5,Evora
2025-03-20 05:00:00,9.9,90,0.5,24.0,Evora
2025-03-20 06:00:00,9.4,93,0.0,18.1,Evora
2025-03-20 07:00:00,9.1,94,0.2,15.3,Evora
2025-03-20 08:00:00,10.1,92,0.0,16.1,Evora
2025-03-20 09:00:00,11.2,85,0.2,19.1,Evora
2025-03-20 10:00:00,13.0,73,0.3,23.1,Evora
2025-03-20 11:00:00,14.3,63,0.1,22.9,Evora
2025-03-20 12:00:00,15.4,54,0.1,24.4,Evora
2025-03-20 13:00:00,15.4,57,0.1,25.7,Evora
2025-03-20 14:00:00,15.2,64,0.1,25.3,Evora
2025-03-20 15:00:00,14.1,76,1.2,25.1,Evora
2025-03-20 16:00:00,14.0,80,0.5,25.6,Evora
2025-03-20 17:00:00,12.9,87,3.3,22.9,Evora
2025-03-20 18:00:00,11.6,95,3.4,20.0,Evora
2025-03-20 19:00:00,11.6,92,1.0,24.5,Evora
2025-03-20 20:00:00,10.6,94,2.5,25.2,Evora
2025-03-20 21:00:00,10.4,97,1.2,24.3,Evora
2025-03-20 22:00:00,10.1,96,1.7,24.3,Evora
2025-03-20 23:00:00,9.7,99,1.0,23.7,Evora
2025-03-21 00:00:00,9.7,99,0.3,18.3,Evora
2025-03-21 01:00:00,9.4,96,0.0,21.5,Evora
2025-03-21 02:00:00,8.9,96,0.0,16.4,Evora
2025-03-21 03:00:00,8.9,94,0.0,17.2,Evora
2025-03-21 04:00:00,8.7,92,0.1,18.0,Evora
2025-03-21 05:00:00,8.8,92,0.4,18.4,Evora
2025-03-21 06:00:00,8.6,96,0.8,19.8,Evora
2025-03-21 07:00:00,9.1,96,2.0,24.5,Evora
2025-03-21 08:00:00,9.7,97,1.6,23.3,Evora
2025-03-21 09:00:00,10.1,97,2.5,21.3,Evora
2025-03-21 10:00:00,10.9,99,2.1,17.8,Evora
2025-03-21 11:00:00,12.3,97,0.5,19.1,Evora
2025-03-21 12:00:00,13.4,90,0.5,20.0,Evora
2025-03-21 13:00:00,15.7,71,0.2,28.0,Evora
2025-03-21 14:00:00,12.3,87,2.2,29.3,Evora
2025-03-21 15:00:00,13.0,90,0.2,24.0,Evora
2025-03-21 16:00:00,12.2,90,2.3,32.6,Evora
2025-03-21 17:00:00,11.7,90,2.1,34.3,Evora
2025-03-21 18:00:00,11.0,92,0.4,27.1,Evora
2025-03-21 19:00:00,10.0,93,0.3,23.6,Evora
2025-03-21 20:00:00,9.3,88,0.1,22.5,Evora
2025-03-21 21:00:00,8.5,86,0.0,18.7,Evora
2025-03-21 22:00:00,8.1,86,0.0,18.8,Evora
2025-03-21 23:00:00,8.0,83,0.0,19.2,Evora
2025-03-22 00:00:00,8.0,79,0.0,19.7,Evora
2025-03-22 01:00:00,7.6,83,0.0,18.9,Evora
2025-03-22 02:00:00,7.6,82,0.0,21.2,Evora
2025-03-22 03:00:00,7.7,81,0.0,22.4,Evora
2025-03-22 04:00:00,7.4,85,0.0,21.3,Evora
2025-03-22 05:00:00,7.8,87,0.2,26.1,Evora
2025-03-22 06:00:00,8.3,88,0.4,27.8,Evora
2025-03-22 07:00:00,8.4,93,0.2,25.8,Evora
2025-03-22 08:00:00,9.2,91,0.0,23.6,Evora
2025-03-22 09:00:00,9.6,85,0.1,24.7,Evora
2025-03-22 10:00:00,11.0,76,0.1,27.6,Evora
2025-03-22 11:00:00,10.8,79,0.1,23.2,Evora
2025-03-22 12:00:00,11.2,70,1.4,27.3,Evora
2025-03-22 13:00:00,10.3,80,0.8,19.2,Evora
2025-03-22 14:00:00,9.5,74,0.2,24.7,Evora
2025-03-22 15:00:00,9.4,75,0.6,28.2,Evora
2025-03-22 16:00:00,10.4,66,0.6,28.7,Evora
2025-03-22 17:00:00,10.5,66,0.1,24.6,Evora
2025-03-22 18:00:00,9.5,72,0.0,19.3,Evora
2025-03-22 19:00:00,8.6,78,0.0,16.4,Evora
2025-03-22 20:00:00,7.8,84,0.0,14.8,Evora
2025-03-22 21:00:00,7.2,90,0.0,13.4,Evora
2025-03-22 22:00:00,6.9,94,0.0,12.4,Evora
2025-03-22 23:00:00,7.2,94,0.1,13.5,Evora
2025-03-23 00:00:00,6.9,96,0.1,12.9,Evora
2025-03-23 01:00:00,6.9,99,0.0,9.2,Evora
2025-03-23 02:00:00,6.5,100,0.0,8.1,Evora
2025-03-23 03:00:00,7.1,99,0.4,9.2,Evora
2025-03-23 04:00:00,7.2,98,0.2,11.1,Evora
2025-03-23 05:00:00,7.2,99,0.3,9.7,Evora
2025-03-23 06:00:00,7.3,97,0.1,13.9,Evora
2025-03-23 07:00:00,6.7,97,0.0,15.4,Evora
2025-03-23 08:00:00,7.1,96,0.0,19.3,Evora
2025-03-23 09:00:00,7.9,89,0.0,22.0,Evora
2025-03-23 10:00:00,9.1,75,0.0,24.8,Evora
2025-03-23 11:00:00,10.4,67,0.0,23.7,Evora
2025-03-23 12:00:00,11.9,57,0.0,21.4,Evora
2025-03-23 13:00:00,12.6,51,0.0,20.2,Evora
2025-03-23 14:00:00,12.9,49,0.1,23.0,Evora
2025-03-23 15:00:00,11.9,61,0.5,23.0,Evora
2025-03-23 16:00:00,10.0,79,0.3,14.4,Evora
2025-03-23 17:00:00,11.2,63,0.0,19.9,Evora
2025-03-23 18:00:00,10.1,69,0.0,17.3,Evora
2025-03-23 19:00:00,8.9,75,0.0,17.9,Evora
2025-03-23 20:00:00,8.1,79,0.0,19.5,Evora
2025-03-23 21:00:00,7.5,82,0.0,18.8,Evora
2025-03-23 22:00:00,7.1,83,0.0,19.1,Evora
2025-03-23 23:00:00,6.9,83,0.0,18.3,Evora
2025-03-24 00:00:00,6.7,84,0.0,16.7,Evora
2025-03-24 01:00:00,6.3,91,0.0,13.2,Evora
2025-03-24 02:00:00,6.4,90,0.0,14.3,Evora
2025-03-24 03:00:00,6.0,93,0.0,14.4,Evora
2025-03-24 04:00:00,5.9,93,0.0,16.4,Evora
2025-03-24 05:00:00,5.7,94,0.0,16.1,Evora
2025-03-24 06:00:00,5.6,94,0.0,15.5,Evora
2025-03-24 07:00:00,5.7,94,0.0,16.3,Evora
2025-03-24 08:00:00,7.4,89,0.0,14.2,Evora
2025-03-24 09:00:00,9.3,79,0.0,16.5,Evora
2025-03-24 10:00:00,11.1,73,0.0,13.5,Evora
2025-03-24 11:00:00,12.8,67,0.0,11.6,Evora
2025-03-24 12:00:00,14.0,64,0.0,10.9,Evora
2025-03-24 13:00:00,15.6,52,0.0,13.7,Evora
2025-03-24 14:00:00,16.1,50,0.0,13.1,Evora
2025-03-24 15:00:00,16.0,54,0.0,12.6,Evora
2025-03-24 16:00:00,15.3,59,0.1,14.0,Evora
2025-03-24 17:00:00,15.3,58,0.0,10.1,Evora
2025-03-24 18:00:00,13.9,67,0.0,12.7,Evora
2025-03-24 19:00:00,12.0,73,0.0,14.7,Evora
2025-03-24 20:00:00,10.9,77,0.0,17.2,Evora
2025-03-24 21:00:00,9.8,82,0.0,17.1,Evora
2025-03-24 22:00:00,9.0,87,0.0,16.5,Evora
2025-03-24 23:00:00,8.4,91,0.0,15.3,Evora
2025-03-25 00:00:00,7.9,94,0.0,13.9,Evora
2025-03-25 01:00:00,8.3,96,0.0,13.6,Evora
2025-03-25 02:00:00,8.4,97,0.0,12.1,Evora
2025-03-25 03:00:00,8.9,96,0.0,10.6,Evora
2025-03-25 04:00:00,8.9,97,0.0,9.8,Evora
2025-03-25 05:00:00,8.8,98,0.0,7.4,Evora
2025-03-25 06:00:00,8.8,97,0.0,7.7,Evora
2025-03-25 07:00:00,8.8,97,0.0,8.8,Evora
2025-03-25 08:00:00,9.7,93,0.0,10.1,Evora
2025-03-25 09:00:00,11.5,85,0.0,7.6,Evora
2025-03-25 10:00:00,13.2,76,0.0,6.8,Evora
2025-03-25 11:00:00,14.6,70,0.0,5.7,Evora
2025-03-25 12:00:00,15.8,64,0.1,8.3,Evora
2025-03-25 13:00:00,17.0,56,0.0,10.9,Evora
2025-03-25 14:00:00,17.4,54,0.0,10.5,Evora
2025-03-25 15:00:00,17.6,53,0.0,11.1,Evora
2025-03-25 16:00:00,17.2,53,0.0,11.7,Evora
2025-03-25 17:00:00,16.8,57,0.0,8.2,Evora
2025-03-25 18:00:00,15.8,66,0.0,5.3,Evora
2025-03-25 19:00:00,13.0,69,0.0,5.8,Evora
2025-03-25 20:00:00,11.9,72,0.0,4.2,Evora
2025-03-25 21:00:00,11.0,77,0.0,7.0,Evora
2025-03-25 22:00:00,10.6,85,0.0,9.6,Evora
2025-03-25 23:00:00,9.8,90,0.0,7.7,Evora
2025-03-26 00:00:00,8.9,91,0.0,6.0,Evora
2025-03-26 01:00:00,9.4,92,0.0,7.3,Evora
2025-03-26 02:00:00,8.7,92,0.0,7.5,Evora
2025-03-26 03:00:00,8.3,93,0.0,8.5,Evora
2025-03-26 04:00:00,7.8,94,0.0,7.7,Evora
2025-03-26 05:00:00,7.3,94,0.0,6.7,Evora
2025-03-26 06:00:00,7.1,93,0.0,6.5,Evora
2025-03-26 07:00:00,7.7,92,0.0,6.3,Evora
2025-03-26 08:00:00,10.7,86,0.0,6.4,Evora
2025-03-26 09:00:00,13.6,77,0.0,3.7,Evora
2025-03-26 10:00:00,15.5,67,0.0,3.6,Evora
2025-03-26 11:00:00,17.0,60,0.0,1.6,Evora
2025-03-26 12:00:00,18.1,52,0.0,3.6,Evora
2025-03-26 13:00:00,19.0,45,0.0,7.5,Evora
2025-03-26 14:00:00,18.9,44,0.0,11.4,Evora
2025-03-26 15:00:00,18.6,45,0.0,11.8,Evora
2025-03-26 16:00:00,18.3,46,0.0,10.5,Evora
2025-03-26 17:00:00,17.6,53,0.0,10.3,Evora
2025-03-26 18:00:00,16.1,64,0.0,12.8,Evora
2025-03-26 19:00:00,13.7,77,0.0,11.5,Evora
2025-03-26 20:00:00,12.6,79,0.0,15.7,Evora
2025-03-26 21:00:00,11.2,82,0.0,16.1,Evora
2025-03-26 22:00:00,10.1,89,0.0,15.2,Evora
2025-03-26 23:00:00,9.3,93,0.0,13.9,Evora
2025-03-27 00:00:00,8.7,94,0.0,12.4,Evora
2025-03-27 01:00:00,8.3,95,0.0,11.0,Evora
2025-03-27 02:00:00,7.9,96,0.0,10.9,Evora
2025-03-27 03:00:00,7.6,97,0.0,9.2,Evora
2025-03-27 04:00:00,7.1,98,0.0,7.7,Evora
2025-03-27 05:00:00,6.7,98,0.0,5.9,Evora
2025-03-27 06:00:00,6.5,98,0.0,5.6,Evora
2025-03-27 07:00:00,7.3,97,0.0,6.7,Evora
2025-03-27 08:00:00,9.5,91,0.0,7.7,Evora
2025-03-27 09:00:00,11.4,76,0.0,11.1,Evora
2025-03-27 10:00:00,12.4,70,0.0,7.2,Evora
2025-03-27 11:00:00,13.4,66,0.0,5.1,Evora
2025-03-27 12:00:00,14.4,61,0.0,5.6,Evora
2025-03-27 13:00:00,15.8,55,0.0,8.2,Evora
2025-03-27 14:00:00,16.3,54,0.0,7.7,Evora
2025-03-27 15:00:00,16.9,52,0.0,7.9,Evora
2025-03-27 16:00:00,16.6,54,0.0,8.7,Evora
2025-03-27 17:00:00,16.1,56,0.0,9.3,Evora
2025-03-27 18:00:00,14.8,68,0.0,5.4,Evora
2025-03-27 19:00:00,12.5,73,0.0,4.5,Evora
2025-03-27 20:00:00,11.0,81,0.0,6.9,Evora
2025-03-27 21:00:00,10.4,85,0.0,9.0,Evora
2025-03-27 22:00:00,9.8,90,0.0,10.3,Evora
2025-03-27 23:00:00,9.8,93,0.0,12.0,Evora
2025-03-28 00:00:00,9.5,95,0.0,12.6,Evora
2025-03-28 01:00:00,9.4,97,0.0,12.7,Evora
2025-03-28 02:00:00,9.2,97,0.0,12.2,Evora
2025-03-28 03:00:00,8.8,98,0.0,11.0,Evora
2025-03-28 04:00:00,8.7,99,0.0,10.6,Evora
2025-03-28 05:00:00,8.9,99,0.0,11.2,Evora
2025-03-28 06:00:00,8.9,99,0.0,10.3,Evora
2025-03-28 07:00:00,8.8,99,0.0,9.6,Evora
2025-03-28 08:00:00,10.5,93,0.0,7.4,Evora
2025-03-28 09:00:00,13.3,85,0.0,6.4,Evora
2025-03-28 10:00:00,16.1,72,0.0,6.8,Evora
2025-03-28 11:00:00,17.9,59,0.0,8.5,Evora
2025-03-28 12:00:00,18.8,53,0.0,10.6,Evora
2025-03-28 13:00:00,19.7,50,0.0,10.7,Evora
2025-03-28 14:00:00,20.0,51,0.0,10.9,Evora
2025-03-28 15:00:00,20.2,52,0.0,10.0,Evora
2025-03-28 16:00:00,20.5,51,0.0,9.5,Evora
2025-03-28 17:00:00,19.9,53,0.0,10.0,Evora
2025-03-28 18:00:00,17.9,60,0.0,10.0,Evora
2025-03-28 19:00:00,15.5,61,0.0,11.6,Evora
2025-03-28 20:00:00,14.4,71,0.0,14.8,Evora
2025-03-28 21:00:00,12.9,76,0.0,14.5,Evora
2025-03-28 22:00:00,11.6,76,0.0,14.2,Evora
2025-03-28 23:00:00,10.5,77,0.0,12.6,Evora
2025-03-29 00:00:00,9.6,81,0.0,11.8,Evora
2025-03-29 01:00:00,9.2,84,0.0,10.1,Evora
2025-03-29 02:00:00,8.7,89,0.0,8.8,Evora
2025-03-29 03:00:00,8.4,91,0.0,8.7,Evora
2025-03-29 04:00:00,8.3,90,0.0,8.1,Evora
2025-03-29 05:00:00,8.2,89,0.0,6.9,Evora
2025-03-29 06:00:00,8.5,86,0.0,7.1,Evora
2025-03-29 07:00:00,9.4,83,0.0,7.8,Evora
2025-03-29 08:00:00,12.4,80,0.0,8.0,Evora
2025-03-29 09:00:00,15.5,71,0.0,6.9,Evora
2025-03-29 10:00:00,17.5,61,0.0,6.7,Evora
2025-03-29 11:00:00,19.1,56,0.0,8.2,Evora
2025-03-29 12:00:00,20.3,49,0.0,11.7,Evora
2025-03-29 13:00:00,21.1,46,0.0,11.0,Evora
2025-03-29 14:00:00,21.6,46,0.0,10.8,Evora
2025-03-29 15:00:00,21.6,46,0.0,11.8,Evora
2025-03-29 16:00:00,21.3,48,0.0,12.4,Evora
2025-03-29 17:00:00,20.6,56,0.0,8.3,Evora
2025-03-29 18:00:00,18.7,66,0.0,6.6,Evora
2025-03-29 19:00:00,15.9,67,0.0,8.1,Evora
2025-03-29 20:00:00,15.8,58,0.0,10.9,Evora
2025-03-29 21:00:00,14.8,61,0.0,11.5,Evora
2025-03-29 22:00:00,14.0,65,0.0,11.9,Evora
2025-03-29 23:00:00,13.2,62,0.0,12.7,Evora
2025-03-30 00:00:00,12.2,60,0.0,13.0,Evora
2025-03-30 01:00:00,12.5,56,0.0,15.0,Evora
2025-03-30 02:00:00,12.5,58,0.0,16.3,Evora
2025-03-30 03:00:00,11.8,58,0.0,14.4,Evora
2025-03-30 04:00:00,10.9,60,0.0,13.8,Evora
2025-03-30 05:00:00,10.4,60,0.0,15.2,Evora
2025-03-30 06:00:00,10.1,60,0.0,16.3,Evora
2025-03-30 07:00:00,9.9,63,0.0,15.7,Evora
2025-03-30 08:00:00,11.3,67,0.0,15.1,Evora
2025-03-30 09:00:00,13.2,62,0.0,14.2,Evora
2025-03-30 10:00:00,14.9,58,0.0,15.3,Evora
2025-03-30 11:00:00,16.4,51,0.0,14.9,Evora
2025-03-30 12:00:00,17.7,46,0.0,14.8,Evora
2025-03-30 13:00:00,19.8,40,0.0,15.4,Evora
2025-03-30 14:00:00,20.1,41,0.0,15.0,Evora
2025-03-30 15:00:00,20.2,41,0.0,14.1,Evora
2025-03-30 16:00:00,20.0,41,0.0,11.6,Evora
2025-03-30 17:00:00,19.4,49,0.0,10.2,Evora
2025-03-30 18:00:00,17.3,53,0.0,12.5,Evora
2025-03-30 19:00:00,15.1,56,0.0,13.5,Evora
2025-03-30 20:00:00,14.4,59,0.0,14.1,Evora
2025-03-30 21:00:00,13.7,64,0.0,14.2,Evora
2025-03-30 22:00:00,12.6,66,0.0,12.7,Evora
2025-03-30 23:00:00,11.3,68,0.0,11.2,Evora
2025-03-31 00:00:00,10.5,69,0.0,11.0,Evora
2025-03-31 01:00:00,10.8,65,0.0,11.2,Evora
2025-03-31 02:00:00,10.1,68,0.0,11.6,Evora
2025-03-31 03:00:00,9.6,71,0.0,12.0,Evora
2025-03-31 04:00:00,9.4,71,0.0,13.2,Evora
2025-03-31 05:00:00,9.4,70,0.0,13.5,Evora
2025-03-31 06:00:00,8.9,72,0.0,14.5,Evora
2025-03-31 07:00:00,9.4,72,0.0,15.4,Evora
2025-03-31 08:00:00,11.3,73,0.0,15.7,Evora
2025-03-31 09:00:00,13.6,68,0.0,13.9,Evora
2025-03-31 10:00:00,15.5,62,0.0,14.3,Evora
2025-03-31 11:00:00,17.3,58,0.0,13.0,Evora
2025-03-31 12:00:00,19.1,53,0.0,12.8,Evora
2025-03-31 13:00:00,21.1,45,0.0,13.2,Evora
2025-03-31 14:00:00,21.6,47,0.0,12.1,Evora
2025-03-31 15:00:00,22.0,48,0.0,11.2,Evora
2025-03-31 16:00:00,22.0,48,0.0,10.3,Evora
2025-03-31 17:00:00,20.9,55,0.0,9.0,Evora
2025-03-31 18:00:00,18.9,66,0.0,8.9,Evora
2025-03-31 19:00:00,16.6,67,0.0,9.0,Evora
2025-03-31 20:00:00,15.9,59,0.0,10.5,Evora
2025-03-31 21:00:00,14.6,59,0.0,10.6,Evora
2025-03-31 22:00:00,13.0,65,0.0,8.7,Evora
2025-03-31 23:00:00,12.6,68,0.0,7.6,Evora
2025-04-01 00:00:00,11.9,71,0.0,9.3,Evora
2025-04-01 01:00:00,11.2,77,0.0,7.1,Evora
2025-04-01 02:00:00,9.9,85,0.0,6.3,Evora
2025-04-01 03:00:00,9.6,90,0.0,5.1,Evora
2025-04-01 04:00:00,9.9,91,0.0,2.7,Evora
2025-04-01 05:00:00,9.9,93,0.0,2.9,Evora
2025-04-01 06:00:00,10.8,92,0.0,4.3,Evora
2025-04-01 07:00:00,11.5,96,0.0,6.0,Evora
2025-04-01 08:00:00,11.6,98,0.0,6.1,Evora
2025-04-01 09:00:00,12.4,94,0.0,5.3,Evora
2025-04-01 10:00:00,14.0,86,0.0,4.7,Evora
2025-04-01 11:00:00,15.3,80,0.0,6.3,Evora
2025-04-01 12:00:00,16.8,72,0.0,7.9,Evora
2025-04-01 13:00:00,17.8,67,0.1,8.4,Evora
2025-04-01 14:00:00,18.7,64,0.0,7.4,Evora
2025-04-01 15:00:00,19.1,63,0.0,7.8,Evora
2025-04-01 16:00:00,18.6,62,0.1,9.6,Evora
2025-04-01 17:00:00,16.5,73,0.1,14.1,Evora
2025-04-01 18:00:00,15.5,82,0.1,8.0,Evora
2025-04-01 19:00:00,13.7,93,0.0,4.3,Evora
2025-04-01 20:00:00,13.5,94,0.0,6.8,Evora
2025-04-01 21:00:00,12.6,96,0.0,6.0,Evora
2025-04-01 22:00:00,11.8,97,0.0,4.8,Evora
2025-04-01 23:00:00,11.0,99,0.0,4.0,Evora
2025-04-02 00:00:00,10.4,100,0.0,5.1,Evora
2025-04-02 01:00:00,11.8,98,0.0,9.2,Evora
2025-04-02 02:00:00,11.7,99,0.0,8.7,Evora
2025-04-02 03:00:00,11.6,100,0.0,10.3,Evora
2025-04-02 04:00:00,11.7,100,0.0,11.2,Evora
2025-04-02 05:00:00,11.9,100,0.0,13.9,Evora
2025-04-02 06:00:00,11.9,100,0.0,16.1,Evora
2025-04-02 07:00:00,12.1,99,0.0,18.5,Evora
2025-04-02 08:00:00,13.2,90,0.0,20.3,Evora
2025-04-02 09:00:00,14.0,86,0.1,21.7,Evora
2025-04-02 10:00:00,15.1,82,0.0,23.1,Evora
2025-04-02 11:00:00,13.6,85,1.1,25.1,Evora
2025-04-02 12:00:00,13.1,79,0.3,17.7,Evora
2025-04-02 13:00:00,11.1,93,1.2,16.2,Evora
2025-04-02 14:00:00,11.9,86,0.3,16.4,Evora
2025-04-02 15:00:00,13.6,81,0.0,15.3,Evora
2025-04-02 16:00:00,12.3,77,0.1,15.6,Evora
2025-04-02 17:00:00,12.6,79,0.0,13.7,Evora
2025-04-02 18:00:00,12.2,84,0.0,9.6,Evora
2025-04-02 19:00:00,11.2,83,0.0,9.9,Evora
2025-04-02 20:00:00,10.4,83,0.0,11.2,Evora
2025-04-02 21:00:00,9.9,86,0.0,10.8,Evora
2025-04-02 22:00:00,9.3,89,0.0,10.8,Evora
2025-04-02 23:00:00,9.0,90,0.0,11.0,Evora
2025-04-03 00:00:00,8.5,92,0.0,9.7,Evora
2025-04-03 01:00:00,8.8,94,0.0,8.4,Evora
2025-04-03 02:00:00,8.6,95,0.0,9.5,Evora
2025-04-03 03:00:00,8.3,96,0.0,9.5,Evora
2025-04-03 04:00:00,8.1,97,0.0,7.0,Evora
2025-04-03 05:00:00,7.6,98,0.0,7.1,Evora
2025-04-03 06:00:00,8.0,97,0.0,8.9,Evora
2025-04-03 07:00:00,8.6,98,0.0,11.4,Evora
2025-04-03 08:00:00,10.4,95,0.0,13.2,Evora
2025-04-03 09:00:00,12.2,83,0.0,17.5,Evora
2025-04-03 10:00:00,13.7,80,0.1,15.6,Evora
2025-04-03 11:00:00,15.0,74,0.0,17.8,Evora
2025-04-03 12:00:00,16.2,68,0.1,19.5,Evora
2025-04-03 13:00:00,15.9,70,0.6,18.4,Evora
2025-04-03 14:00:00,16.1,62,0.1,21.3,Evora
2025-04-03 15:00:00,14.8,75,0.3,20.9,Evora
2025-04-03 16:00:00,14.2,77,0.1,17.2,Evora
2025-04-03 17:00:00,14.9,73,0.4,21.3,Evora
2025-04-03 18:00:00,13.5,84,0.6,17.4,Evora
2025-04-03 19:00:00,13.1,87,0.3,20.2,Evora
2025-04-03 20:00:00,12.8,89,0.6,22.6,Evora
2025-04-03 21:00:00,12.7,86,0.1,24.4,Evora
2025-04-03 22:00:00,11.8,93,1.0,27.3,Evora
2025-04-03 23:00:00,12.2,94,1.3,36.4,Evora
2025-04-04 00:00:00,11.7,88,0.2,31.3,Evora
2025-04-04 01:00:00,10.6,95,1.6,28.3,Evora
2025-04-04 02:00:00,10.7,95,2.6,26.8,Evora
2025-04-04 03:00:00,10.6,96,0.3,23.1,Evora
2025-04-04 04:00:00,10.8,94,0.5,21.6,Evora
2025-04-04 05:00:00,10.8,95,0.8,22.7,Evora
2025-04-04 06:00:00,10.9,94,0.7,25.4,Evora
2025-04-04 07:00:00,11.5,96,1.3,26.9,Evora
2025-04-04 08:00:00,11.9,97,1.2,26.2,Evora
2025-04-04 09:00:00,12.7,93,6.7,26.1,Evora
2025-04-04 10:00:00,13.3,92,3.6,22.7,Evora
2025-04-04 11:00:00,13.5,83,3.6,25.0,Evora
2025-04-04 12:00:00,13.7,87,1.8,22.2,Evora
2025-04-04 13:00:00,15.6,78,1.5,29.0,Evora
2025-04-04 14:00:00,14.8,76,0.2,27.9,Evora
2025-04-04 15:00:00,15.4,69,0.3,33.1,Evora
2025-04-04 16:00:00,15.2,66,0.1,31.2,Evora
2025-04-04 17:00:00,14.4,70,0.0,28.0,Evora
2025-04-04 18:00:00,13.6,75,0.0,24.4,Evora
2025-04-04 19:00:00,12.4,80,0.0,19.9,Evora
2025-04-04 20:00:00,11.6,86,0.0,16.9,Evora
2025-04-04 21:00:00,11.2,89,0.0,14.8,Evora
2025-04-04 22:00:00,10.8,90,0.0,14.4,Evora
2025-04-04 23:00:00,10.6,93,0.0,14.6,Evora
2025-04-05 00:00:00,10.6,94,0.0,13.8,Evora
2025-04-05 01:00:00,10.7,95,0.1,12.3,Evora
2025-04-05 02:00:00,10.2,96,0.0,10.6,Evora
2025-04-05 03:00:00,9.9,97,0.0,10.7,Evora
2025-04-05 04:00:00,9.6,97,0.0,9.2,Evora
2025-04-05 05:00:00,9.3,97,0.0,7.8,Evora
2025-04-05 06:00:00,9.0,98,0.0,5.6,Evora
2025-04-05 07:00:00,9.5,98,0.0,6.4,Evora
2025-04-05 08:00:00,11.6,93,0.0,5.6,Evora
2025-04-05 09:00:00,13.1,84,0.1,10.4,Evora
2025-04-05 10:00:00,14.4,74,0.3,10.3,Evora
2025-04-05 11:00:00,15.3,68,0.2,10.3,Evora
2025-04-05 12:00:00,15.9,64,0.1,10.7,Evora
2025-04-05 13:00:00,16.4,62,0.0,11.5,Evora
2025-04-05 14:00:00,16.5,59,0.0,12.1,Evora
2025-04-05 15:00:00,17.1,56,0.0,12.3,Evora
2025-04-05 16:00:00,16.8,57,0.0,11.2,Evora
2025-04-05 17:00:00,16.6,60,0.0,9.3,Evora
2025-04-05 18:00:00,16.1,67,0.0,5.2,Evora
2025-04-05 19:00:00,13.7,77,0.0,8.6,Evora
2025-04-05 20:00:00,12.0,87,0.0,5.0,Evora
2025-04-05 21:00:00,10.9,90,0.0,5.0,Evora
2025-04-05 22:00:00,10.4,89,0.0,2.8,Evora
2025-04-05 23:00:00,10.1,88,0.0,1.2,Evora
2025-04-06 00:00:00,9.5,91,0.0,2.9,Evora
2025-04-06 01:00:00,10.2,95,0.0,4.9,Evora
2025-04-06 02:00:00,10.0,96,0.0,4.6,Evora
2025-04-06 03:00:00,9.3,97,0.0,4.7,Evora
2025-04-06 04:00:00,8.9,98,0.0,5.1,Evora
2025-04-06 05:00:00,9.3,98,0.0,5.5,Evora
2025-04-06 06:00:00,9.6,98,0.0,6.1,Evora
2025-04-06 07:00:00,10.3,96,0.0,8.2,Evora
2025-04-06 08:00:00,12.0,92,0.0,9.0,Evora
2025-04-06 09:00:00,14.1,85,0.0,12.1,Evora
2025-04-06 10:00:00,15.5,78,0.1,18.4,Evora
2025-04-06 11:00:00,16.1,74,0.0,18.8,Evora
2025-04-06 12:00:00,15.9,78,0.0,18.4,Evora
2025-04-06 13:00:00,15.3,81,5.5,18.4,Evora
2025-04-06 14:00:00,14.5,91,3.6,15.9,Evora
2025-04-06 15:00:00,14.3,91,3.6,18.4,Evora
2025-04-06 16:00:00,15.6,88,0.1,8.8,Evora
2025-04-06 17:00:00,15.7,81,0.1,9.1,Evora
2025-04-06 18:00:00,15.4,80,0.0,4.9,Evora
2025-04-06 19:00:00,13.0,84,0.0,2.2,Evora
2025-04-06 20:00:00,11.9,87,0.0,3.1,Evora
2025-04-06 21:00:00,10.8,90,0.0,3.1,Evora
2025-04-06 22:00:00,9.7,94,0.0,5.4,Evora
2025-04-06 23:00:00,9.4,96,0.0,5.3,Evora
2025-04-07 00:00:00,8.9,97,0.0,6.4,Evora
2025-04-07 01:00:00,10.3,97,0.0,5.7,Evora
2025-04-07 02:00:00,9.2,98,0.0,3.8,Evora
2025-04-07 03:00:00,8.6,99,0.0,2.9,Evora
2025-04-07 04:00:00,8.6,99,0.0,5.0,Evora
2025-04-07 05:00:00,8.9,100,0.0,6.9,Evora
2025-04-07 06:00:00,8.8,100,0.0,4.8,Evora
2025-04-07 07:00:00,10.3,100,0.0,6.2,Evora
2025-04-07 08:00:00,12.2,99,0.0,9.1,Evora
2025-04-07 09:00:00,14.1,89,0.0,10.7,Evora
2025-04-07 10:00:00,15.9,79,0.1,10.9,Evora
2025-04-07 11:00:00,17.2,73,0.2,10.5,Evora
2025-04-07 12:00:00,17.9,70,0.1,10.7,Evora
2025-04-07 13:00:00,19.2,64,0.1,12.5,Evora
2025-04-07 14:00:00,19.7,60,0.0,10.6,Evora
2025-04-07 15:00:00,19.9,59,0.0,9.6,Evora
2025-04-07 16:00:00,20.1,58,0.0,8.9,Evora
2025-04-07 17:00:00,19.8,60,0.0,6.7,Evora
2025-04-07 18:00:00,19.2,74,0.0,1.9,Evora
2025-04-07 19:00:00,16.7,74,0.0,0.9,Evora
2025-04-07 20:00:00,14.5,83,0.0,3.7,Evora
2025-04-07 21:00:00,13.7,87,0.0,4.3,Evora
2025-04-07 22:00:00,13.3,86,0.0,3.2,Evora
2025-04-07 23:00:00,13.0,85,0.0,3.0,Evora
2025-04-08 00:00:00,12.9,83,0.0,3.4,Evora
2025-04-08 01:00:00,13.4,82,0.0,4.3,Evora
2025-04-08 02:00:00,13.4,83,0.0,6.4,Evora
2025-04-08 03:00:00,13.2,85,0.0,8.9,Evora
2025-04-08 04:00:00,12.5,87,0.0,8.6,Evora
2025-04-08 05:00:00,11.9,89,0.0,9.9,Evora
2025-04-08 06:00:00,11.8,89,0.0,10.9,Evora
2025-04-08 07:00:00,12.6,83,0.0,12.8,Evora
2025-04-08 08:00:00,14.4,79,0.0,12.5,Evora
2025-04-08 09:00:00,16.6,69,0.0,11.6,Evora
2025-04-08 10:00:00,18.6,63,0.0,12.6,Evora
2025-04-08 11:00:00,20.3,59,0.0,12.1,Evora
2025-04-08 12:00:00,21.7,55,0.0,11.6,Evora
2025-04-08 13:00:00,23.0,50,0.0,12.5,Evora
2025-04-08 14:00:00,23.6,47,0.0,12.6,Evora
2025-04-08 15:00:00,23.8,45,0.0,12.2,Evora
2025-04-08 16:00:00,23.6,45,0.0,11.3,Evora
2025-04-08 17:00:00,22.8,55,0.0,8.8,Evora
2025-04-08 18:00:00,21.0,63,0.0,7.2,Evora
2025-04-08 19:00:00,18.0,70,0.0,6.9,Evora
2025-04-08 20:00:00,17.6,71,0.0,10.6,Evora
2025-04-08 21:00:00,16.5,70,0.0,10.2,Evora
2025-04-08 22:00:00,14.8,80,0.0,6.7,Evora
2025-04-08 23:00:00,14.1,82,0.0,6.8,Evora
2025-04-09 00:00:00,13.8,82,0.0,9.8,Evora
2025-04-09 01:00:00,14.2,80,0.0,8.4,Evora
2025-04-09 02:00:00,13.0,82,0.0,6.9,Evora
2025-04-09 03:00:00,12.6,78,0.0,8.4,Evora
2025-04-09 04:00:00,11.9,78,0.0,7.4,Evora
2025-04-09 05:00:00,11.5,78,0.0,7.2,Evora
2025-04-09 06:00:00,11.3,76,0.0,7.9,Evora
2025-04-09 07:00:00,12.1,74,0.0,10.2,Evora
2025-04-09 08:00:00,14.5,70,0.0,9.6,Evora
2025-04-09 09:00:00,16.5,69,0.0,8.4,Evora
2025-04-09 10:00:00,19.5,62,0.0,8.3,Evora
2025-04-09 11:00:00,21.3,60,0.0,9.9,Evora
2025-04-09 12:00:00,22.4,59,0.0,9.9,Evora
2025-04-09 13:00:00,24.1,49,0.0,12.6,Evora
2025-04-09 14:00:00,24.4,48,0.0,13.2,Evora
2025-04-09 15:00:00,24.2,53,0.0,10.4,Evora
2025-04-09 16:00:00,24.3,57,0.0,7.2,Evora
2025-04-09 17:00:00,24.0,61,0.0,5.1,Evora
2025-04-09 18:00:00,22.6,69,0.0,7.0,Evora
2025-04-09 19:00:00,20.4,71,0.0,10.8,Evora
2025-04-09 20:00:00,19.4,66,0.0,13.0,Evora
2025-04-09 21:00:00,19.3,63,0.0,13.0,Evora
2025-04-09 22:00:00,18.1,67,0.0,9.5,Evora
2025-04-09 23:00:00,17.2,72,0.0,7.9,Evora
2025-04-10 00:00:00,16.3,77,0.0,7.8,Evora
2025-04-10 01:00:00,16.5,77,0.0,6.7,Evora
2025-04-10 02:00:00,15.8,81,0.0,4.9,Evora
2025-04-10 03:00:00,15.7,83,0.0,6.2,Evora
2025-04-10 04:00:00,14.8,87,0.0,3.4,Evora
2025-04-10 05:00:00,15.2,86,0.0,7.0,Evora
2025-04-10 06:00:00,14.8,88,0.0,10.7,Evora
2025-04-10 07:00:00,14.8,86,0.0,2.8,Evora
2025-04-10 08:00:00,16.1,81,0.0,4.6,Evora
2025-04-10 09:00:00,17.4,77,0.0,7.4,Evora
2025-04-10 10:00:00,19.2,71,0.0,11.5,Evora
2025-04-10 11:00:00,21.1,64,0.0,11.5,Evora
2025-04-10 12:00:00,22.3,59,0.0,11.3,Evora
2025-04-10 13:00:00,23.9,57,0.0,11.6,Evora
2025-04-10 14:00:00,24.2,54,0.0,13.8,Evora
2025-04-10 15:00:00,23.0,60,0.3,12.3,Evora
2025-04-10 16:00:00,20.4,74,2.6,8.1,Evora
2025-04-10 17:00:00,18.9,87,0.0,8.0,Evora
2025-04-10 18:00:00,19.0,88,0.0,6.0,Evora
2025-04-10 19:00:00,17.6,89,0.0,3.1,Evora
2025-04-10 20:00:00,17.0,93,0.0,7.3,Evora
2025-04-10 21:00:00,16.1,93,0.0,3.8,Evora
2025-04-10 22:00:00,15.9,93,0.0,2.3,Evora
2025-04-10 23:00:00,15.5,94,0.0,7.4,Evora
2025-04-11 00:00:00,15.7,89,0.0,10.9,Evora
2025-04-11 01:00:00,15.5,92,0.1,6.0,Evora
2025-04-11 02:00:00,15.1,94,0.8,8.6,Evora
2025-04-11 03:00:00,14.7,94,0.8,5.0,Evora
2025-04-11 04:00:00,14.2,93,0.0,3.1,Evora
2025-04-11 05:00:00,14.1,96,1.2,6.9,Evora
2025-04-11 06:00:00,13.4,97,0.0,6.0,Evora
2025-04-11 07:00:00,14.0,96,0.0,11.0,Evora
2025-04-11 08:00:00,15.4,95,0.0,10.3,Evora
2025-04-11 09:00:00,17.0,84,0.0,16.7,Evora
2025-04-11 10:00:00,17.3,81,0.1,14.1,Evora
2025-04-11 11:00:00,18.6,72,0.1,14.7,Evora
2025-04-11 12:00:00,18.8,69,0.1,16.7,Evora
2025-04-11 13:00:00,19.8,71,0.1,13.4,Evora
2025-04-11 14:00:00,20.3,68,0.2,11.6,Evora
2025-04-11 15:00:00,20.3,65,0.2,14.5,Evora
2025-04-11 16:00:00,16.9,84,4.2,9.5,Evora
2025-04-11 17:00:00,17.2,81,0.1,8.0,Evora
2025-04-11 18:00:00,16.4,86,0.0,7.0,Evora
2025-04-11 19:00:00,15.1,91,0.0,1.4,Evora
2025-04-11 20:00:00,14.0,95,0.0,4.2,Evora
2025-04-11 21:00:00,14.3,96,0.1,6.7,Evora
2025-04-11 22:00:00,13.3,98,0.0,4.1,Evora
2025-04-11 23:00:00,12.9,99,0.0,4.8,Evora
2025-04-12 00:00:00,12.0,100,0.0,4.4,Evora
2025-04-12 01:00:00,14.0,100,0.0,5.4,Evora
2025-04-12 02:00:00,13.8,100,0.0,5.4,Evora
2025-04-12 03:00:00,13.7,100,0.0,8.4,Evora
2025-04-12 04:00:00,13.8,100,0.0,8.4,Evora
2025-04-12 05:00:00,13.8,100,0.0,6.2,Evora
2025-04-12 06:00:00,13.8,100,0.1,10.7,Evora
2025-04-12 07:00:00,14.0,98,0.1,11.7,Evora
2025-04-12 08:00:00,14.7,93,0.1,14.8,Evora
2025-04-12 09:00:00,15.6,89,0.1,14.3,Evora
2025-04-12 10:00:00,15.1,91,1.1,14.5,Evora
2025-04-12 11:00:00,15.4,87,0.5,10.5,Evora
2025-04-12 12:00:00,17.0,84,0.1,7.8,Evora
2025-04-12 13:00:00,16.8,80,3.3,7.9,Evora
2025-04-12 14:00:00,16.9,84,0.1,2.7,Evora
2025-04-12 15:00:00,19.2,69,0.0,4.0,Evora
2025-04-12 16:00:00,18.9,65,0.2,4.6,Evora
2025-04-12 17:00:00,18.1,70,0.2,4.7,Evora
2025-04-12 18:00:00,16.0,83,1.1,10.0,Evora
2025-04-12 19:00:00,14.6,92,2.4,6.1,Evora
2025-04-12 20:00:00,13.7,96,0.1,1.5,Evora
2025-04-12 21:00:00,13.6,97,0.1,1.0,Evora
2025-04-12 22:00:00,12.6,100,0.0,3.5,Evora
2025-04-12 23:00:00,12.1,99,0.0,4.0,Evora
2025-04-13 00:00:00,11.7,99,0.0,4.6,Evora
2025-04-13 01:00:00,12.2,100,0.0,5.9,Evora
2025-04-13 02:00:00,11.9,100,0.0,5.4,Evora
2025-04-13 03:00:00,11.5,95,0.9,4.2,Evora
2025-04-13 04:00:00,11.1,100,0.0,4.6,Evora
2025-04-13 05:00:00,11.9,100,0.0,9.4,Evora
2025-04-13 06:00:00,12.3,100,0.0,12.7,Evora
2025-04-13 07:00:00,12.3,99,0.0,11.9,Evora
2025-04-13 08:00:00,12.7,98,0.0,10.1,Evora
2025-04-13 09:00:00,14.4,87,0.0,9.8,Evora
2025-04-13 10:00:00,16.1,76,0.0,10.0,Evora
2025-04-13 11:00:00,17.9,67,0.0,11.7,Evora
2025-04-13 12:00:00,18.8,64,0.0,12.2,Evora
2025-04-13 13:00:00,19.6,60,0.3,10.8,Evora
2025-04-13 14:00:00,19.7,59,0.2,12.3,Evora
2025-04-13 15:00:00,20.1,58,0.1,12.7,Evora
2025-04-13 16:00:00,19.7,60,0.1,15.4,Evora
2025-04-13 17:00:00,18.7,64,0.0,17.0,Evora
2025-04-13 18:00:00,17.1,76,0.0,15.7,Evora
2025-04-13 19:00:00,15.5,77,0.0,15.2,Evora
2025-04-13 20:00:00,13.7,81,0.0,14.0,Evora
2025-04-13 21:00:00,12.2,82,0.0,12.3,Evora
2025-04-13 22:00:00,11.1,85,0.0,11.8,Evora
2025-04-13 23:00:00,10.2,90,0.0,11.0,Evora
2025-04-14 00:00:00,9.4,94,0.0,9.6,Evora
2025-04-14 01:00:00,9.3,97,0.0,7.1,Evora
2025-04-14 02:00:00,9.2,98,0.0,11.3,Evora
2025-04-14 03:00:00,9.5,98,0.0,11.0,Evora
2025-04-14 04:00:00,9.7,97,0.0,9.9,Evora
2025-04-14 05:00:00,9.9,96,0.0,8.9,Evora
2025-04-14 06:00:00,9.3,97,0.0,7.7,Evora
2025-04-14 07:00:00,10.5,95,0.0,9.3,Evora
2025-04-14 08:00:00,12.1,87,0.1,15.6,Evora
2025-04-14 09:00:00,12.7,84,0.2,19.3,Evora
2025-04-14 10:00:00,14.3,73,0.2,21.2,Evora
2025-04-14 11:00:00,15.5,68,0.1,23.7,Evora
2025-04-14 12:00:00,15.0,72,0.2,24.3,Evora
2025-04-14 13:00:00,15.0,73,0.3,24.5,Evora
2025-04-14 14:00:00,14.4,79,1.0,26.5,Evora
2025-04-14 15:00:00,12.7,95,2.4,22.5,Evora
2025-04-14 16:00:00,12.4,93,2.4,17.3,Evora
2025-04-14 17:00:00,13.4,90,0.1,18.2,Evora
2025-04-14 18:00:00,12.4,85,0.2,21.1,Evora
2025-04-14 19:00:00,11.6,84,0.0,20.3,Evora
2025-04-14 20:00:00,10.6,87,0.0,15.7,Evora
2025-04-14 21:00:00,10.0,89,0.0,13.3,Evora
2025-04-14 22:00:00,9.4,91,0.0,12.2,Evora
2025-04-14 23:00:00,8.8,92,0.0,12.1,Evora
2025-04-15 00:00:00,8.7,92,0.0,11.1,Evora
2025-04-15 01:00:00,8.7,91,0.0,11.5,Evora
2025-04-15 02:00:00,8.3,91,0.0,11.6,Evora
2025-04-15 03:00:00,7.4,93,0.0,13.0,Evora
2025-04-15 04:00:00,7.4,91,0.0,12.1,Evora
2025-04-15 05:00:00,6.7,95,0.1,11.4,Evora
2025-04-15 06:00:00,6.9,96,0.0,11.5,Evora
2025-04-15 07:00:00,7.4,93,0.0,12.9,Evora
2025-04-15 08:00:00,8.9,83,0.0,18.8,Evora
2025-04-15 09:00:00,10.1,75,0.0,19.8,Evora
2025-04-15 10:00:00,11.4,72,0.1,19.1,Evora
2025-04-15 11:00:00,12.4,69,0.0,20.6,Evora
2025-04-15 12:00:00,12.6,66,0.0,21.5,Evora
2025-04-15 13:00:00,11.8,64,0.1,24.2,Evora
2025-04-15 14:00:00,12.0,67,0.0,25.1,Evora
2025-04-15 15:00:00,12.5,65,0.0,21.4,Evora
2025-04-15 16:00:00,12.0,64,0.8,25.9,Evora
2025-04-15 17:00:00,10.8,71,2.6,22.2,Evora
2025-04-15 18:00:00,10.5,68,0.1,22.4,Evora
2025-04-15 19:00:00,9.2,73,0.0,19.5,Evora
2025-04-15 20:00:00,8.5,77,0.0,19.1,Evora
2025-04-15 21:00:00,7.9,81,0.0,17.3,Evora
2025-04-15 22:00:00,7.3,84,0.0,17.0,Evora
2025-04-15 23:00:00,7.0,86,0.0,15.5,Evora
2025-04-16 00:00:00,6.6,89,0.0,13.9,Evora
2025-04-16 01:00:00,6.6,90,0.0,11.7,Evora
2025-04-16 02:00:00,6.3,92,0.0,10.2,Evora
2025-04-16 03:00:00,6.0,93,0.0,8.8,Evora
2025-04-16 04:00:00,5.7,94,0.0,7.1,Evora
2025-04-16 05:00:00,5.7,94,0.0,6.5,Evora
2025-04-16 06:00:00,5.1,94,0.0,5.6,Evora
2025-04-16 07:00:00,6.9,91,0.0,8.6,Evora
2025-04-16 08:00:00,9.6,85,0.0,8.0,Evora
2025-04-16 09:00:00,11.9,74,0.0,12.1,Evora
2025-04-16 10:00:00,13.3,68,0.0,15.1,Evora
2025-04-16 11:00:00,13.9,70,0.0,15.8,Evora
2025-04-16 12:00:00,14.4,68,0.1,18.7,Evora
2025-04-16 13:00:00,14.9,61,0.0,22.6,Evora
2025-04-16 14:00:00,13.4,76,0.3,20.6,Evora
2025-04-16 15:00:00,13.3,79,0.2,23.4,Evora
2025-04-16 16:00:00,12.9,85,0.2,19.8,Evora
2025-04-16 17:00:00,13.0,91,0.7,19.7,Evora
2025-04-16 18:00:00,12.6,96,0.2,18.8,Evora
2025-04-16 19:00:00,12.7,98,0.0,14.8,Evora
2025-04-16 20:00:00,12.9,96,0.0,15.8,Evora
2025-04-16 21:00:00,12.0,95,0.0,14.8,Evora
2025-04-16 22:00:00,11.1,97,0.0,12.8,Evora
2025-04-16 23:00:00,10.6,98,0.0,10.9,Evora
2025-04-17 00:00:00,10.4,99,0.0,10.3,Evora
2025-04-17 01:00:00,10.4,99,0.0,9.1,Evora
2025-04-17 02:00:00,10.7,99,0.0,7.5,Evora
2025-04-17 03:00:00,11.4,99,0.0,9.0,Evora
2025-04-17 04:00:00,11.7,99,0.0,9.0,Evora
2025-04-17 05:00:00,11.7,100,0.0,8.3,Evora
2025-04-17 06:00:00,11.8,100,0.0,8.0,Evora
2025-04-17 07:00:00,12.4,98,0.0,9.6,Evora
2025-04-17 08:00:00,13.1,95,0.1,12.0,Evora
2025-04-17 09:00:00,14.9,84,0.2,13.7,Evora
2025-04-17 10:00:00,16.1,78,0.1,11.6,Evora
2025-04-17 11:00:00,17.5,69,0.0,12.2,Evora
2025-04-17 12:00:00,18.1,66,0.0,11.7,Evora
2025-04-17 13:00:00,18.4,60,0.0,14.6,Evora
2025-04-17 14:00:00,18.8,59,0.1,15.4,Evora
2025-04-17 15:00:00,18.7,60,0.0,15.8,Evora
2025-04-17 16:00:00,18.4,62,0.0,15.2,Evora
2025-04-17 17:00:00,17.6,66,0.0,16.0,Evora
2025-04-17 18:00:00,16.7,72,0.0,13.5,Evora
2025-04-17 19:00:00,14.7,85,0.0,14.6,Evora
2025-04-17 20:00:00,13.3,92,0.0,13.7,Evora
2025-04-17 21:00:00,13.4,90,0.0,11.2,Evora
2025-04-17 22:00:00,12.6,94,0.0,9.1,Evora
2025-04-17 23:00:00,12.2,95,0.0,9.3,Evora
2025-04-18 00:00:00,11.7,97,0.0,9.9,Evora
2025-04-18 01:00:00,12.7,98,0.0,8.9,Evora
2025-04-18 02:00:00,12.5,98,0.0,10.0,Evora
2025-04-18 03:00:00,12.6,99,0.0,10.7,Evora
2025-04-18 04:00:00,12.9,98,0.2,13.1,Evora
2025-04-18 05:00:00,12.9,97,0.2,12.7,Evora
2025-04-18 06:00:00,12.9,97,0.3,14.2,Evora
2025-04-18 07:00:00,12.8,99,0.5,14.8,Evora
2025-04-18 08:00:00,13.2,96,0.4,18.6,Evora
2025-04-18 09:00:00,14.6,86,0.2,22.9,Evora
2025-04-18 10:00:00,15.9,77,0.2,23.9,Evora
2025-04-18 11:00:00,16.2,74,0.1,23.1,Evora
2025-04-18 12:00:00,16.7,73,0.1,22.8,Evora
2025-04-18 13:00:00,14.6,82,0.4,22.9,Evora
2025-04-18 14:00:00,14.0,90,1.2,23.1,Evora
2025-04-18 15:00:00,14.2,89,0.3,18.2,Evora
2025-04-18 16:00:00,15.6,76,0.5,20.4,Evora
2025-04-18 17:00:00,15.5,74,0.5,21.3,Evora
2025-04-18 18:00:00,14.7,78,0.0,19.2,Evora
2025-04-18 19:00:00,13.1,84,0.0,17.8,Evora
2025-04-18 20:00:00,12.2,88,0.0,15.5,Evora
2025-04-18 21:00:00,11.4,93,0.0,14.8,Evora
2025-04-18 22:00:00,11.2,94,0.0,16.3,Evora
2025-04-18 23:00:00,11.4,92,0.2,16.3,Evora
2025-04-19 00:00:00,11.2,93,0.2,19.0,Evora
2025-04-19 01:00:00,11.0,92,0.1,21.5,Evora
2025-04-19 02:00:00,10.0,91,0.1,20.0,Evora
2025-04-19 03:00:00,9.4,86,0.0,18.8,Evora
2025-04-19 04:00:00,8.8,84,0.0,17.4,Evora
2025-04-19 05:00:00,8.5,83,0.0,16.0,Evora
2025-04-19 06:00:00,8.2,83,0.0,14.8,Evora
2025-04-19 07:00:00,8.9,81,0.0,14.6,Evora
2025-04-19 08:00:00,10.5,73,0.0,18.7,Evora
2025-04-19 09:00:00,11.6,65,0.0,23.5,Evora
2025-04-19 10:00:00,12.7,60,0.0,23.8,Evora
2025-04-19 11:00:00,13.6,59,0.1,23.2,Evora
2025-04-19 12:00:00,13.7,55,0.0,24.6,Evora
2025-04-19 13:00:00,14.6,55,0.0,21.9,Evora
2025-04-19 14:00:00,14.9,53,0.0,22.5,Evora
2025-04-19 15:00:00,14.1,52,0.1,26.4,Evora
2025-04-19 16:00:00,13.4,56,0.1,25.3,Evora
2025-04-19 17:00:00,12.9,56,0.1,24.1,Evora
2025-04-19 18:00:00,12.2,60,0.0,19.9,Evora
2025-04-19 19:00:00,11.0,64,0.0,16.6,Evora
2025-04-19 20:00:00,10.1,68,0.0,16.3,Evora
2025-04-19 21:00:00,9.6,73,0.0,15.5,Evora
2025-04-19 22:00:00,9.3,75,0.0,15.7,Evora
2025-04-19 23:00:00,9.4,75,0.0,16.4,Evora
2025-04-20 00:00:00,10.0,73,0.0,17.1,Evora
2025-04-20 01:00:00,10.1,82,0.0,19.1,Evora
2025-04-20 02:00:00,10.0,85,0.2,18.6,Evora
2025-04-20 03:00:00,9.8,90,0.3,20.0,Evora
2025-04-20 04:00:00,9.9,92,0.2,20.7,Evora
2025-04-20 05:00:00,10.0,91,0.2,22.3,Evora
2025-04-20 06:00:00,9.8,93,0.1,22.1,Evora
2025-04-20 07:00:00,10.3,92,0.1,21.2,Evora
2025-04-20 08:00:00,11.5,88,0.1,18.9,Evora
2025-04-20 09:00:00,11.6,88,0.3,21.6,Evora
2025-04-20 10:00:00,12.9,82,0.0,20.2,Evora
2025-04-20 11:00:00,14.4,72,0.1,18.9,Evora
2025-04-20 12:00:00,13.3,80,0.4,22.1,Evora
2025-04-20 13:00:00,15.0,72,0.2,23.9,Evora
2025-04-20 14:00:00,14.7,71,0.0,22.1,Evora
2025-04-20 15:00:00,15.5,67,0.0,20.9,Evora
2025-04-20 16:00:00,15.7,67,0.1,20.5,Evora
2025-04-20 17:00:00,14.6,69,0.0,18.9,Evora
2025-04-20 18:00:00,14.3,70,0.0,15.4,Evora
2025-04-20 19:00:00,13.0,73,0.0,15.4,Evora
2025-04-20 20:00:00,11.5,77,0.0,15.4,Evora
2025-04-20 21:00:00,10.4,81,0.0,13.3,Evora
2025-04-20 22:00:00,9.3,86,0.0,9.1,Evora
2025-04-20 23:00:00,8.3,90,0.0,6.3,Evora
2025-04-21 00:00:00,7.4,91,0.0,5.4,Evora
2025-04-21 01:00:00,7.5,94,0.0,5.6,Evora
2025-04-21 02:00:00,7.5,94,0.0,6.0,Evora
2025-04-21 03:00:00,7.5,93,0.0,6.8,Evora
2025-04-21 04:00:00,7.8,93,0.0,8.6,Evora
2025-04-21 05:00:00,8.2,93,0.0,8.1,Evora
2025-04-21 06:00:00,9.2,91,0.0,8.1,Evora
2025-04-21 07:00:00,10.2,92,0.0,6.4,Evora
2025-04-21 08:00:00,12.0,90,0.0,2.9,Evora
2025-04-21 09:00:00,13.1,87,0.2,5.2,Evora
2025-04-21 10:00:00,12.8,89,0.5,8.0,Evora
2025-04-21 11:00:00,12.7,94,0.9,5.6,Evora
2025-04-21 12:00:00,14.8,82,0.7,7.2,Evora
2025-04-21 13:00:00,17.0,68,0.3,10.2,Evora
2025-04-21 14:00:00,15.6,75,0.3,11.8,Evora
2025-04-21 15:00:00,15.0,79,0.4,12.3,Evora
2025-04-21 16:00:00,14.4,85,0.6,11.1,Evora
2025-04-21 17:00:00,13.7,96,1.3,10.1,Evora
2025-04-21 18:00:00,13.7,96,0.4,10.9,Evora
2025-04-21 19:00:00,13.2,96,0.1,8.6,Evora
2025-04-21 20:00:00,11.8,98,0.0,6.4,Evora
2025-04-21 21:00:00,10.8,98,0.0,5.7,Evora
2025-04-21 22:00:00,11.0,96,0.0,10.1,Evora
2025-04-21 23:00:00,10.5,96,0.0,13.3,Evora
2025-04-22 00:00:00,10.1,97,0.0,12.6,Evora
2025-04-22 01:00:00,10.2,97,0.0,13.5,Evora
2025-04-22 02:00:00,9.8,96,0.0,14.0,Evora
2025-04-22 03:00:00,9.5,97,0.0,15.1,Evora
2025-04-22 04:00:00,9.3,98,0.0,14.4,Evora
2025-04-22 05:00:00,9.2,98,0.0,14.0,Evora
2025-04-22 06:00:00,9.2,98,0.0,14.7,Evora
2025-04-22 07:00:00,9.9,95,0.0,16.7,Evora
2025-04-22 08:00:00,11.3,89,0.0,17.3,Evora
2025-04-22 09:00:00,12.9,80,0.0,15.9,Evora
2025-04-22 10:00:00,14.5,71,0.0,14.3,Evora
2025-04-22 11:00:00,16.1,62,0.0,17.6,Evora
2025-04-22 12:00:00,17.2,55,0.0,17.2,Evora
2025-04-22 13:00:00,18.3,49,0.0,15.6,Evora
2025-04-22 14:00:00,18.8,48,0.0,15.7,Evora
2025-04-22 15:00:00,19.0,46,0.0,15.0,Evora
2025-04-22 16:00:00,18.6,48,0.0,15.3,Evora
2025-04-22 17:00:00,18.6,50,0.0,14.0,Evora
2025-04-22 18:00:00,16.4,64,0.0,18.6,Evora
2025-04-22 19:00:00,14.6,70,0.0,17.3,Evora
2025-04-22 20:00:00,13.5,75,0.0,18.3,Evora
2025-04-22 21:00:00,12.5,80,0.0,18.0,Evora
2025-04-22 22:00:00,11.7,84,0.0,20.0,Evora
2025-04-22 23:00:00,11.2,86,0.0,19.0,Evora
2025-04-23 00:00:00,10.7,88,0.0,16.6,Evora
2025-04-23 01:00:00,10.6,89,0.0,14.8,Evora
2025-04-23 02:00:00,10.3,90,0.0,13.5,Evora
2025-04-23 03:00:00,10.0,90,0.0,13.0,Evora
2025-04-23 04:00:00,9.8,91,0.0,12.8,Evora
2025-04-23 05:00:00,9.9,89,0.0,12.4,Evora
2025-04-23 06:00:00,9.9,88,0.0,11.7,Evora
2025-04-23 07:00:00,11.3,83,0.0,12.2,Evora
2025-04-23 08:00:00,13.6,81,0.0,8.6,Evora
2025-04-23 09:00:00,16.2,71,0.0,8.5,Evora
2025-04-23 10:00:00,18.5,66,0.0,8.2,Evora
2025-04-23 11:00:00,20.2,58,0.0,9.9,Evora
2025-04-23 12:00:00,21.2,51,0.0,11.3,Evora
2025-04-23 13:00:00,22.0,47,0.0,11.5,Evora
2025-04-23 14:00:00,22.3,47,0.0,11.7,Evora
2025-04-23 15:00:00,22.5,48,0.0,11.1,Evora
2025-04-23 16:00:00,22.4,48,0.0,10.0,Evora
2025-04-23 17:00:00,22.0,52,0.0,8.8,Evora
2025-04-23 18:00:00,20.9,67,0.0,4.5,Evora
2025-04-23 19:00:00,18.0,76,0.0,6.6,Evora
2025-04-23 20:00:00,17.2,72,0.0,10.1,Evora
2025-04-23 21:00:00,16.5,73,0.0,10.5,Evora
2025-04-23 22:00:00,16.2,71,0.0,9.1,Evora
2025-04-23 23:00:00,15.3,76,0.0,10.6,Evora
2025-04-24 00:00:00,14.4,85,0.0,11.3,Evora
2025-04-24 01:00:00,14.6,86,0.0,11.4,Evora
2025-04-24 02:00:00,14.1,87,0.0,9.3,Evora
2025-04-24 03:00:00,13.6,87,0.0,7.8,Evora
2025-04-24 04:00:00,13.1,87,0.0,6.6,Evora
2025-04-24 05:00:00,12.8,85,0.0,6.4,Evora
2025-04-24 06:00:00,12.5,84,0.0,6.4,Evora
2025-04-24 07:00:00,14.7,78,0.0,8.0,Evora
2025-04-24 08:00:00,17.2,74,0.0,7.1,Evora
2025-04-24 09:00:00,19.5,68,0.0,7.1,Evora
2025-04-24 10:00:00,21.6,64,0.0,9.2,Evora
2025-04-24 11:00:00,22.9,55,0.0,11.4,Evora
2025-04-24 12:00:00,23.8,50,0.0,9.5,Evora
2025-04-24 13:00:00,24.6,44,0.0,7.6,Evora
2025-04-24 14:00:00,24.8,44,0.0,6.6,Evora
2025-04-24 15:00:00,24.9,46,0.0,5.4,Evora
2025-04-24 16:00:00,24.7,48,0.0,3.4,Evora
2025-04-24 17:00:00,24.3,50,0.0,3.2,Evora
2025-04-24 18:00:00,23.0,63,0.0,4.3,Evora
2025-04-24 19:00:00,20.0,70,0.0,3.7,Evora
2025-04-24 20:00:00,18.3,75,0.0,6.0,Evora
2025-04-24 21:00:00,17.5,77,0.0,9.4,Evora
2025-04-24 22:00:00,16.6,84,0.0,15.0,Evora
2025-04-24 23:00:00,16.1,84,0.0,14.1,Evora
2025-04-25 00:00:00,15.1,87,0.0,13.0,Evora
2025-04-25 01:00:00,15.3,83,0.0,14.9,Evora
2025-04-25 02:00:00,14.9,82,0.0,14.6,Evora
2025-04-25 03:00:00,14.4,82,0.0,13.9,Evora
2025-04-25 04:00:00,13.9,83,0.0,11.9,Evora
2025-04-25 05:00:00,13.2,86,0.0,9.0,Evora
2025-04-25 06:00:00,12.6,89,0.0,9.6,Evora
2025-04-25 07:00:00,13.4,90,0.0,11.1,Evora
2025-04-25 08:00:00,14.5,89,0.0,12.1,Evora
2025-04-25 09:00:00,16.1,84,0.0,12.0,Evora
2025-04-25 10:00:00,17.6,78,0.0,13.9,Evora
2025-04-25 11:00:00,19.0,75,0.0,13.1,Evora
2025-04-25 12:00:00,20.2,70,0.0,14.0,Evora
2025-04-25 13:00:00,20.8,67,0.0,13.4,Evora
2025-04-25 14:00:00,21.1,65,0.0,14.2,Evora
2025-04-25 15:00:00,21.1,64,0.0,15.0,Evora
2025-04-25 16:00:00,20.5,66,0.0,17.6,Evora
2025-04-25 17:00:00,19.2,68,0.0,21.3,Evora
2025-04-25 18:00:00,17.2,73,0.0,21.4,Evora
2025-04-25 19:00:00,15.3,77,0.0,19.1,Evora
2025-04-25 20:00:00,13.8,79,0.0,20.0,Evora
2025-04-25 21:00:00,13.0,82,0.0,21.3,Evora
2025-04-25 22:00:00,12.6,83,0.0,21.3,Evora
2025-04-25 23:00:00,12.1,88,0.0,20.7,Evora
2025-04-26 00:00:00,11.5,93,0.0,20.4,Evora
2025-04-26 01:00:00,11.7,94,0.0,20.0,Evora
2025-04-26 02:00:00,11.1,95,0.0,20.6,Evora
2025-04-26 03:00:00,10.5,96,0.0,21.1,Evora
2025-04-26 04:00:00,10.3,95,0.0,21.4,Evora
2025-04-26 05:00:00,10.4,94,0.0,21.0,Evora
2025-04-26 06:00:00,10.4,94,0.0,20.1,Evora
2025-04-26 07:00:00,10.8,91,0.0,20.9,Evora
2025-04-26 08:00:00,12.2,85,0.0,17.0,Evora
2025-04-26 09:00:00,14.1,79,0.0,15.4,Evora
2025-04-26 10:00:00,16.0,72,0.0,14.3,Evora
2025-04-26 11:00:00,17.5,64,0.0,14.0,Evora
2025-04-26 12:00:00,18.8,58,0.0,14.2,Evora
2025-04-26 13:00:00,20.1,53,0.0,13.8,Evora
2025-04-26 14:00:00,20.9,51,0.0,14.1,Evora
2025-04-26 15:00:00,21.1,50,0.0,14.4,Evora
2025-04-26 16:00:00,21.2,52,0.0,13.7,Evora
2025-04-26 17:00:00,20.8,55,0.0,12.8,Evora
2025-04-26 18:00:00,19.6,63,0.0,11.5,Evora
2025-04-26 19:00:00,17.5,69,0.0,13.2,Evora
2025-04-26 20:00:00,15.8,76,0.0,17.1,Evora
2025-04-26 21:00:00,14.5,81,0.0,17.6,Evora
2025-04-26 22:00:00,13.5,83,0.0,16.9,Evora
2025-04-26 23:00:00,12.9,83,0.0,15.1,Evora
2025-04-27 00:00:00,12.5,84,0.0,13.6,Evora
2025-04-27 01:00:00,12.5,82,0.0,13.3,Evora
2025-04-27 02:00:00,12.1,81,0.0,13.0,Evora
2025-04-27 03:00:00,11.6,80,0.0,12.5,Evora
2025-04-27 04:00:00,11.0,80,0.0,11.4,Evora
2025-04-27 05:00:00,10.8,79,0.0,9.8,Evora
2025-04-27 06:00:00,11.6,72,0.0,12.0,Evora
2025-04-27 07:00:00,13.2,69,0.0,14.3,Evora
2025-04-27 08:00:00,15.4,68,0.0,13.6,Evora
2025-04-27 09:00:00,17.2,62,0.0,14.6,Evora
2025-04-27 10:00:00,18.9,58,0.0,14.9,Evora
2025-04-27 11:00:00,20.7,54,0.0,14.7,Evora
2025-04-27 12:00:00,21.8,48,0.0,15.1,Evora
2025-04-27 13:00:00,23.0,41,0.0,14.7,Evora
2025-04-27 14:00:00,23.4,41,0.0,13.8,Evora
2025-04-27 15:00:00,23.5,42,0.0,12.7,Evora
2025-04-27 16:00:00,23.2,43,0.0,11.2,Evora
2025-04-27 17:00:00,22.6,48,0.0,9.3,Evora
2025-04-27 18:00:00,21.2,60,0.0,7.1,Evora
2025-04-27 19:00:00,18.4,67,0.0,7.8,Evora
2025-04-27 20:00:00,17.2,62,0.0,11.3,Evora
2025-04-27 21:00:00,16.5,59,0.0,12.4,Evora
2025-04-27 22:00:00,16.0,58,0.0,12.5,Evora
2025-04-27 23:00:00,15.5,58,0.0,12.5,Evora
2025-04-28 00:00:00,14.7,62,0.0,12.3,Evora
2025-04-28 01:00:00,14.4,65,0.0,12.6,Evora
2025-04-28 02:00:00,14.0,66,0.0,13.1,Evora
2025-04-28 03:00:00,13.4,67,0.0,12.1,Evora
2025-04-28 04:00:00,12.4,71,0.0,10.1,Evora
2025-04-28 05:00:00,11.5,75,0.0,8.8,Evora
2025-04-28 06:00:00,10.8,79,0.0,7.0,Evora
2025-04-28 07:00:00,12.6,76,0.0,8.7,Evora
2025-04-28 08:00:00,15.2,72,0.0,7.0,Evora
2025-04-28 09:00:00,17.6,62,0.0,9.6,Evora
2025-04-28 10:00:00,19.2,59,0.0,11.6,Evora
2025-04-28 11:00:00,20.6,58,0.0,11.5,Evora
2025-04-28 12:00:00,21.9,54,0.0,11.7,Evora
2025-04-28 13:00:00,23.4,50,0.0,12.3,Evora
2025-04-28 14:00:00,24.0,50,0.0,12.4,Evora
2025-04-28 15:00:00,24.2,50,0.0,12.3,Evora
2025-04-28 16:00:00,24.3,50,0.0,10.9,Evora
2025-04-28 17:00:00,24.2,51,0.0,8.5,Evora
2025-04-28 18:00:00,23.2,61,0.0,5.4,Evora
2025-04-28 19:00:00,20.5,69,0.0,7.0,Evora
2025-04-28 20:00:00,18.9,66,0.0,12.1,Evora
2025-04-28 21:00:00,18.1,56,0.0,14.4,Evora
2025-04-28 22:00:00,16.3,66,0.0,8.5,Evora
2025-04-28 23:00:00,14.7,76,0.0,7.0,Evora
2025-04-29 00:00:00,13.9,79,0.0,7.5,Evora
2025-04-29 01:00:00,13.1,85,0.0,5.6,Evora
2025-04-29 02:00:00,12.4,87,0.0,6.5,Evora
2025-04-29 03:00:00,12.1,85,0.0,7.0,Evora
2025-04-29 04:00:00,11.8,81,0.0,7.8,Evora
2025-04-29 05:00:00,11.5,79,0.0,8.1,Evora
2025-04-29 06:00:00,11.6,77,0.0,9.7,Evora
2025-04-29 07:00:00,12.7,76,0.0,12.0,Evora
2025-04-29 08:00:00,14.5,74,0.0,10.3,Evora
2025-04-29 09:00:00,16.5,68,0.0,11.9,Evora
2025-04-29 10:00:00,18.4,61,0.0,20.5,Evora
2025-04-29 11:00:00,19.5,64,0.0,26.5,Evora
2025-04-29 12:00:00,19.4,67,0.0,25.7,Evora
2025-04-29 13:00:00,18.3,76,0.2,22.1,Evora
2025-04-29 14:00:00,19.5,71,0.2,24.1,Evora
2025-04-29 15:00:00,20.4,65,0.0,25.9,Evora
2025-04-29 16:00:00,19.6,72,0.6,25.2,Evora
2025-04-29 17:00:00,19.4,70,0.2,19.5,Evora
2025-04-29 18:00:00,18.3,75,0.3,17.9,Evora
2025-04-29 19:00:00,16.9,83,0.4,15.1,Evora
2025-04-29 20:00:00,15.7,89,0.1,15.8,Evora
2025-04-29 21:00:00,15.3,90,0.0,14.6,Evora
2025-04-29 22:00:00,15.3,86,0.0,13.4,Evora
2025-04-29 23:00:00,15.2,84,0.0,13.0,Evora
2025-04-30 00:00:00,14.9,84,0.2,10.4,Evora
2025-04-30 01:00:00,14.1,87,0.0,11.3,Evora
2025-04-30 02:00:00,13.5,92,0.0,10.1,Evora
2025-04-30 03:00:00,13.5,92,0.1,11.9,Evora
2025-04-30 04:00:00,13.4,97,0.1,12.5,Evora
2025-04-30 05:00:00,13.3,96,0.7,11.7,Evora
2025-04-30 06:00:00,13.1,99,1.0,9.5,Evora
2025-04-30 07:00:00,12.9,98,1.9,8.0,Evora
2025-04-30 08:00:00,12.9,97,1.5,6.9,Evora
2025-04-30 09:00:00,13.0,94,0.6,4.2,Evora
2025-04-30 10:00:00,14.0,84,0.1,8.7,Evora
2025-04-30 11:00:00,15.1,75,0.1,11.9,Evora
2025-04-30 12:00:00,16.3,69,0.2,12.8,Evora
2025-04-30 13:00:00,16.0,72,0.1,11.5,Evora
2025-04-30 14:00:00,16.6,65,0.1,15.8,Evora
2025-04-30 15:00:00,15.7,71,1.7,12.1,Evora
2025-04-30 16:00:00,16.4,66,0.1,9.4,Evora
2025-04-30 17:00:00,15.0,67,0.1,14.3,Evora
2025-04-30 18:00:00,14.3,69,0.0,13.1,Evora
2025-04-30 19:00:00,13.1,77,0.0,5.6,Evora
2025-04-30 20:00:00,11.4,85,0.0,3.8,Evora
2025-04-30 21:00:00,10.6,88,0.0,3.5,Evora
2025-04-30 22:00:00,10.1,89,0.0,1.3,Evora
2025-04-30 23:00:00,9.5,91,0.0,1.9,Evora
2025-05-01 00:00:00,9.1,93,0.0,6.0,Evora
2025-05-01 01:00:00,9.2,95,0.0,5.3,Evora
2025-05-01 02:00:00,8.5,95,0.0,4.3,Evora
2025-05-01 03:00:00,8.4,97,0.0,5.1,Evora
2025-05-01 04:00:00,8.6,97,0.0,5.8,Evora
2025-05-01 05:00:00,8.4,99,0.0,6.2,Evora
2025-05-01 06:00:00,8.2,100,0.0,5.9,Evora
2025-05-01 07:00:00,10.2,97,0.0,9.1,Evora
2025-05-01 08:00:00,12.5,90,0.0,9.0,Evora
2025-05-01 09:00:00,14.4,79,0.0,11.9,Evora
2025-05-01 10:00:00,15.9,68,0.0,12.0,Evora
2025-05-01 11:00:00,17.2,62,0.0,11.7,Evora
2025-05-01 12:00:00,18.1,55,0.1,14.1,Evora
2025-05-01 13:00:00,18.8,54,0.1,17.3,Evora
2025-05-01 14:00:00,19.4,52,0.1,13.0,Evora
2025-05-01 15:00:00,19.6,54,0.1,11.3,Evora
2025-05-01 16:00:00,19.7,56,0.0,12.6,Evora
2025-05-01 17:00:00,19.4,60,0.0,13.3,Evora
2025-05-01 18:00:00,18.5,68,0.0,11.1,Evora
2025-05-01 19:00:00,16.7,76,0.0,10.1,Evora
2025-05-01 20:00:00,15.2,80,0.0,11.1,Evora
2025-05-01 21:00:00,15.0,83,0.3,14.7,Evora
2025-05-01 22:00:00,13.7,96,0.7,10.8,Evora
2025-05-01 23:00:00,13.7,96,0.1,9.8,Evora
2025-05-02 00:00:00,13.6,97,0.0,11.2,Evora
2025-05-02 01:00:00,12.5,95,0.0,5.5,Evora
2025-05-02 02:00:00,12.2,97,0.0,7.4,Evora
2025-05-02 03:00:00,12.7,98,0.0,11.5,Evora
2025-05-02 04:00:00,12.2,95,0.0,12.0,Evora
2025-05-02 05:00:00,12.3,94,0.0,16.3,Evora
2025-05-02 06:00:00,12.5,94,0.4,18.2,Evora
2025-05-02 07:00:00,13.2,94,0.5,23.0,Evora
2025-05-02 08:00:00,14.0,91,0.7,21.9,Evora
2025-05-02 09:00:00,13.8,90,5.3,25.6,Evora
2025-05-02 10:00:00,15.7,82,0.3,24.7,Evora
2025-05-02 11:00:00,14.8,83,1.3,21.9,Evora
2025-05-02 12:00:00,17.9,71,0.2,26.0,Evora
2025-05-02 13:00:00,18.2,71,0.1,27.1,Evora
2025-05-02 14:00:00,16.4,83,0.3,25.0,Evora
2025-05-02 15:00:00,17.1,74,0.2,27.4,Evora
2025-05-02 16:00:00,17.5,71,0.2,25.1,Evora
2025-05-02 17:00:00,17.2,71,0.2,22.5,Evora
2025-05-02 18:00:00,16.1,77,0.3,18.7,Evora
2025-05-02 19:00:00,15.0,81,0.1,17.0,Evora
2025-05-02 20:00:00,13.7,88,0.0,13.6,Evora
2025-05-02 21:00:00,12.9,93,0.0,10.7,Evora
2025-05-02 22:00:00,12.4,96,0.0,11.2,Evora
2025-05-02 23:00:00,12.4,96,0.0,11.9,Evora
2025-05-03 00:00:00,12.3,95,0.0,11.9,Evora
2025-05-03 01:00:00,12.7,94,0.0,12.5,Evora
2025-05-03 02:00:00,12.1,97,0.0,12.3,Evora
2025-05-03 03:00:00,12.3,97,0.0,11.8,Evora
2025-05-03 04:00:00,11.9,97,0.0,11.8,Evora
2025-05-03 05:00:00,11.8,97,0.0,11.9,Evora
2025-05-03 06:00:00,11.9,97,0.0,13.2,Evora
2025-05-03 07:00:00,13.0,90,0.0,15.9,Evora
2025-05-03 08:00:00,14.1,84,0.0,18.2,Evora
2025-05-03 09:00:00,15.7,78,0.1,21.3,Evora
2025-05-03 10:00:00,14.7,77,0.5,22.4,Evora
2025-05-03 11:00:00,16.2,80,0.1,20.0,Evora
2025-05-03 12:00:00,15.6,79,1.5,26.1,Evora
2025-05-03 13:00:00,17.7,73,0.1,22.9,Evora
2025-05-03 14:00:00,17.0,74,0.2,20.7,Evora
2025-05-03 15:00:00,17.7,65,0.1,24.5,Evora
2025-05-03 16:00:00,16.6,70,0.2,22.9,Evora
2025-05-03 17:00:00,15.7,75,0.1,24.7,Evora
2025-05-03 18:00:00,15.1,80,0.0,18.8,Evora
2025-05-03 19:00:00,13.6,88,0.8,22.0,Evora
2025-05-03 20:00:00,12.9,95,0.2,17.2,Evora
2025-05-03 21:00:00,12.4,97,0.1,15.6,Evora
2025-05-03 22:00:00,12.2,98,0.1,13.9,Evora
2025-05-03 23:00:00,11.8,98,0.0,13.8,Evora
2025-05-04 00:00:00,11.6,98,0.0,13.9,Evora
2025-05-04 01:00:00,11.8,97,0.0,15.7,Evora
2025-05-04 02:00:00,11.4,97,0.0,15.3,Evora
2025-05-04 03:00:00,11.3,97,0.0,15.0,Evora
2025-05-04 04:00:00,11.4,97,0.0,14.6,Evora
2025-05-04 05:00:00,11.4,97,0.1,14.4,Evora
2025-05-04 06:00:00,11.5,97,0.0,13.9,Evora
2025-05-04 07:00:00,12.0,94,0.2,12.9,Evora
2025-05-04 08:00:00,13.5,91,0.1,15.5,Evora
2025-05-04 09:00:00,14.6,87,0.1,18.4,Evora
2025-05-04 10:00:00,15.1,84,0.2,19.3,Evora
2025-05-04 11:00:00,16.4,80,0.2,20.5,Evora
2025-05-04 12:00:00,16.9,72,0.1,21.0,Evora
2025-05-04 13:00:00,17.9,67,0.1,24.1,Evora
2025-05-04 14:00:00,17.6,67,0.1,19.4,Evora
2025-05-04 15:00:00,16.6,71,0.2,20.7,Evora
2025-05-04 16:00:00,15.3,79,0.5,19.4,Evora
2025-05-04 17:00:00,16.2,79,0.1,16.0,Evora
2025-05-04 18:00:00,15.5,76,0.1,17.1,Evora
2025-05-04 19:00:00,14.6,81,0.0,13.1,Evora
2025-05-04 20:00:00,13.3,87,0.0,10.9,Evora
2025-05-04 21:00:00,12.5,92,0.0,9.7,Evora
2025-05-04 22:00:00,12.1,95,0.0,9.9,Evora
2025-05-04 23:00:00,11.7,97,0.0,10.6,Evora
2025-05-05 00:00:00,11.5,98,0.0,10.8,Evora
2025-05-05 01:00:00,11.9,99,0.0,9.3,Evora
2025-05-05 02:00:00,12.1,99,0.0,9.6,Evora
2025-05-05 03:00:00,12.4,98,0.0,10.9,Evora
2025-05-05 04:00:00,12.1,99,0.0,9.7,Evora
2025-05-05 05:00:00,12.1,98,0.0,9.3,Evora
2025-05-05 06:00:00,11.9,99,0.0,8.3,Evora
2025-05-05 07:00:00,12.4,95,0.0,11.3,Evora
2025-05-05 08:00:00,13.2,90,0.0,11.6,Evora
2025-05-05 09:00:00,15.0,78,0.1,12.8,Evora
2025-05-05 10:00:00,15.9,73,0.2,12.7,Evora
2025-05-05 11:00:00,17.3,66,0.4,14.1,Evora
2025-05-05 12:00:00,18.0,65,0.4,14.9,Evora
2025-05-05 13:00:00,18.9,60,0.5,13.6,Evora
2025-05-05 14:00:00,19.0,64,0.3,14.6,Evora
2025-05-05 15:00:00,19.4,66,0.0,14.8,Evora
2025-05-05 16:00:00,18.9,65,0.1,16.4,Evora
2025-05-05 17:00:00,18.7,64,0.1,17.8,Evora
2025-05-05 18:00:00,17.5,71,0.1,16.5,Evora
2025-05-05 19:00:00,16.1,75,0.0,17.1,Evora
2025-05-05 20:00:00,14.5,81,0.0,16.1,Evora
2025-05-05 21:00:00,13.4,86,0.0,14.9,Evora
2025-05-05 22:00:00,12.6,91,0.0,13.1,Evora
2025-05-05 23:00:00,11.9,95,0.0,11.7,Evora
2025-05-06 00:00:00,11.4,96,0.0,11.3,Evora
2025-05-06 01:00:00,11.8,98,0.0,13.0,Evora
2025-05-06 02:00:00,11.8,100,0.0,14.5,Evora
2025-05-06 03:00:00,11.8,99,0.0,13.2,Evora
2025-05-06 04:00:00,11.8,96,0.0,12.8,Evora
2025-05-06 05:00:00,11.6,93,0.0,13.0,Evora
2025-05-06 06:00:00,11.2,91,0.0,11.2,Evora
2025-05-06 07:00:00,11.5,87,0.0,9.3,Evora
2025-05-06 08:00:00,12.3,82,0.0,6.5,Evora
2025-05-06 09:00:00,13.6,76,0.0,5.3,Evora
2025-05-06 10:00:00,15.2,68,0.0,4.4,Evora
2025-05-06 11:00:00,16.6,62,0.0,3.8,Evora
2025-05-06 12:00:00,17.7,57,0.0,4.4,Evora
2025-05-06 13:00:00,18.4,59,0.0,3.7,Evora
2025-05-06 14:00:00,19.0,58,0.0,4.7,Evora
2025-05-06 15:00:00,19.3,55,0.0,5.5,Evora
2025-05-06 16:00:00,19.6,52,0.0,6.2,Evora
2025-05-06 17:00:00,19.3,53,0.0,7.4,Evora
2025-05-06 18:00:00,18.5,60,0.0,6.6,Evora
2025-05-06 19:00:00,16.5,72,0.0,7.2,Evora
2025-05-06 20:00:00,13.9,82,0.0,13.0,Evora
2025-05-06 21:00:00,12.0,90,0.0,10.1,Evora
2025-05-06 22:00:00,11.3,94,0.0,10.8,Evora
2025-05-06 23:00:00,11.0,95,0.0,8.2,Evora
2025-05-07 00:00:00,10.1,97,0.0,5.3,Evora
2025-05-07 01:00:00,9.4,98,0.0,3.6,Evora
2025-05-07 02:00:00,9.1,100,0.0,1.7,Evora
2025-05-07 03:00:00,9.0,100,0.0,0.5,Evora
2025-05-07 04:00:00,8.9,100,0.0,0.3,Evora
2025-05-07 05:00:00,9.0,100,0.0,0.4,Evora
2025-05-07 06:00:00,9.4,100,0.0,1.5,Evora
2025-05-07 07:00:00,10.4,99,0.0,3.5,Evora
2025-05-07 08:00:00,12.1,92,0.0,6.0,Evora
2025-05-07 09:00:00,14.3,81,0.0,8.1,Evora
2025-05-07 10:00:00,16.1,71,0.0,9.4,Evora
2025-05-07 11:00:00,16.9,68,0.0,10.1,Evora
2025-05-07 12:00:00,17.3,65,0.0,11.2,Evora
2025-05-07 13:00:00,19.3,53,0.0,13.4,Evora
2025-05-07 14:00:00,19.3,54,0.0,13.8,Evora
2025-05-07 15:00:00,19.3,54,0.0,14.0,Evora
2025-05-07 16:00:00,20.0,46,0.0,9.2,Evora
2025-05-07 17:00:00,19.9,47,0.0,12.3,Evora
2025-05-07 18:00:00,16.1,71,0.0,21.2,Evora
2025-05-07 19:00:00,14.2,75,0.0,15.5,Evora
2025-05-07 20:00:00,12.7,80,0.0,12.9,Evora
2025-05-07 21:00:00,11.9,84,0.0,12.1,Evora
2025-05-07 22:00:00,11.2,87,0.0,10.2,Evora
2025-05-07 23:00:00,10.6,90,0.0,8.4,Evora
2025-05-08 00:00:00,10.0,91,0.0,6.1,Evora
2025-05-08 01:00:00,9.9,91,0.0,5.8,Evora
2025-05-08 02:00:00,9.6,92,0.0,6.5,Evora
2025-05-08 03:00:00,9.6,91,0.0,7.4,Evora
2025-05-08 04:00:00,9.4,91,0.0,6.4,Evora
2025-05-08 05:00:00,9.3,92,0.0,5.1,Evora
2025-05-08 06:00:00,9.9,90,0.0,4.5,Evora
2025-05-08 07:00:00,11.4,87,0.0,5.3,Evora
2025-05-08 08:00:00,13.5,75,0.0,7.1,Evora
2025-05-08 09:00:00,15.0,64,0.0,13.5,Evora
2025-05-08 10:00:00,15.9,58,0.0,16.2,Evora
2025-05-08 11:00:00,15.4,64,0.0,14.9,Evora
2025-05-08 12:00:00,16.0,62,0.0,15.6,Evora
2025-05-08 13:00:00,16.5,59,0.0,16.2,Evora
2025-05-08 14:00:00,17.0,58,0.0,16.3,Evora
2025-05-08 15:00:00,17.6,56,0.0,17.3,Evora
2025-05-08 16:00:00,17.1,58,0.0,17.4,Evora
2025-05-08 17:00:00,16.4,62,0.0,16.9,Evora
2025-05-08 18:00:00,16.0,64,0.0,16.0,Evora
2025-05-08 19:00:00,14.4,73,0.0,14.6,Evora
2025-05-08 20:00:00,12.9,79,0.0,13.0,Evora
2025-05-08 21:00:00,12.2,82,0.0,11.3,Evora
2025-05-08 22:00:00,11.4,85,0.0,8.9,Evora
2025-05-08 23:00:00,10.7,89,0.0,7.6,Evora
2025-05-09 00:00:00,10.6,89,0.0,5.8,Evora
2025-05-09 01:00:00,12.6,87,0.0,7.4,Evora
2025-05-09 02:00:00,12.4,89,0.0,6.4,Evora
2025-05-09 03:00:00,11.2,95,0.0,5.2,Evora
2025-05-09 04:00:00,10.7,96,0.0,4.6,Evora
2025-05-09 05:00:00,9.4,98,0.0,5.0,Evora
2025-05-09 06:00:00,9.6,99,0.0,4.8,Evora
2025-05-09 07:00:00,11.8,93,0.0,6.4,Evora
2025-05-09 08:00:00,13.9,79,0.0,6.3,Evora
2025-05-09 09:00:00,15.0,68,0.0,12.9,Evora
2025-05-09 10:00:00,15.8,63,0.1,13.7,Evora
2025-05-09 11:00:00,16.5,60,0.1,12.9,Evora
2025-05-09 12:00:00,16.9,60,0.1,12.5,Evora
2025-05-09 13:00:00,17.6,54,0.0,8.6,Evora
2025-05-09 14:00:00,17.8,53,0.0,9.2,Evora
2025-05-09 15:00:00,18.2,53,0.0,11.6,Evora
2025-05-09 16:00:00,18.3,53,0.0,13.3,Evora
2025-05-09 17:00:00,17.1,62,0.0,15.6,Evora
2025-05-09 18:00:00,16.3,66,0.0,13.7,Evora
2025-05-09 19:00:00,14.9,70,0.0,12.0,Evora
2025-05-09 20:00:00,13.0,75,0.0,11.5,Evora
2025-05-09 21:00:00,12.4,80,0.0,11.2,Evora
2025-05-09 22:00:00,11.9,87,0.0,9.4,Evora
2025-05-09 23:00:00,11.1,92,0.0,7.7,Evora
2025-05-10 00:00:00,10.5,94,0.0,5.7,Evora
2025-05-10 01:00:00,10.6,94,0.0,7.0,Evora
2025-05-10 02:00:00,10.0,95,0.0,6.9,Evora
2025-05-10 03:00:00,9.5,96,0.0,6.1,Evora
2025-05-10 04:00:00,9.6,97,0.0,7.7,Evora
2025-05-10 05:00:00,9.5,97,0.0,8.2,Evora
2025-05-10 06:00:00,9.8,97,0.0,9.5,Evora
2025-05-10 07:00:00,11.6,91,0.0,9.2,Evora
2025-05-10 08:00:00,13.4,82,0.0,12.8,Evora
2025-05-10 09:00:00,14.6,79,0.0,12.4,Evora
2025-05-10 10:00:00,15.6,75,0.0,12.4,Evora
2025-05-10 11:00:00,16.6,69,0.0,13.8,Evora
2025-05-10 12:00:00,17.3,65,0.0,14.9,Evora
2025-05-10 13:00:00,17.9,58,0.2,15.5,Evora
2025-05-10 14:00:00,18.1,57,0.1,16.7,Evora
2025-05-10 15:00:00,17.8,58,0.0,17.5,Evora
2025-05-10 16:00:00,17.4,57,0.1,17.0,Evora
2025-05-10 17:00:00,17.0,57,0.1,16.9,Evora
2025-05-10 18:00:00,16.3,60,0.0,13.0,Evora
2025-05-10 19:00:00,15.1,66,0.0,10.9,Evora
2025-05-10 20:00:00,13.4,72,0.0,10.9,Evora
2025-05-10 21:00:00,12.6,75,0.0,12.5,Evora
2025-05-10 22:00:00,11.4,82,0.0,13.5,Evora
2025-05-10 23:00:00,10.6,86,0.0,11.6,Evora
2025-05-11 00:00:00,9.8,90,0.0,9.8,Evora
2025-05-11 01:00:00,10.0,90,0.0,9.4,Evora
2025-05-11 02:00:00,9.5,92,0.0,8.5,Evora
2025-05-11 03:00:00,9.2,92,0.0,9.7,Evora
2025-05-11 04:00:00,9.0,93,0.0,9.3,Evora
2025-05-11 05:00:00,8.7,92,0.0,9.6,Evora
2025-05-11 06:00:00,9.0,91,0.0,11.4,Evora
2025-05-11 07:00:00,10.8,87,0.0,11.2,Evora
2025-05-11 08:00:00,12.8,77,0.0,12.9,Evora
2025-05-11 09:00:00,14.4,67,0.0,13.4,Evora
2025-05-11 10:00:00,15.7,60,0.0,12.3,Evora
2025-05-11 11:00:00,17.1,52,0.0,12.8,Evora
2025-05-11 12:00:00,17.8,47,0.0,12.6,Evora
2025-05-11 13:00:00,18.5,42,0.0,11.5,Evora
2025-05-11 14:00:00,17.8,45,0.0,11.5,Evora
2025-05-11 15:00:00,18.1,45,0.0,12.4,Evora
2025-05-11 16:00:00,17.7,48,0.0,14.1,Evora
2025-05-11 17:00:00,17.5,50,0.0,14.4,Evora
2025-05-11 18:00:00,16.8,56,0.0,13.3,Evora
2025-05-11 19:00:00,15.2,62,0.0,14.3,Evora
2025-05-11 20:00:00,13.4,66,0.0,17.4,Evora
2025-05-11 21:00:00,12.4,72,0.0,16.0,Evora
2025-05-11 22:00:00,11.5,77,0.0,14.5,Evora
2025-05-11 23:00:00,10.6,82,0.0,13.6,Evora
2025-05-12 00:00:00,10.0,86,0.0,13.6,Evora
2025-05-12 01:00:00,9.9,87,0.0,12.8,Evora
2025-05-12 02:00:00,9.5,90,0.0,12.6,Evora
2025-05-12 03:00:00,9.2,91,0.0,11.6,Evora
2025-05-12 04:00:00,9.0,92,0.0,9.8,Evora
2025-05-12 05:00:00,8.8,92,0.0,9.0,Evora
2025-05-12 06:00:00,9.1,91,0.0,8.7,Evora
2025-05-12 07:00:00,11.1,87,0.0,8.2,Evora
2025-05-12 08:00:00,13.1,76,0.0,8.7,Evora
2025-05-12 09:00:00,14.6,66,0.0,13.4,Evora
2025-05-12 10:00:00,15.6,59,0.0,12.5,Evora
2025-05-12 11:00:00,16.4,55,0.0,11.6,Evora
2025-05-12 12:00:00,17.0,53,0.1,10.8,Evora
2025-05-12 13:00:00,18.1,46,0.0,9.9,Evora
2025-05-12 14:00:00,18.3,46,0.0,11.6,Evora
2025-05-12 15:00:00,18.3,48,0.0,11.6,Evora
2025-05-12 16:00:00,18.4,48,0.0,12.0,Evora
2025-05-12 17:00:00,17.7,52,0.0,13.7,Evora
2025-05-12 18:00:00,17.1,57,0.0,13.5,Evora
2025-05-12 19:00:00,15.8,64,0.0,12.2,Evora
2025-05-12 20:00:00,14.5,68,0.0,16.6,Evora
2025-05-12 21:00:00,13.0,75,0.0,13.5,Evora
2025-05-12 22:00:00,12.0,81,0.0,11.5,Evora
2025-05-12 23:00:00,11.3,84,0.0,11.1,Evora
2025-05-13 00:00:00,10.9,88,0.0,10.1,Evora
2025-05-13 01:00:00,10.9,91,0.0,9.9,Evora
2025-05-13 02:00:00,10.5,94,0.0,8.0,Evora
2025-05-13 03:00:00,10.2,95,0.0,7.7,Evora
2025-05-13 04:00:00,9.8,97,0.0,6.5,Evora
2025-05-13 05:00:00,9.4,98,0.0,6.3,Evora
2025-05-13 06:00:00,10.2,98,0.0,9.9,Evora
2025-05-13 07:00:00,12.6,91,0.0,12.3,Evora
2025-05-13 08:00:00,14.0,84,0.0,11.0,Evora
2025-05-13 09:00:00,15.7,75,0.0,7.7,Evora
2025-05-13 10:00:00,16.6,72,0.0,6.2,Evora
2025-05-13 11:00:00,17.9,67,0.0,5.9,Evora
2025-05-13 12:00:00,18.9,63,0.0,8.1,Evora
2025-05-13 13:00:00,17.6,65,0.5,9.9,Evora
2025-05-13 14:00:00,18.5,66,0.5,9.6,Evora
2025-05-13 15:00:00,15.4,81,5.4,15.7,Evora
2025-05-13 16:00:00,16.5,78,0.1,8.6,Evora
2025-05-13 17:00:00,17.0,74,0.1,13.3,Evora
2025-05-13 18:00:00,16.2,79,0.3,11.7,Evora
2025-05-13 19:00:00,15.6,72,0.0,15.2,Evora
2025-05-13 20:00:00,13.8,74,0.0,16.5,Evora
2025-05-13 21:00:00,12.6,78,0.0,15.6,Evora
2025-05-13 22:00:00,11.8,82,0.0,15.4,Evora
2025-05-13 23:00:00,11.0,87,0.0,12.9,Evora
2025-05-14 00:00:00,10.3,91,0.0,12.4,Evora
2025-05-14 01:00:00,10.3,92,0.0,14.0,Evora
2025-05-14 02:00:00,10.2,93,0.0,14.8,Evora
2025-05-14 03:00:00,10.0,94,0.0,14.2,Evora
2025-05-14 04:00:00,9.6,95,0.0,11.9,Evora
2025-05-14 05:00:00,9.4,95,0.0,11.1,Evora
2025-05-14 06:00:00,9.5,95,0.0,12.2,Evora
2025-05-14 07:00:00,11.2,90,0.0,12.2,Evora
2025-05-14 08:00:00,12.9,79,0.0,16.4,Evora
2025-05-14 09:00:00,14.5,70,0.0,16.6,Evora
2025-05-14 10:00:00,16.0,64,0.0,15.1,Evora
2025-05-14 11:00:00,17.3,59,0.0,16.3,Evora
2025-05-14 12:00:00,18.7,50,0.0,19.9,Evora
2025-05-14 13:00:00,18.2,52,0.0,19.6,Evora
2025-05-14 14:00:00,18.1,53,0.0,18.9,Evora
2025-05-14 15:00:00,18.3,52,0.0,18.2,Evora
2025-05-14 16:00:00,18.8,49,0.0,18.4,Evora
2025-05-14 17:00:00,18.0,48,0.0,21.6,Evora
2025-05-14 18:00:00,16.7,53,0.0,18.6,Evora
2025-05-14 19:00:00,14.9,60,0.0,17.0,Evora
2025-05-14 20:00:00,13.3,64,0.0,16.4,Evora
2025-05-14 21:00:00,12.3,70,0.0,16.1,Evora
2025-05-14 22:00:00,11.5,76,0.0,15.5,Evora
2025-05-14 23:00:00,10.7,82,0.0,13.0,Evora
2025-05-15 00:00:00,10.1,87,0.0,13.4,Evora
2025-05-15 01:00:00,10.1,90,0.0,14.9,Evora
2025-05-15 02:00:00,10.0,91,0.0,16.6,Evora
2025-05-15 03:00:00,9.8,92,0.0,17.7,Evora
2025-05-15 04:00:00,9.7,92,0.0,18.3,Evora
2025-05-15 05:00:00,9.7,93,0.0,18.8,Evora
2025-05-15 06:00:00,10.0,91,0.0,20.1,Evora
2025-05-15 07:00:00,11.4,85,0.0,18.0,Evora
2025-05-15 08:00:00,12.9,78,0.0,21.6,Evora
2025-05-15 09:00:00,14.8,69,0.0,19.9,Evora
2025-05-15 10:00:00,16.5,63,0.0,17.3,Evora
2025-05-15 11:00:00,18.1,56,0.0,14.4,Evora
2025-05-15 12:00:00,19.3,51,0.0,13.0,Evora
2025-05-15 13:00:00,20.8,43,0.0,12.3,Evora
2025-05-15 14:00:00,21.9,38,0.0,12.8,Evora
2025-05-15 15:00:00,22.0,36,0.0,14.0,Evora
2025-05-15 16:00:00,21.6,39,0.0,15.5,Evora
2025-05-15 17:00:00,21.2,39,0.0,11.3,Evora
2025-05-15 18:00:00,20.1,48,0.0,10.2,Evora
2025-05-15 19:00:00,17.1,62,0.0,22.8,Evora
2025-05-15 20:00:00,14.8,75,0.0,21.9,Evora
2025-05-15 21:00:00,13.9,77,0.0,20.1,Evora
2025-05-15 22:00:00,13.2,80,0.0,19.4,Evora
2025-05-15 23:00:00,12.6,84,0.0,18.1,Evora
2025-05-16 00:00:00,12.2,87,0.0,16.4,Evora
2025-05-16 01:00:00,11.9,89,0.0,13.8,Evora
2025-05-16 02:00:00,11.6,92,0.0,12.0,Evora
2025-05-16 03:00:00,11.3,94,0.0,10.3,Evora
2025-05-16 04:00:00,11.0,94,0.0,9.9,Evora
2025-05-16 05:00:00,10.7,94,0.0,7.9,Evora
2025-05-16 06:00:00,11.1,93,0.0,8.2,Evora
2025-05-16 07:00:00,13.4,87,0.0,7.3,Evora
2025-05-16 08:00:00,16.1,79,0.0,3.8,Evora
2025-05-16 09:00:00,18.4,70,0.0,2.2,Evora
2025-05-16 10:00:00,20.0,64,0.0,1.6,Evora
2025-05-16 11:00:00,21.4,59,0.0,1.0,Evora
2025-05-16 12:00:00,22.5,54,0.0,0.8,Evora
2025-05-16 13:00:00,23.2,50,0.0,1.2,Evora
2025-05-16 14:00:00,23.3,48,0.0,2.4,Evora
2025-05-16 15:00:00,23.6,44,0.0,3.8,Evora
2025-05-16 16:00:00,23.5,41,0.0,4.6,Evora
2025-05-16 17:00:00,23.2,42,0.0,3.6,Evora
2025-05-16 18:00:00,22.7,48,0.0,3.8,Evora
2025-05-16 19:00:00,20.2,67,0.0,4.4,Evora
2025-05-16 20:00:00,18.5,63,0.0,2.8,Evora
2025-05-16 21:00:00,17.7,68,0.0,10.5,Evora
2025-05-16 22:00:00,16.9,74,0.0,10.4,Evora
2025-05-16 23:00:00,14.9,87,0.0,5.3,Evora
2025-05-17 00:00:00,13.7,92,0.0,3.6,Evora
2025-05-17 01:00:00,13.1,94,0.0,4.8,Evora
2025-05-17 02:00:00,13.5,93,0.0,6.4,Evora
2025-05-17 03:00:00,13.1,93,0.0,5.3,Evora
2025-05-17 04:00:00,13.3,92,0.0,5.9,Evora
2025-05-17 05:00:00,13.4,89,0.0,5.6,Evora
2025-05-17 06:00:00,14.6,83,0.0,6.8,Evora
2025-05-17 07:00:00,16.3,78,0.0,7.9,Evora
2025-05-17 08:00:00,18.7,72,0.0,6.7,Evora
2025-05-17 09:00:00,21.0,61,0.0,9.0,Evora
2025-05-17 10:00:00,23.1,53,0.0,10.1,Evora
2025-05-17 11:00:00,24.6,48,0.0,9.6,Evora
2025-05-17 12:00:00,25.7,40,0.0,8.5,Evora
2025-05-17 13:00:00,26.3,37,0.0,11.5,Evora
2025-05-17 14:00:00,26.6,37,0.0,12.0,Evora
2025-05-17 15:00:00,26.6,37,0.0,11.9,Evora
2025-05-17 16:00:00,26.9,36,0.0,12.6,Evora
2025-05-17 17:00:00,25.6,40,0.0,11.7,Evora
2025-05-17 18:00:00,21.4,55,0.0,19.1,Evora
2025-05-17 19:00:00,19.8,57,0.0,15.7,Evora
2025-05-17 20:00:00,18.0,57,0.0,13.7,Evora
2025-05-17 21:00:00,16.8,61,0.0,12.4,Evora
2025-05-17 22:00:00,15.6,69,0.0,7.2,Evora
2025-05-17 23:00:00,14.3,78,0.0,4.4,Evora
2025-05-18 00:00:00,13.5,84,0.0,4.7,Evora
2025-05-18 01:00:00,13.6,85,0.0,7.4,Evora
2025-05-18 02:00:00,12.7,94,0.0,7.1,Evora
2025-05-18 03:00:00,12.1,100,0.0,7.1,Evora
2025-05-18 04:00:00,12.2,100,0.0,7.6,Evora
2025-05-18 05:00:00,12.2,100,0.0,7.7,Evora
2025-05-18 06:00:00,12.4,100,0.0,7.4,Evora
2025-05-18 07:00:00,12.8,98,0.0,10.0,Evora
2025-05-18 08:00:00,14.2,88,0.0,14.0,Evora
2025-05-18 09:00:00,16.3,75,0.0,12.2,Evora
2025-05-18 10:00:00,18.1,65,0.0,12.3,Evora
2025-05-18 11:00:00,19.0,59,0.0,12.1,Evora
2025-05-18 12:00:00,20.4,53,0.0,9.5,Evora
2025-05-18 13:00:00,21.4,49,0.0,12.5,Evora
2025-05-18 14:00:00,21.2,49,0.0,15.2,Evora
2025-05-18 15:00:00,19.6,57,0.3,20.5,Evora
2025-05-18 16:00:00,18.9,68,0.5,18.2,Evora
2025-05-18 17:00:00,18.9,65,0.1,17.9,Evora
2025-05-18 18:00:00,17.8,65,0.0,17.3,Evora
2025-05-18 19:00:00,16.6,71,0.0,15.8,Evora
2025-05-18 20:00:00,15.1,78,0.0,13.3,Evora
2025-05-18 21:00:00,14.2,84,0.0,11.7,Evora
2025-05-18 22:00:00,13.1,87,0.0,9.4,Evora
2025-05-18 23:00:00,12.2,93,0.0,8.4,Evora
2025-05-19 00:00:00,11.7,95,0.0,8.9,Evora
2025-05-19 01:00:00,11.8,97,0.0,8.5,Evora
2025-05-19 02:00:00,11.3,97,0.0,6.7,Evora
2025-05-19 03:00:00,10.8,97,0.0,5.6,Evora
2025-05-19 04:00:00,10.5,98,0.0,5.2,Evora
2025-05-19 05:00:00,10.8,98,0.0,5.3,Evora
2025-05-19 06:00:00,11.5,98,0.0,7.2,Evora
2025-05-19 07:00:00,13.4,92,0.0,7.0,Evora
2025-05-19 08:00:00,15.6,78,0.0,12.7,Evora
2025-05-19 09:00:00,17.2,67,0.0,12.8,Evora
2025-05-19 10:00:00,18.5,59,0.0,13.0,Evora
2025-05-19 11:00:00,18.9,56,0.0,13.4,Evora
2025-05-19 12:00:00,19.8,53,0.0,13.2,Evora
2025-05-19 13:00:00,20.9,47,0.0,13.3,Evora
2025-05-19 14:00:00,20.7,48,0.0,14.0,Evora
2025-05-19 15:00:00,21.0,47,0.0,13.8,Evora
2025-05-19 16:00:00,20.8,47,0.0,13.1,Evora
2025-05-19 17:00:00,21.2,44,0.0,14.0,Evora
2025-05-19 18:00:00,20.5,49,0.0,12.9,Evora
2025-05-19 19:00:00,18.8,55,0.0,12.7,Evora
2025-05-19 20:00:00,17.0,62,0.0,16.7,Evora
2025-05-19 21:00:00,15.9,68,0.0,16.6,Evora
2025-05-19 22:00:00,14.8,76,0.0,14.3,Evora
2025-05-19 23:00:00,13.9,82,0.0,13.5,Evora
2025-05-20 00:00:00,13.1,89,0.0,13.0,Evora
2025-05-20 01:00:00,12.7,93,0.0,12.4,Evora
2025-05-20 02:00:00,12.4,95,0.0,13.2,Evora
2025-05-20 03:00:00,12.1,96,0.0,13.1,Evora
2025-05-20 04:00:00,11.9,95,0.0,13.2,Evora
2025-05-20 05:00:00,11.6,95,0.0,13.2,Evora
2025-05-20 06:00:00,11.7,96,0.0,12.6,Evora
2025-05-20 07:00:00,13.3,90,0.0,9.9,Evora
2025-05-20 08:00:00,15.2,84,0.0,8.3,Evora
2025-05-20 09:00:00,17.5,74,0.0,7.6,Evora
2025-05-20 10:00:00,19.5,61,0.0,7.1,Evora
2025-05-20 11:00:00,21.0,55,0.0,7.6,Evora
2025-05-20 12:00:00,22.1,51,0.0,9.0,Evora
2025-05-20 13:00:00,23.2,48,0.0,11.2,Evora
2025-05-20 14:00:00,23.7,46,0.0,11.7,Evora
2025-05-20 15:00:00,24.2,46,0.0,12.0,Evora
2025-05-20 16:00:00,24.3,46,0.0,12.3,Evora
2025-05-20 17:00:00,24.1,46,0.0,13.1,Evora
2025-05-20 18:00:00,23.2,51,0.0,10.7,Evora
2025-05-20 19:00:00,21.2,59,0.0,11.6,Evora
2025-05-20 20:00:00,19.2,69,0.0,19.2,Evora
2025-05-20 21:00:00,17.7,73,0.0,19.8,Evora
2025-05-20 22:00:00,16.5,75,0.0,19.5,Evora
2025-05-20 23:00:00,15.6,77,0.0,19.4,Evora
2025-05-21 00:00:00,14.9,79,0.0,19.2,Evora
2025-05-21 01:00:00,14.7,76,0.0,17.8,Evora
2025-05-21 02:00:00,14.2,77,0.0,16.2,Evora
2025-05-21 03:00:00,13.8,77,0.0,16.3,Evora
2025-05-21 04:00:00,13.5,77,0.0,15.9,Evora
2025-05-21 05:00:00,13.2,78,0.0,16.1,Evora
2025-05-21 06:00:00,13.4,78,0.0,15.4,Evora
2025-05-21 07:00:00,15.0,77,0.0,12.1,Evora
2025-05-21 08:00:00,17.3,72,0.0,10.1,Evora
2025-05-21 09:00:00,19.8,64,0.0,8.8,Evora
2025-05-21 10:00:00,22.0,57,0.0,9.0,Evora
2025-05-21 11:00:00,23.6,52,0.0,9.2,Evora
2025-05-21 12:00:00,24.8,48,0.0,9.1,Evora
2025-05-21 13:00:00,25.7,46,0.0,9.5,Evora
2025-05-21 14:00:00,26.1,46,0.0,10.1,Evora
2025-05-21 15:00:00,26.3,45,0.0,11.3,Evora
2025-05-21 16:00:00,26.1,45,0.0,13.0,Evora
2025-05-21 17:00:00,25.7,47,0.0,13.4,Evora
2025-05-21 18:00:00,24.8,53,0.0,11.6,Evora
2025-05-21 19:00:00,22.8,62,0.0,16.0,Evora
2025-05-21 20:00:00,20.4,69,0.0,19.0,Evora
2025-05-21 21:00:00,18.8,74,0.0,18.3,Evora
2025-05-21 22:00:00,17.3,80,0.0,18.8,Evora
2025-05-21 23:00:00,16.1,82,0.0,21.3,Evora
2025-05-22 00:00:00,15.2,80,0.0,21.3,Evora
2025-05-22 01:00:00,14.7,84,0.0,18.8,Evora
2025-05-22 02:00:00,14.1,87,0.0,19.1,Evora
2025-05-22 03:00:00,13.7,91,0.0,18.1,Evora
2025-05-22 04:00:00,13.4,94,0.0,17.3,Evora
2025-05-22 05:00:00,13.3,96,0.0,16.9,Evora
2025-05-22 06:00:00,13.6,95,0.0,16.2,Evora
2025-05-22 07:00:00,15.2,89,0.0,13.4,Evora
2025-05-22 08:00:00,17.3,82,0.0,12.1,Evora
2025-05-22 09:00:00,19.8,72,0.0,11.1,Evora
2025-05-22 10:00:00,22.0,61,0.0,12.3,Evora
2025-05-22 11:00:00,23.7,51,0.0,12.7,Evora
2025-05-22 12:00:00,24.8,47,0.0,12.2,Evora
2025-05-22 13:00:00,25.3,46,0.0,14.8,Evora
2025-05-22 14:00:00,25.9,46,0.0,14.0,Evora
2025-05-22 15:00:00,26.5,44,0.0,13.0,Evora
2025-05-22 16:00:00,26.9,42,0.0,14.5,Evora
2025-05-22 17:00:00,26.1,43,0.0,18.6,Evora
2025-05-22 18:00:00,24.9,48,0.0,17.0,Evora
2025-05-22 19:00:00,21.7,59,0.0,23.3,Evora
2025-05-22 20:00:00,19.8,61,0.0,23.1,Evora
2025-05-22 21:00:00,18.6,66,0.0,23.5,Evora
2025-05-22 22:00:00,17.5,68,0.0,23.4,Evora
2025-05-22 23:00:00,16.5,71,0.0,21.9,Evora
2025-05-23 00:00:00,15.8,74,0.0,20.6,Evora
2025-05-23 01:00:00,14.8,80,0.0,19.2,Evora
2025-05-23 02:00:00,14.5,83,0.0,19.1,Evora
2025-05-23 03:00:00,13.9,87,0.0,18.6,Evora
2025-05-23 04:00:00,13.7,87,0.0,19.6,Evora
2025-05-23 05:00:00,13.9,83,0.0,20.7,Evora
2025-05-23 06:00:00,14.2,78,0.0,19.8,Evora
2025-05-23 07:00:00,15.6,74,0.0,16.6,Evora
2025-05-23 08:00:00,17.9,59,0.0,14.7,Evora
2025-05-23 09:00:00,20.4,50,0.0,14.2,Evora
2025-05-23 10:00:00,22.4,44,0.0,13.1,Evora
2025-05-23 11:00:00,23.8,38,0.0,12.7,Evora
2025-05-23 12:00:00,24.8,33,0.0,13.2,Evora
2025-05-23 13:00:00,25.6,29,0.0,16.1,Evora
2025-05-23 14:00:00,25.7,30,0.0,16.7,Evora
2025-05-23 15:00:00,25.9,30,0.0,15.8,Evora
2025-05-23 16:00:00,25.7,29,0.0,16.1,Evora
2025-05-23 17:00:00,25.1,29,0.0,16.4,Evora
2025-05-23 18:00:00,24.3,36,0.0,11.3,Evora
2025-05-23 19:00:00,22.0,44,0.0,9.2,Evora
2025-05-23 20:00:00,20.6,42,0.0,11.4,Evora
2025-05-23 21:00:00,19.4,57,0.0,15.0,Evora
2025-05-23 22:00:00,18.2,68,0.0,16.4,Evora
2025-05-23 23:00:00,17.5,69,0.0,14.9,Evora
2025-05-24 00:00:00,16.7,70,0.0,12.1,Evora
2025-05-24 01:00:00,16.1,69,0.0,11.8,Evora
2025-05-24 02:00:00,15.7,67,0.0,10.8,Evora
2025-05-24 03:00:00,15.0,66,0.0,8.5,Evora
2025-05-24 04:00:00,14.6,65,0.0,9.2,Evora
2025-05-24 05:00:00,13.3,70,0.0,5.8,Evora
2025-05-24 06:00:00,13.6,72,0.0,4.5,Evora
2025-05-24 07:00:00,16.1,66,0.0,7.7,Evora
2025-05-24 08:00:00,18.3,56,0.0,7.0,Evora
2025-05-24 09:00:00,20.1,50,0.0,8.4,Evora
2025-05-24 10:00:00,22.2,48,0.0,4.9,Evora
2025-05-24 11:00:00,24.2,45,0.0,3.1,Evora
2025-05-24 12:00:00,25.8,37,0.0,1.5,Evora
2025-05-24 13:00:00,27.0,31,0.0,1.0,Evora
2025-05-24 14:00:00,27.3,30,0.0,1.5,Evora
2025-05-24 15:00:00,27.4,29,0.0,1.5,Evora
2025-05-24 16:00:00,27.4,29,0.0,1.0,Evora
2025-05-24 17:00:00,27.3,31,0.0,1.5,Evora
2025-05-24 18:00:00,26.5,40,0.0,3.6,Evora
2025-05-24 19:00:00,23.9,46,0.0,9.1,Evora
2025-05-24 20:00:00,22.2,49,0.0,19.6,Evora
2025-05-24 21:00:00,21.0,49,0.0,16.7,Evora
2025-05-24 22:00:00,19.7,54,0.0,17.5,Evora
2025-05-24 23:00:00,18.6,55,0.0,16.3,Evora
2025-05-25 00:00:00,17.9,54,0.0,14.6,Evora
2025-05-25 01:00:00,17.3,53,0.0,13.8,Evora
2025-05-25 02:00:00,16.7,53,0.0,12.5,Evora
2025-05-25 03:00:00,15.9,55,0.0,11.4,Evora
2025-05-25 04:00:00,14.9,60,0.0,10.1,Evora
2025-05-25 05:00:00,14.0,65,0.0,9.1,Evora
2025-05-25 06:00:00,13.8,71,0.0,7.9,Evora
2025-05-25 07:00:00,15.9,69,0.0,6.4,Evora
2025-05-25 08:00:00,18.4,63,0.0,4.1,Evora
2025-05-25 09:00:00,20.9,58,0.0,4.3,Evora
2025-05-25 10:00:00,23.5,48,0.0,3.9,Evora
2025-05-25 11:00:00,25.3,39,0.0,6.1,Evora
2025-05-25 12:00:00,26.2,36,0.0,8.7,Evora
2025-05-25 13:00:00,26.9,34,0.0,9.9,Evora
2025-05-25 14:00:00,27.5,33,0.0,9.8,Evora
2025-05-25 15:00:00,27.8,34,0.0,9.5,Evora
2025-05-25 16:00:00,27.8,35,0.0,10.3,Evora
2025-05-25 17:00:00,27.3,38,0.0,12.1,Evora
2025-05-25 18:00:00,26.2,43,0.0,12.0,Evora
2025-05-25 19:00:00,24.1,52,0.0,14.0,Evora
2025-05-25 20:00:00,21.9,56,0.0,15.4,Evora
2025-05-25 21:00:00,20.0,64,0.0,18.1,Evora
2025-05-25 22:00:00,18.1,70,0.0,17.9,Evora
2025-05-25 23:00:00,17.1,73,0.0,16.5,Evora
2025-05-26 00:00:00,16.3,76,0.0,17.8,Evora
2025-05-26 01:00:00,15.8,76,0.0,18.1,Evora
2025-05-26 02:00:00,15.1,79,0.0,18.0,Evora
2025-05-26 03:00:00,14.3,80,0.0,19.0,Evora
2025-05-26 04:00:00,13.8,79,0.0,17.7,Evora
2025-05-26 05:00:00,13.4,79,0.0,18.0,Evora
2025-05-26 06:00:00,13.6,80,0.0,18.4,Evora
2025-05-26 07:00:00,15.7,71,0.0,15.3,Evora
2025-05-26 08:00:00,17.8,67,0.0,12.5,Evora
2025-05-26 09:00:00,20.5,58,0.0,10.9,Evora
2025-05-26 10:00:00,22.7,52,0.0,10.7,Evora
2025-05-26 11:00:00,24.1,46,0.0,11.6,Evora
2025-05-26 12:00:00,25.2,42,0.0,11.3,Evora
2025-05-26 13:00:00,26.2,43,0.0,9.3,Evora
2025-05-26 14:00:00,26.7,42,0.0,9.1,Evora
2025-05-26 15:00:00,27.0,41,0.0,9.1,Evora
2025-05-26 16:00:00,26.9,39,0.0,10.1,Evora
2025-05-26 17:00:00,26.2,39,0.0,11.8,Evora
2025-05-26 18:00:00,24.7,44,0.0,13.9,Evora
2025-05-26 19:00:00,22.3,56,0.0,15.9,Evora
2025-05-26 20:00:00,19.9,64,0.0,17.2,Evora
2025-05-26 21:00:00,18.2,67,0.0,16.3,Evora
2025-05-26 22:00:00,16.8,71,0.0,15.0,Evora
2025-05-26 23:00:00,15.5,76,0.0,12.8,Evora
2025-05-27 00:00:00,14.3,81,0.0,13.3,Evora
2025-05-27 01:00:00,13.3,87,0.0,10.6,Evora
2025-05-27 02:00:00,12.5,91,0.0,10.2,Evora
2025-05-27 03:00:00,11.9,95,0.0,7.6,Evora
2025-05-27 04:00:00,11.2,96,0.0,6.1,Evora
2025-05-27 05:00:00,10.5,98,0.0,5.4,Evora
2025-05-27 06:00:00,10.8,99,0.0,7.9,Evora
2025-05-27 07:00:00,13.7,89,0.0,6.6,Evora
2025-05-27 08:00:00,17.8,75,0.0,3.9,Evora
2025-05-27 09:00:00,21.4,56,0.0,2.0,Evora
2025-05-27 10:00:00,23.9,48,0.0,2.3,Evora
2025-05-27 11:00:00,25.8,45,0.0,1.8,Evora
2025-05-27 12:00:00,27.3,42,0.0,1.2,Evora
2025-05-27 13:00:00,28.6,36,0.0,3.5,Evora
2025-05-27 14:00:00,29.4,31,0.0,4.8,Evora
2025-05-27 15:00:00,29.9,28,0.0,5.9,Evora
2025-05-27 16:00:00,29.9,26,0.0,6.6,Evora
2025-05-27 17:00:00,29.5,28,0.0,6.0,Evora
2025-05-27 18:00:00,28.3,32,0.0,6.2,Evora
2025-05-27 19:00:00,25.6,43,0.0,6.1,Evora
2025-05-27 20:00:00,23.2,54,0.0,18.7,Evora
2025-05-27 21:00:00,21.6,62,0.0,18.4,Evora
2025-05-27 22:00:00,20.3,61,0.0,15.7,Evora
2025-05-27 23:00:00,19.1,62,0.0,13.9,Evora
2025-05-28 00:00:00,18.4,63,0.0,12.2,Evora
2025-05-28 01:00:00,17.6,63,0.0,11.3,Evora
2025-05-28 02:00:00,17.0,65,0.0,10.1,Evora
2025-05-28 03:00:00,16.9,65,0.0,9.7,Evora
2025-05-28 04:00:00,16.5,67,0.0,10.4,Evora
2025-05-28 05:00:00,15.9,69,0.0,10.6,Evora
2025-05-28 06:00:00,16.3,70,0.0,10.1,Evora
2025-05-28 07:00:00,18.9,66,0.0,8.0,Evora
2025-05-28 08:00:00,22.6,59,0.0,5.3,Evora
2025-05-28 09:00:00,25.7,47,0.0,5.2,Evora
2025-05-28 10:00:00,28.2,39,0.0,5.9,Evora
2025-05-28 11:00:00,30.1,33,0.0,7.0,Evora
2025-05-28 12:00:00,31.4,30,0.0,7.6,Evora
2025-05-28 13:00:00,32.5,26,0.0,7.4,Evora
2025-05-28 14:00:00,33.0,24,0.0,6.5,Evora
2025-05-28 15:00:00,33.3,23,0.0,8.0,Evora
2025-05-28 16:00:00,33.2,22,0.0,9.7,Evora
2025-05-28 17:00:00,32.9,23,0.0,7.9,Evora
2025-05-28 18:00:00,31.5,32,0.0,6.2,Evora
2025-05-28 19:00:00,29.1,31,0.0,9.6,Evora
2025-05-28 20:00:00,26.4,39,0.0,5.1,Evora
2025-05-28 21:00:00,24.3,52,0.0,5.4,Evora
2025-05-28 22:00:00,22.8,54,0.0,4.4,Evora
2025-05-28 23:00:00,21.7,57,0.0,7.3,Evora
2025-05-29 00:00:00,21.5,60,0.0,9.1,Evora
2025-05-29 01:00:00,21.3,70,0.0,9.6,Evora
2025-05-29 02:00:00,20.5,74,0.0,7.4,Evora
2025-05-29 03:00:00,19.9,76,0.0,7.2,Evora
2025-05-29 04:00:00,18.2,83,0.0,5.3,Evora
2025-05-29 05:00:00,17.5,83,0.0,5.0,Evora
2025-05-29 06:00:00,18.9,72,0.0,6.1,Evora
2025-05-29 07:00:00,21.9,64,0.0,7.1,Evora
2025-05-29 08:00:00,24.9,58,0.0,5.4,Evora
2025-05-29 09:00:00,27.4,48,0.0,6.3,Evora
2025-05-29 10:00:00,29.9,40,0.0,6.5,Evora
2025-05-29 11:00:00,31.8,32,0.0,7.6,Evora
2025-05-29 12:00:00,33.1,26,0.0,8.9,Evora
2025-05-29 13:00:00,33.9,24,0.0,11.4,Evora
2025-05-29 14:00:00,34.7,20,0.0,13.2,Evora
2025-05-29 15:00:00,34.9,20,0.0,14.5,Evora
2025-05-29 16:00:00,34.6,20,0.0,15.1,Evora
2025-05-29 17:00:00,33.2,24,0.0,12.4,Evora
2025-05-29 18:00:00,29.5,36,0.0,15.5,Evora
2025-05-29 19:00:00,27.1,40,0.0,11.0,Evora
2025-05-29 20:00:00,25.6,41,0.0,11.4,Evora
2025-05-29 21:00:00,23.6,49,0.0,5.6,Evora
2025-05-29 22:00:00,22.5,55,0.0,4.6,Evora
2025-05-29 23:00:00,21.7,56,0.0,5.9,Evora
2025-05-30 00:00:00,20.7,63,0.0,5.2,Evora
2025-05-30 01:00:00,20.5,68,0.0,3.1,Evora
2025-05-30 02:00:00,20.0,71,0.0,1.7,Evora
2025-05-30 03:00:00,19.0,75,0.0,4.1,Evora
2025-05-30 04:00:00,18.8,75,0.0,5.6,Evora
2025-05-30 05:00:00,18.9,74,0.0,4.2,Evora
2025-05-30 06:00:00,19.2,79,0.0,4.5,Evora
2025-05-30 07:00:00,21.7,68,0.0,6.5,Evora
2025-05-30 08:00:00,24.2,58,0.0,4.7,Evora
2025-05-30 09:00:00,27.2,46,0.0,6.3,Evora
2025-05-30 10:00:00,29.4,39,0.0,7.3,Evora
2025-05-30 11:00:00,31.2,35,0.0,6.2,Evora
2025-05-30 12:00:00,32.7,31,0.0,5.2,Evora
2025-05-30 13:00:00,33.7,28,0.0,7.8,Evora
2025-05-30 14:00:00,34.3,24,0.0,8.1,Evora
2025-05-30 15:00:00,34.4,25,0.0,11.2,Evora
2025-05-30 16:00:00,32.5,30,0.0,5.0,Evora
2025-05-30 17:00:00,32.8,33,0.0,1.8,Evora
2025-05-30 18:00:00,32.4,41,0.0,2.8,Evora
2025-05-30 19:00:00,29.7,45,0.0,5.3,Evora
2025-05-30 20:00:00,27.1,42,0.0,6.7,Evora
2025-05-30 21:00:00,26.3,44,0.0,5.3,Evora
2025-05-30 22:00:00,25.8,43,0.0,2.2,Evora
2025-05-30 23:00:00,23.9,51,0.0,6.2,Evora
2025-05-31 00:00:00,23.7,50,0.0,3.0,Evora
2025-05-31 01:00:00,22.1,69,0.0,1.7,Evora
2025-05-31 02:00:00,22.0,67,0.0,1.0,Evora
2025-05-31 03:00:00,21.0,69,0.0,6.6,Evora
2025-05-31 04:00:00,20.7,60,0.0,7.4,Evora
2025-05-31 05:00:00,19.7,55,0.0,6.9,Evora
2025-05-31 06:00:00,20.4,53,0.0,6.9,Evora
2025-05-31 07:00:00,22.7,48,0.0,10.0,Evora
2025-05-31 08:00:00,25.1,43,0.0,10.2,Evora
2025-05-31 09:00:00,27.3,37,0.0,11.3,Evora
2025-05-31 10:00:00,29.5,32,0.0,12.4,Evora
2025-05-31 11:00:00,31.5,29,0.0,14.5,Evora
2025-05-31 12:00:00,33.3,24,0.0,17.1,Evora
2025-05-31 13:00:00,34.1,27,0.0,14.8,Evora
2025-05-31 14:00:00,34.8,27,0.0,13.3,Evora
2025-05-31 15:00:00,34.7,27,0.0,14.8,Evora
2025-05-31 16:00:00,34.3,30,0.0,12.4,Evora
2025-05-31 17:00:00,32.2,38,0.0,16.5,Evora
2025-05-31 18:00:00,29.5,45,0.0,15.9,Evora
2025-05-31 19:00:00,27.1,52,0.0,13.2,Evora
2025-05-31 20:00:00,25.3,57,0.0,8.1,Evora
2025-05-31 21:00:00,24.1,62,0.0,6.1,Evora
2025-05-31 22:00:00,23.2,67,0.0,3.9,Evora
2025-05-31 23:00:00,22.6,70,0.0,1.7,Evora
2025-06-01 00:00:00,21.6,72,0.0,3.8,Evora
2025-06-01 01:00:00,20.3,78,0.0,3.5,Evora
2025-06-01 02:00:00,19.9,80,0.0,4.1,Evora
2025-06-01 03:00:00,19.1,83,0.0,3.7,Evora
2025-06-01 04:00:00,18.7,85,0.0,2.7,Evora
2025-06-01 05:00:00,18.4,86,0.0,1.0,Evora
2025-06-01 06:00:00,19.1,84,0.0,0.5,Evora
2025-06-01 07:00:00,21.6,77,0.0,3.5,Evora
2025-06-01 08:00:00,24.1,65,0.0,2.9,Evora
2025-06-01 09:00:00,26.0,57,0.0,2.5,Evora
2025-06-01 10:00:00,27.5,51,0.0,2.3,Evora
2025-06-01 11:00:00,29.0,42,0.0,3.0,Evora
2025-06-01 12:00:00,30.2,39,0.0,5.1,Evora
2025-06-01 13:00:00,30.7,36,0.0,6.9,Evora
2025-06-01 14:00:00,31.5,34,0.0,5.0,Evora
2025-06-01 15:00:00,31.8,33,0.0,4.8,Evora
2025-06-01 16:00:00,32.0,33,0.0,2.7,Evora
2025-06-01 17:00:00,31.7,34,0.0,3.1,Evora
2025-06-01 18:00:00,31.0,36,0.0,7.4,Evora
2025-06-01 19:00:00,26.3,34,0.0,20.7,Evora
2025-06-01 20:00:00,24.2,37,0.0,17.6,Evora
2025-06-01 21:00:00,22.8,42,0.0,19.4,Evora
2025-06-01 22:00:00,20.9,56,0.0,18.8,Evora
2025-06-01 23:00:00,19.8,63,0.0,17.0,Evora
2025-06-02 00:00:00,19.0,65,0.0,18.2,Evora
2025-06-02 01:00:00,17.9,70,0.0,13.7,Evora
2025-06-02 02:00:00,17.0,78,0.0,12.4,Evora
2025-06-02 03:00:00,16.2,82,0.0,13.6,Evora
2025-06-02 04:00:00,15.4,86,0.0,12.2,Evora
2025-06-02 05:00:00,14.8,90,0.0,8.1,Evora
2025-06-02 06:00:00,14.9,90,0.0,9.4,Evora
2025-06-02 07:00:00,16.1,85,0.0,10.7,Evora
2025-06-02 08:00:00,17.7,77,0.0,9.2,Evora
2025-06-02 09:00:00,19.5,70,0.0,8.1,Evora
2025-06-02 10:00:00,21.6,63,0.0,8.2,Evora
2025-06-02 11:00:00,23.5,56,0.0,9.7,Evora
2025-06-02 12:00:00,25.1,49,0.0,11.1,Evora
2025-06-02 13:00:00,25.4,49,0.0,10.8,Evora
2025-06-02 14:00:00,26.2,43,0.0,11.1,Evora
2025-06-02 15:00:00,26.4,41,0.0,12.7,Evora
2025-06-02 16:00:00,25.8,42,0.0,15.8,Evora
2025-06-02 17:00:00,24.2,46,0.0,18.5,Evora
2025-06-02 18:00:00,22.0,51,0.0,19.3,Evora
2025-06-02 19:00:00,19.7,58,0.0,19.3,Evora
2025-06-02 20:00:00,17.8,66,0.0,19.4,Evora
2025-06-02 21:00:00,16.2,73,0.0,18.2,Evora
2025-06-02 22:00:00,15.3,78,0.0,17.6,Evora
2025-06-02 23:00:00,14.9,80,0.0,17.2,Evora
2025-06-03 00:00:00,14.3,84,0.0,17.9,Evora
2025-06-03 01:00:00,14.1,85,0.0,18.0,Evora
2025-06-03 02:00:00,14.4,82,0.0,19.5,Evora
2025-06-03 03:00:00,14.5,80,0.0,19.4,Evora
2025-06-03 04:00:00,14.4,79,0.0,20.0,Evora
2025-06-03 05:00:00,14.3,78,0.0,21.6,Evora
2025-06-03 06:00:00,14.3,80,0.0,18.7,Evora
2025-06-03 07:00:00,15.0,75,0.0,21.3,Evora
2025-06-03 08:00:00,16.2,68,0.0,21.9,Evora
2025-06-03 09:00:00,17.1,64,0.0,21.6,Evora
2025-06-03 10:00:00,17.9,60,0.0,21.6,Evora
2025-06-03 11:00:00,19.2,55,0.0,21.7,Evora
2025-06-03 12:00:00,20.5,49,0.0,20.2,Evora
2025-06-03 13:00:00,20.7,51,0.0,18.9,Evora
2025-06-03 14:00:00,22.1,44,0.0,17.9,Evora
2025-06-03 15:00:00,22.4,45,0.0,18.0,Evora
2025-06-03 16:00:00,22.0,43,0.0,20.8,Evora
2025-06-03 17:00:00,21.1,44,0.0,21.8,Evora
2025-06-03 18:00:00,19.7,48,0.0,21.9,Evora
2025-06-03 19:00:00,18.2,54,0.0,20.4,Evora
2025-06-03 20:00:00,16.7,61,0.0,17.7,Evora
2025-06-03 21:00:00,16.0,65,0.0,15.8,Evora
2025-06-03 22:00:00,15.4,70,0.0,16.6,Evora
2025-06-03 23:00:00,14.6,79,0.0,15.3,Evora
2025-06-04 00:00:00,14.0,85,0.0,15.5,Evora
2025-06-04 01:00:00,13.2,92,0.0,14.4,Evora
2025-06-04 02:00:00,13.0,96,0.0,14.7,Evora
2025-06-04 03:00:00,13.5,95,0.0,14.7,Evora
2025-06-04 04:00:00,13.8,95,0.0,15.7,Evora
2025-06-04 05:00:00,14.1,93,0.0,17.0,Evora
2025-06-04 06:00:00,14.4,93,0.0,16.4,Evora
2025-06-04 07:00:00,15.3,88,0.0,16.2,Evora
2025-06-04 08:00:00,16.9,78,0.0,15.3,Evora
2025-06-04 09:00:00,18.8,69,0.0,14.3,Evora
2025-06-04 10:00:00,20.5,62,0.0,12.1,Evora
2025-06-04 11:00:00,21.9,56,0.0,9.8,Evora
2025-06-04 12:00:00,22.1,57,0.1,13.0,Evora
2025-06-04 13:00:00,23.3,53,0.0,9.2,Evora
2025-06-04 14:00:00,24.7,46,0.0,9.4,Evora
2025-06-04 15:00:00,24.8,44,0.0,12.5,Evora
2025-06-04 16:00:00,24.9,42,0.0,13.5,Evora
2025-06-04 17:00:00,24.6,43,0.0,13.8,Evora
2025-06-04 18:00:00,23.8,49,0.0,14.6,Evora
2025-06-04 19:00:00,22.3,62,0.0,15.2,Evora
2025-06-04 20:00:00,20.0,65,0.0,17.9,Evora
2025-06-04 21:00:00,18.3,69,0.0,17.5,Evora
2025-06-04 22:00:00,17.1,72,0.0,16.1,Evora
2025-06-04 23:00:00,16.0,75,0.0,16.2,Evora
2025-06-05 00:00:00,15.2,78,0.0,17.8,Evora
2025-06-05 01:00:00,14.3,81,0.0,15.5,Evora
2025-06-05 02:00:00,13.8,84,0.0,15.4,Evora
2025-06-05 03:00:00,13.4,85,0.0,14.1,Evora
2025-06-05 04:00:00,13.2,87,0.0,14.8,Evora
2025-06-05 05:00:00,13.1,87,0.0,15.2,Evora
2025-06-05 06:00:00,13.5,85,0.0,15.9,Evora
2025-06-05 07:00:00,15.2,79,0.0,12.9,Evora
2025-06-05 08:00:00,17.3,69,0.0,13.2,Evora
2025-06-05 09:00:00,19.7,59,0.0,11.9,Evora
2025-06-05 10:00:00,21.8,51,0.0,11.5,Evora
2025-06-05 11:00:00,23.6,46,0.0,11.1,Evora
2025-06-05 12:00:00,25.2,42,0.0,10.6,Evora
2025-06-05 13:00:00,26.5,40,0.0,9.8,Evora
2025-06-05 14:00:00,27.1,39,0.0,11.2,Evora
2025-06-05 15:00:00,27.4,40,0.0,12.8,Evora
2025-06-05 16:00:00,27.2,41,0.0,13.4,Evora
2025-06-05 17:00:00,26.8,43,0.0,13.8,Evora
2025-06-05 18:00:00,25.5,49,0.0,16.4,Evora
2025-06-05 19:00:00,23.3,58,0.0,16.8,Evora
2025-06-05 20:00:00,21.4,65,0.0,17.8,Evora
2025-06-05 21:00:00,19.7,72,0.0,18.5,Evora
2025-06-05 22:00:00,18.1,77,0.0,18.0,Evora
2025-06-05 23:00:00,17.0,81,0.0,17.4,Evora
2025-06-06 00:00:00,16.0,85,0.0,17.1,Evora
2025-06-06 01:00:00,15.2,90,0.0,17.0,Evora
2025-06-06 02:00:00,14.6,94,0.0,16.8,Evora
2025-06-06 03:00:00,14.1,96,0.0,16.4,Evora
2025-06-06 04:00:00,13.9,98,0.0,16.9,Evora
2025-06-06 05:00:00,14.2,96,0.0,16.4,Evora
2025-06-06 06:00:00,14.5,93,0.0,17.4,Evora
2025-06-06 07:00:00,15.3,88,0.0,16.9,Evora
2025-06-06 08:00:00,16.9,78,0.0,14.0,Evora
2025-06-06 09:00:00,19.2,68,0.0,12.5,Evora
2025-06-06 10:00:00,21.7,57,0.0,12.1,Evora
2025-06-06 11:00:00,23.8,49,0.0,11.4,Evora
2025-06-06 12:00:00,25.5,43,0.0,11.4,Evora
2025-06-06 13:00:00,26.7,41,0.0,10.1,Evora
2025-06-06 14:00:00,27.6,38,0.0,10.4,Evora
2025-06-06 15:00:00,28.2,36,0.0,10.8,Evora
2025-06-06 16:00:00,28.4,35,0.0,11.7,Evora
2025-06-06 17:00:00,28.0,37,0.0,13.1,Evora
2025-06-06 18:00:00,27.0,41,0.0,14.8,Evora
2025-06-06 19:00:00,25.2,50,0.0,15.6,Evora
2025-06-06 20:00:00,22.7,59,0.0,18.0,Evora
2025-06-06 21:00:00,20.9,64,0.0,17.9,Evora
2025-06-06 22:00:00,19.3,69,0.0,17.8,Evora
2025-06-06 23:00:00,17.9,74,0.0,18.7,Evora
2025-06-07 00:00:00,16.8,79,0.0,19.0,Evora
2025-06-07 01:00:00,16.1,83,0.0,18.4,Evora
2025-06-07 02:00:00,15.5,88,0.0,17.7,Evora
2025-06-07 03:00:00,15.0,92,0.0,17.5,Evora
2025-06-07 04:00:00,14.7,93,0.0,16.9,Evora
2025-06-07 05:00:00,14.5,92,0.0,14.7,Evora
2025-06-07 06:00:00,14.9,88,0.0,13.8,Evora
2025-06-07 07:00:00,16.8,79,0.0,11.9,Evora
2025-06-07 08:00:00,19.3,67,0.0,12.3,Evora
2025-06-07 09:00:00,22.0,56,0.0,12.9,Evora
2025-06-07 10:00:00,24.0,47,0.0,12.8,Evora
2025-06-07 11:00:00,25.6,43,0.0,11.2,Evora
2025-06-07 12:00:00,27.0,39,0.0,10.3,Evora
2025-06-07 13:00:00,28.2,33,0.0,12.4,Evora
2025-06-07 14:00:00,28.8,29,0.0,13.6,Evora
2025-06-07 15:00:00,29.0,25,0.0,14.4,Evora
2025-06-07 16:00:00,28.8,23,0.0,15.1,Evora
2025-06-07 17:00:00,28.3,22,0.0,14.7,Evora
2025-06-07 18:00:00,27.3,27,0.0,14.1,Evora
2025-06-07 19:00:00,25.3,38,0.0,13.2,Evora
2025-06-07 20:00:00,22.9,43,0.0,15.3,Evora
2025-06-07 21:00:00,20.6,54,0.0,17.6,Evora
2025-06-07 22:00:00,18.6,61,0.0,16.2,Evora
2025-06-07 23:00:00,17.2,67,0.0,15.4,Evora
2025-06-08 00:00:00,16.4,72,0.0,14.9,Evora
2025-06-08 01:00:00,16.1,73,0.0,12.5,Evora
2025-06-08 02:00:00,15.4,76,0.0,10.7,Evora
2025-06-08 03:00:00,15.0,78,0.0,10.3,Evora
2025-06-08 04:00:00,14.8,79,0.0,11.0,Evora
2025-06-08 05:00:00,14.7,80,0.0,12.6,Evora
2025-06-08 06:00:00,15.7,77,0.0,13.0,Evora
2025-06-08 07:00:00,18.1,71,0.0,11.4,Evora
2025-06-08 08:00:00,21.3,61,0.0,9.4,Evora
2025-06-08 09:00:00,24.7,51,0.0,9.1,Evora
2025-06-08 10:00:00,27.7,42,0.0,9.1,Evora
2025-06-08 11:00:00,30.1,34,0.0,10.4,Evora
2025-06-08 12:00:00,31.7,29,0.0,10.3,Evora
2025-06-08 13:00:00,33.5,25,0.0,9.3,Evora
2025-06-08 14:00:00,34.4,23,0.0,9.3,Evora
2025-06-08 15:00:00,34.8,23,0.0,9.4,Evora
2025-06-08 16:00:00,34.8,22,0.0,8.7,Evora
2025-06-08 17:00:00,34.2,24,0.0,7.8,Evora
2025-06-08 18:00:00,33.0,31,0.0,6.1,Evora
2025-06-08 19:00:00,31.1,32,0.0,7.9,Evora
2025-06-08 20:00:00,29.1,32,0.0,8.2,Evora
2025-06-08 21:00:00,28.2,34,0.0,12.1,Evora
2025-06-08 22:00:00,26.3,46,0.0,12.6,Evora
2025-06-08 23:00:00,25.0,53,0.0,12.2,Evora
2025-06-09 00:00:00,24.3,54,0.0,10.8,Evora
2025-06-09 01:00:00,24.0,54,0.0,9.9,Evora
2025-06-09 02:00:00,23.6,51,0.0,8.9,Evora
2025-06-09 03:00:00,23.7,44,0.0,10.3,Evora
2025-06-09 04:00:00,21.7,47,0.0,7.1,Evora
2025-06-09 05:00:00,20.6,54,0.0,6.1,Evora
2025-06-09 06:00:00,22.6,48,0.0,9.8,Evora
2025-06-09 07:00:00,24.1,48,0.0,9.7,Evora
2025-06-09 08:00:00,24.9,48,0.0,11.5,Evora
2025-06-09 09:00:00,25.7,49,0.0,10.5,Evora
2025-06-09 10:00:00,28.3,46,0.0,15.1,Evora
2025-06-09 11:00:00,29.2,47,0.0,14.1,Evora
2025-06-09 12:00:00,30.4,39,0.0,18.3,Evora
2025-06-09 13:00:00,31.4,42,0.0,19.0,Evora
2025-06-09 14:00:00,31.9,40,0.0,17.3,Evora
2025-06-09 15:00:00,32.3,37,0.0,17.3,Evora
2025-06-09 16:00:00,32.4,39,0.0,17.6,Evora
2025-06-09 17:00:00,31.6,40,0.0,16.2,Evora
2025-06-09 18:00:00,30.8,40,0.0,16.3,Evora
2025-06-09 19:00:00,29.3,43,0.0,11.3,Evora
2025-06-09 20:00:00,26.9,48,0.0,8.5,Evora
2025-06-09 21:00:00,25.0,53,0.0,8.7,Evora
2025-06-09 22:00:00,23.6,58,0.0,9.7,Evora
2025-06-09 23:00:00,22.2,63,0.0,8.9,Evora
2025-06-10 00:00:00,20.9,68,0.0,9.4,Evora
2025-06-10 01:00:00,20.5,71,0.0,10.9,Evora
2025-06-10 02:00:00,19.3,78,0.0,8.3,Evora
2025-06-10 03:00:00,17.9,86,0.0,4.6,Evora
2025-06-10 04:00:00,17.6,88,0.0,3.3,Evora
2025-06-10 05:00:00,17.2,92,0.0,1.6,Evora
2025-06-10 06:00:00,17.7,88,0.0,6.8,Evora
2025-06-10 07:00:00,19.3,81,0.0,6.3,Evora
2025-06-10 08:00:00,21.7,73,0.0,10.3,Evora
2025-06-10 09:00:00,23.7,65,0.0,13.7,Evora
2025-06-10 10:00:00,25.6,60,0.0,14.8,Evora
2025-06-10 11:00:00,27.3,54,0.0,14.8,Evora
2025-06-10 12:00:00,28.4,50,0.0,16.0,Evora
2025-06-10 13:00:00,29.8,44,0.0,17.8,Evora
2025-06-10 14:00:00,29.6,44,0.0,21.0,Evora
2025-06-10 15:00:00,30.2,37,0.0,21.8,Evora
2025-06-10 16:00:00,29.3,38,0.0,29.1,Evora
2025-06-10 17:00:00,28.7,42,0.1,15.4,Evora
2025-06-10 18:00:00,23.8,62,0.0,18.9,Evora
2025-06-10 19:00:00,21.5,63,0.1,16.3,Evora
2025-06-10 20:00:00,20.0,70,0.2,14.5,Evora
2025-06-10 21:00:00,18.3,78,0.0,13.5,Evora
2025-06-10 22:00:00,17.2,84,0.0,11.5,Evora
2025-06-10 23:00:00,16.3,90,0.0,11.7,Evora
2025-06-11 00:00:00,15.6,94,0.0,10.5,Evora
2025-06-11 01:00:00,15.4,98,0.0,6.9,Evora
2025-06-11 02:00:00,15.4,98,0.0,8.8,Evora
2025-06-11 03:00:00,15.5,97,0.0,9.8,Evora
2025-06-11 04:00:00,15.7,93,0.0,8.8,Evora
2025-06-11 05:00:00,16.1,88,0.0,8.1,Evora
2025-06-11 06:00:00,16.3,85,0.1,8.3,Evora
2025-06-11 07:00:00,17.1,79,0.0,8.4,Evora
2025-06-11 08:00:00,18.1,72,0.0,9.8,Evora
2025-06-11 09:00:00,19.5,64,0.1,12.1,Evora
2025-06-11 10:00:00,20.5,59,0.0,14.4,Evora
2025-06-11 11:00:00,21.8,55,0.0,16.2,Evora
2025-06-11 12:00:00,22.6,53,0.0,17.4,Evora
2025-06-11 13:00:00,24.4,47,0.0,17.6,Evora
2025-06-11 14:00:00,24.8,45,0.0,17.7,Evora
2025-06-11 15:00:00,24.6,46,0.0,17.8,Evora
2025-06-11 16:00:00,24.1,47,0.0,17.8,Evora
2025-06-11 17:00:00,22.6,50,0.0,19.0,Evora
2025-06-11 18:00:00,21.2,54,0.0,19.9,Evora
2025-06-11 19:00:00,19.7,60,0.0,19.0,Evora
2025-06-11 20:00:00,18.5,68,0.0,15.6,Evora
2025-06-11 21:00:00,17.2,79,0.0,11.9,Evora
2025-06-11 22:00:00,16.3,88,0.0,11.5,Evora
2025-06-11 23:00:00,15.6,95,0.0,10.0,Evora
2025-06-12 00:00:00,15.2,98,0.0,9.2,Evora
2025-06-12 01:00:00,15.3,98,0.0,11.2,Evora
2025-06-12 02:00:00,15.3,97,0.0,10.7,Evora
2025-06-12 03:00:00,15.0,98,0.0,6.9,Evora
2025-06-12 04:00:00,14.8,99,0.0,3.8,Evora
2025-06-12 05:00:00,14.8,99,0.0,3.7,Evora
2025-06-12 06:00:00,15.0,98,0.0,2.9,Evora
2025-06-12 07:00:00,15.5,96,0.0,2.3,Evora
2025-06-12 08:00:00,16.8,85,0.0,3.5,Evora
2025-06-12 09:00:00,19.2,70,0.1,6.0,Evora
2025-06-12 10:00:00,20.7,61,0.0,7.1,Evora
2025-06-12 11:00:00,22.4,53,0.0,8.0,Evora
2025-06-12 12:00:00,23.9,47,0.0,9.2,Evora
2025-06-12 13:00:00,25.4,43,0.0,5.8,Evora
2025-06-12 14:00:00,26.6,39,0.0,8.1,Evora
2025-06-12 15:00:00,26.9,40,0.0,11.7,Evora
2025-06-12 16:00:00,25.6,44,0.0,15.7,Evora
2025-06-12 17:00:00,24.9,46,0.0,14.3,Evora
2025-06-12 18:00:00,24.7,46,0.0,15.5,Evora
2025-06-12 19:00:00,22.9,57,0.0,16.3,Evora
2025-06-12 20:00:00,20.6,74,0.0,14.1,Evora
2025-06-12 21:00:00,19.4,81,0.0,12.4,Evora
2025-06-12 22:00:00,18.6,83,0.0,10.0,Evora
2025-06-12 23:00:00,17.7,87,0.0,8.6,Evora
2025-06-13 00:00:00,17.0,91,0.0,10.8,Evora
2025-06-13 01:00:00,16.0,97,0.0,7.9,Evora
2025-06-13 02:00:00,15.6,98,0.0,5.7,Evora
2025-06-13 03:00:00,15.9,98,0.0,8.6,Evora
2025-06-13 04:00:00,15.8,99,0.0,7.3,Evora
2025-06-13 05:00:00,15.8,97,0.0,7.4,Evora
2025-06-13 06:00:00,16.0,95,0.0,7.7,Evora
2025-06-13 07:00:00,16.8,90,0.0,8.4,Evora
2025-06-13 08:00:00,18.3,81,0.0,8.5,Evora
2025-06-13 09:00:00,20.3,70,0.0,9.0,Evora
2025-06-13 10:00:00,22.2,63,0.0,9.2,Evora
2025-06-13 11:00:00,23.9,56,0.0,9.0,Evora
2025-06-13 12:00:00,24.7,53,0.0,9.3,Evora
2025-06-13 13:00:00,26.3,49,0.0,10.3,Evora
2025-06-13 14:00:00,27.2,45,0.0,11.6,Evora
2025-06-13 15:00:00,27.7,43,0.0,12.0,Evora
2025-06-13 16:00:00,28.2,40,0.0,11.6,Evora
2025-06-13 17:00:00,28.4,39,0.0,11.5,Evora
2025-06-13 18:00:00,26.8,44,0.0,17.8,Evora
2025-06-13 19:00:00,24.0,59,0.0,20.5,Evora
2025-06-13 20:00:00,21.8,70,0.0,20.7,Evora
2025-06-13 21:00:00,20.1,74,0.0,19.5,Evora
2025-06-13 22:00:00,18.9,75,0.0,18.8,Evora
2025-06-13 23:00:00,17.9,77,0.0,17.7,Evora
2025-06-14 00:00:00,16.9,79,0.0,15.8,Evora
2025-06-14 01:00:00,16.0,83,0.0,14.6,Evora
2025-06-14 02:00:00,15.2,85,0.0,15.9,Evora
2025-06-14 03:00:00,14.6,82,0.0,16.0,Evora
2025-06-14 04:00:00,14.1,81,0.0,15.5,Evora
2025-06-14 05:00:00,13.6,82,0.0,15.9,Evora
2025-06-14 06:00:00,13.9,82,0.0,16.1,Evora
2025-06-14 07:00:00,15.3,78,0.0,18.0,Evora
2025-06-14 08:00:00,17.4,68,0.0,16.9,Evora
2025-06-14 09:00:00,19.8,55,0.0,15.6,Evora
2025-06-14 10:00:00,22.1,46,0.0,15.5,Evora
2025-06-14 11:00:00,23.9,40,0.0,15.0,Evora
2025-06-14 12:00:00,25.4,36,0.0,13.9,Evora
2025-06-14 13:00:00,26.6,32,0.0,13.6,Evora
2025-06-14 14:00:00,27.2,31,0.0,13.5,Evora
2025-06-14 15:00:00,27.7,30,0.0,14.5,Evora
2025-06-14 16:00:00,27.3,32,0.0,15.9,Evora
2025-06-14 17:00:00,25.9,40,0.0,18.7,Evora
2025-06-14 18:00:00,23.2,46,0.0,20.4,Evora
2025-06-14 19:00:00,21.9,47,0.0,19.1,Evora
2025-06-14 20:00:00,20.5,50,0.0,19.1,Evora
2025-06-14 21:00:00,18.7,54,0.0,19.7,Evora
2025-06-14 22:00:00,16.9,60,0.0,20.3,Evora
2025-06-14 23:00:00,15.6,66,0.0,18.6,Evora
2025-06-15 00:00:00,14.6,71,0.0,18.4,Evora
2025-06-15 01:00:00,13.8,76,0.0,15.6,Evora
2025-06-15 02:00:00,13.2,81,0.0,13.6,Evora
2025-06-15 03:00:00,12.7,86,0.0,12.8,Evora
2025-06-15 04:00:00,12.3,92,0.0,11.8,Evora
2025-06-15 05:00:00,12.1,96,0.0,11.9,Evora
2025-06-15 06:00:00,12.7,94,0.0,11.5,Evora
2025-06-15 07:00:00,14.9,84,0.0,8.8,Evora
2025-06-15 08:00:00,17.9,71,0.0,8.0,Evora
2025-06-15 09:00:00,21.2,58,0.0,7.1,Evora
2025-06-15 10:00:00,24.1,47,0.0,6.7,Evora
2025-06-15 11:00:00,26.5,40,0.0,5.6,Evora
2025-06-15 12:00:00,28.4,34,0.0,4.8,Evora
2025-06-15 13:00:00,29.9,30,0.0,3.3,Evora
2025-06-15 14:00:00,31.0,27,0.0,1.9,Evora
2025-06-15 15:00:00,31.7,24,0.0,1.3,Evora
2025-06-15 16:00:00,32.1,23,0.0,1.3,Evora
2025-06-15 17:00:00,32.0,24,0.0,2.8,Evora
2025-06-15 18:00:00,31.4,29,0.0,3.8,Evora
2025-06-15 19:00:00,29.4,45,0.0,3.7,Evora
2025-06-15 20:00:00,26.0,39,0.0,6.7,Evora
2025-06-15 21:00:00,23.7,53,0.0,17.1,Evora
2025-06-15 22:00:00,22.3,63,0.0,15.1,Evora
2025-06-15 23:00:00,21.3,66,0.0,13.7,Evora
2025-06-16 00:00:00,20.5,69,0.0,12.4,Evora
2025-06-16 01:00:00,19.8,68,0.0,10.4,Evora
2025-06-16 02:00:00,18.9,71,0.0,9.0,Evora
2025-06-16 03:00:00,18.6,71,0.0,9.1,Evora
2025-06-16 04:00:00,18.2,73,0.0,8.5,Evora
2025-06-16 05:00:00,17.8,74,0.0,7.5,Evora
2025-06-16 06:00:00,18.5,73,0.0,8.6,Evora
2025-06-16 07:00:00,21.7,63,0.0,7.8,Evora
2025-06-16 08:00:00,25.2,54,0.0,5.6,Evora
2025-06-16 09:00:00,28.4,41,0.0,6.0,Evora
2025-06-16 10:00:00,31.1,31,0.0,7.8,Evora
2025-06-16 11:00:00,32.7,30,0.0,5.7,Evora
2025-06-16 12:00:00,34.0,31,0.0,6.0,Evora
2025-06-16 13:00:00,35.5,28,0.0,4.3,Evora
2025-06-16 14:00:00,36.4,27,0.0,5.4,Evora
2025-06-16 15:00:00,35.3,24,0.0,11.8,Evora
2025-06-16 16:00:00,34.4,24,0.0,7.4,Evora
2025-06-16 17:00:00,34.5,26,0.0,5.5,Evora
2025-06-16 18:00:00,33.5,30,0.0,6.9,Evora
2025-06-16 19:00:00,31.8,43,0.0,4.6,Evora
2025-06-16 20:00:00,29.8,40,0.0,2.4,Evora
2025-06-16 21:00:00,27.5,45,0.0,4.7,Evora
2025-06-16 22:00:00,26.6,47,0.0,8.7,Evora
2025-06-16 23:00:00,25.2,52,0.0,9.6,Evora
2025-06-17 00:00:00,23.8,60,0.0,3.7,Evora
2025-06-17 01:00:00,23.5,64,0.0,1.8,Evora
2025-06-17 02:00:00,22.6,67,0.0,0.3,Evora
2025-06-17 03:00:00,22.1,67,0.0,2.2,Evora
2025-06-17 04:00:00,21.6,69,0.0,3.5,Evora
2025-06-17 05:00:00,20.9,71,0.0,2.2,Evora
2025-06-17 06:00:00,21.7,75,0.0,1.4,Evora
2025-06-17 07:00:00,23.9,61,0.0,3.6,Evora
2025-06-17 08:00:00,26.6,51,0.0,4.6,Evora
2025-06-17 09:00:00,29.5,43,0.0,5.7,Evora
2025-06-17 10:00:00,31.5,37,0.0,7.9,Evora
2025-06-17 11:00:00,33.1,34,0.0,9.5,Evora
2025-06-17 12:00:00,34.6,30,0.0,11.7,Evora
2025-06-17 13:00:00,35.7,28,0.0,13.0,Evora
2025-06-17 14:00:00,36.5,27,0.0,12.3,Evora
2025-06-17 15:00:00,37.0,25,0.0,13.6,Evora
2025-06-17 16:00:00,37.0,26,0.0,11.0,Evora
2025-06-17 17:00:00,34.6,35,0.0,13.6,Evora
2025-06-17 18:00:00,31.8,41,0.0,17.3,Evora
2025-06-17 19:00:00,29.3,47,0.0,15.4,Evora
2025-06-17 20:00:00,27.2,54,0.0,12.5,Evora
2025-06-17 21:00:00,25.8,59,0.0,8.6,Evora
2025-06-17 22:00:00,24.6,62,0.0,7.0,Evora
2025-06-17 23:00:00,23.2,68,0.0,3.5,Evora
2025-06-18 00:00:00,22.5,71,0.0,1.1,Evora
2025-06-18 01:00:00,20.7,76,0.0,5.1,Evora
2025-06-18 02:00:00,19.5,82,0.0,3.9,Evora
2025-06-18 03:00:00,18.7,86,0.0,3.0,Evora
2025-06-18 04:00:00,18.5,86,0.0,7.1,Evora
2025-06-18 05:00:00,18.3,85,0.0,8.3,Evora
2025-06-18 06:00:00,18.6,84,0.0,8.3,Evora
2025-06-18 07:00:00,20.9,75,0.0,2.5,Evora
2025-06-18 08:00:00,23.6,65,0.0,5.0,Evora
2025-06-18 09:00:00,26.1,55,0.0,4.4,Evora
2025-06-18 10:00:00,28.7,45,0.0,1.2,Evora
2025-06-18 11:00:00,31.0,37,0.0,2.5,Evora
2025-06-18 12:00:00,32.7,31,0.0,4.0,Evora
2025-06-18 13:00:00,33.5,37,0.0,6.5,Evora
2025-06-18 14:00:00,34.7,34,0.0,7.2,Evora
2025-06-18 15:00:00,35.7,29,0.0,7.8,Evora
2025-06-18 16:00:00,36.2,25,0.0,11.0,Evora
2025-06-18 17:00:00,35.0,27,0.0,9.4,Evora
2025-06-18 18:00:00,34.0,28,0.0,10.0,Evora
2025-06-18 19:00:00,28.8,48,0.0,18.1,Evora
2025-06-18 20:00:00,26.2,54,0.0,8.9,Evora
2025-06-18 21:00:00,25.6,54,0.0,10.3,Evora
2025-06-18 22:00:00,24.4,56,0.0,6.4,Evora
2025-06-18 23:00:00,23.5,57,0.0,8.4,Evora
2025-06-19 00:00:00,22.4,61,0.0,3.6,Evora
2025-06-19 01:00:00,22.5,67,0.0,5.9,Evora
2025-06-19 02:00:00,21.8,72,0.0,4.1,Evora
2025-06-19 03:00:00,21.3,73,0.0,10.2,Evora
2025-06-19 04:00:00,20.7,72,0.0,6.5,Evora
2025-06-19 05:00:00,20.1,74,0.0,5.2,Evora
2025-06-19 06:00:00,20.5,74,0.0,8.8,Evora
2025-06-19 07:00:00,23.6,64,0.0,5.6,Evora
2025-06-19 08:00:00,26.0,56,0.0,7.2,Evora
2025-06-19 09:00:00,28.1,50,0.0,6.5,Evora
2025-06-19 10:00:00,30.3,44,0.0,6.2,Evora
2025-06-19 11:00:00,32.2,38,0.0,3.8,Evora
2025-06-19 12:00:00,33.0,34,0.0,2.6,Evora
2025-06-19 13:00:00,35.4,27,0.0,7.9,Evora
2025-06-19 14:00:00,35.4,27,0.0,4.7,Evora
2025-06-19 15:00:00,35.9,26,0.0,11.2,Evora
2025-06-19 16:00:00,32.7,31,0.9,9.4,Evora
2025-06-19 17:00:00,33.0,30,0.0,7.1,Evora
2025-06-19 18:00:00,32.9,33,0.0,7.2,Evora
2025-06-19 19:00:00,31.8,33,0.0,9.6,Evora
2025-06-19 20:00:00,30.0,33,0.0,12.1,Evora
2025-06-19 21:00:00,29.0,34,0.0,15.6,Evora
2025-06-19 22:00:00,27.9,35,0.0,9.7,Evora
2025-06-19 23:00:00,25.0,52,0.0,10.9,Evora
2025-06-20 00:00:00,23.3,65,0.0,6.1,Evora
2025-06-20 01:00:00,21.7,84,0.0,2.2,Evora
2025-06-20 02:00:00,21.2,85,0.0,4.3,Evora
2025-06-20 03:00:00,21.1,84,0.0,7.7,Evora
2025-06-20 04:00:00,20.2,88,0.0,1.8,Evora
2025-06-20 05:00:00,19.9,89,0.0,0.8,Evora
2025-06-20 06:00:00,20.7,87,0.0,3.3,Evora
2025-06-20 07:00:00,23.1,76,0.0,5.6,Evora
2025-06-20 08:00:00,25.5,63,0.0,6.8,Evora
2025-06-20 09:00:00,27.0,53,0.0,11.4,Evora
2025-06-20 10:00:00,28.7,45,0.0,11.7,Evora
2025-06-20 11:00:00,30.0,42,0.0,12.4,Evora
2025-06-20 12:00:00,31.5,39,0.0,11.3,Evora
2025-06-20 13:00:00,33.1,33,0.0,11.0,Evora
2025-06-20 14:00:00,34.0,30,0.0,11.6,Evora
2025-06-20 15:00:00,34.4,29,0.0,13.2,Evora
2025-06-20 16:00:00,34.6,30,0.0,13.2,Evora
2025-06-20 17:00:00,33.0,37,0.0,15.7,Evora
2025-06-20 18:00:00,30.7,41,0.0,16.4,Evora
2025-06-20 19:00:00,28.8,44,0.0,15.2,Evora
2025-06-20 20:00:00,26.3,56,0.0,12.8,Evora
2025-06-20 21:00:00,23.5,63,0.0,13.9,Evora
2025-06-20 22:00:00,22.0,64,0.0,13.6,Evora
2025-06-20 23:00:00,20.9,67,0.0,12.1,Evora
2025-06-21 00:00:00,19.9,72,0.0,11.2,Evora
2025-06-21 01:00:00,19.0,76,0.0,10.7,Evora
2025-06-21 02:00:00,18.3,79,0.0,8.5,Evora
2025-06-21 03:00:00,17.6,82,0.0,5.2,Evora
2025-06-21 04:00:00,17.0,85,0.0,7.9,Evora
2025-06-21 05:00:00,16.1,89,0.0,10.1,Evora
2025-06-21 06:00:00,16.2,88,0.0,9.8,Evora
2025-06-21 07:00:00,17.2,84,0.0,7.1,Evora
2025-06-21 08:00:00,19.4,73,0.0,6.3,Evora
2025-06-21 09:00:00,22.3,60,0.0,6.7,Evora
2025-06-21 10:00:00,24.8,49,0.0,6.4,Evora
2025-06-21 11:00:00,26.9,42,0.0,7.1,Evora
2025-06-21 12:00:00,28.4,38,0.0,6.6,Evora
2025-06-21 13:00:00,29.1,33,0.0,8.0,Evora
2025-06-21 14:00:00,29.9,30,0.0,8.3,Evora
2025-06-21 15:00:00,30.5,28,0.0,9.5,Evora
2025-06-21 16:00:00,30.3,28,0.0,11.9,Evora
2025-06-21 17:00:00,30.0,30,0.0,12.0,Evora
2025-06-21 18:00:00,28.8,37,0.0,12.9,Evora
2025-06-21 19:00:00,26.2,50,0.0,18.7,Evora
2025-06-21 20:00:00,23.6,59,0.0,20.7,Evora
2025-06-21 21:00:00,21.7,68,0.0,19.4,Evora
2025-06-21 22:00:00,20.5,73,0.0,18.4,Evora
2025-06-21 23:00:00,19.5,77,0.0,17.8,Evora
2025-06-22 00:00:00,18.5,82,0.0,16.4,Evora
2025-06-22 01:00:00,17.7,86,0.0,15.8,Evora
2025-06-22 02:00:00,17.0,89,0.0,15.1,Evora
2025-06-22 03:00:00,16.5,89,0.0,13.6,Evora
2025-06-22 04:00:00,16.1,89,0.0,12.8,Evora
2025-06-22 05:00:00,15.6,89,0.0,10.8,Evora
2025-06-22 06:00:00,15.9,84,0.0,10.9,Evora
2025-06-22 07:00:00,17.7,74,0.0,8.4,Evora
2025-06-22 08:00:00,20.0,66,0.0,8.0,Evora
2025-06-22 09:00:00,22.9,54,0.0,7.7,Evora
2025-06-22 10:00:00,25.1,44,0.0,6.1,Evora
2025-06-22 11:00:00,27.2,37,0.0,5.9,Evora
2025-06-22 12:00:00,28.5,34,0.0,6.9,Evora
2025-06-22 13:00:00,29.6,35,0.0,6.1,Evora
2025-06-22 14:00:00,30.5,33,0.0,6.8,Evora
2025-06-22 15:00:00,30.8,32,0.0,7.3,Evora
2025-06-22 16:00:00,31.0,32,0.0,7.6,Evora
2025-06-22 17:00:00,30.8,32,0.0,8.1,Evora
2025-06-22 18:00:00,30.1,33,0.0,10.4,Evora
2025-06-22 19:00:00,27.1,44,0.0,17.6,Evora
2025-06-22 20:00:00,23.9,56,0.0,19.7,Evora
2025-06-22 21:00:00,23.0,58,0.0,19.7,Evora
2025-06-22 22:00:00,22.1,59,0.0,19.0,Evora
2025-06-22 23:00:00,21.3,61,0.0,15.4,Evora
2025-06-23 00:00:00,20.5,65,0.0,12.8,Evora
2025-06-23 01:00:00,20.2,69,0.0,9.0,Evora
2025-06-23 02:00:00,19.8,72,0.0,8.4,Evora
2025-06-23 03:00:00,19.1,75,0.0,7.1,Evora
2025-06-23 04:00:00,19.1,77,0.0,3.2,Evora
2025-06-23 05:00:00,18.7,79,0.0,2.3,Evora
2025-06-23 06:00:00,20.1,73,0.0,10.5,Evora
2025-06-23 07:00:00,22.1,68,0.0,9.8,Evora
2025-06-23 08:00:00,23.4,63,0.0,13.1,Evora
2025-06-23 09:00:00,24.8,62,0.0,14.0,Evora
2025-06-23 10:00:00,26.7,55,0.0,14.3,Evora
2025-06-23 11:00:00,27.5,49,0.0,17.6,Evora
2025-06-23 12:00:00,28.5,34,0.0,21.2,Evora
2025-06-23 13:00:00,28.5,45,0.0,10.9,Evora
2025-06-23 14:00:00,28.9,41,0.0,10.6,Evora
2025-06-23 15:00:00,29.4,36,0.0,11.3,Evora
2025-06-23 16:00:00,30.4,32,0.0,12.0,Evora
2025-06-23 17:00:00,29.1,38,0.0,12.1,Evora
2025-06-23 18:00:00,27.7,48,0.0,14.8,Evora
2025-06-23 19:00:00,26.4,50,0.0,14.0,Evora
2025-06-23 20:00:00,23.3,57,0.0,15.4,Evora
2025-06-23 21:00:00,20.6,66,0.0,12.7,Evora
2025-06-23 22:00:00,19.1,74,0.0,11.7,Evora
2025-06-23 23:00:00,17.8,84,0.0,10.2,Evora
2025-06-24 00:00:00,16.9,91,0.0,9.3,Evora
2025-06-24 01:00:00,16.6,95,0.0,8.7,Evora
2025-06-24 02:00:00,16.3,95,0.0,7.9,Evora
2025-06-24 03:00:00,16.4,93,0.0,5.7,Evora
2025-06-24 04:00:00,16.4,92,0.0,6.2,Evora
2025-06-24 05:00:00,16.2,92,0.0,6.3,Evora
2025-06-24 06:00:00,16.4,90,0.0,7.4,Evora
2025-06-24 07:00:00,17.5,82,0.0,9.5,Evora
2025-06-24 08:00:00,19.0,74,0.0,11.5,Evora
2025-06-24 09:00:00,21.0,60,0.0,9.9,Evora
2025-06-24 10:00:00,22.4,55,0.0,8.6,Evora
2025-06-24 11:00:00,23.8,49,0.0,10.0,Evora
2025-06-24 12:00:00,24.9,44,0.0,11.4,Evora
2025-06-24 13:00:00,25.6,44,0.0,9.3,Evora
2025-06-24 14:00:00,26.3,42,0.0,8.7,Evora
2025-06-24 15:00:00,27.3,38,0.0,9.3,Evora
2025-06-24 16:00:00,26.9,38,0.0,15.4,Evora
2025-06-24 17:00:00,23.5,51,0.0,21.4,Evora
2025-06-24 18:00:00,22.6,53,0.0,18.9,Evora
2025-06-24 19:00:00,20.9,61,0.0,18.3,Evora
2025-06-24 20:00:00,19.3,70,0.0,16.8,Evora
2025-06-24 21:00:00,18.2,79,0.0,15.1,Evora
2025-06-24 22:00:00,17.3,89,0.0,13.7,Evora
2025-06-24 23:00:00,17.2,91,0.0,9.9,Evora
2025-06-25 00:00:00,17.2,91,0.0,13.0,Evora
2025-06-25 01:00:00,17.8,88,0.0,14.1,Evora
2025-06-25 02:00:00,17.5,91,0.1,12.0,Evora
2025-06-25 03:00:00,17.7,90,0.1,13.4,Evora
2025-06-25 04:00:00,17.8,90,0.2,13.6,Evora
2025-06-25 05:00:00,17.7,91,0.2,12.3,Evora
2025-06-25 06:00:00,17.7,92,0.1,12.4,Evora
2025-06-25 07:00:00,18.3,88,0.1,12.0,Evora
2025-06-25 08:00:00,19.9,78,0.1,12.9,Evora
2025-06-25 09:00:00,20.8,72,0.1,14.0,Evora
2025-06-25 10:00:00,22.9,61,0.1,11.8,Evora
2025-06-25 11:00:00,24.5,53,0.0,9.8,Evora
2025-06-25 12:00:00,26.0,46,0.0,10.1,Evora
2025-06-25 13:00:00,27.1,41,0.0,7.8,Evora
2025-06-25 14:00:00,28.5,37,0.0,9.5,Evora
2025-06-25 15:00:00,28.0,39,0.0,13.0,Evora
2025-06-25 16:00:00,28.0,39,0.0,12.4,Evora
2025-06-25 17:00:00,28.1,39,0.0,10.7,Evora
2025-06-25 18:00:00,27.5,41,0.0,13.3,Evora
2025-06-25 19:00:00,26.2,44,0.0,13.2,Evora
2025-06-25 20:00:00,23.5,57,0.0,17.1,Evora
2025-06-25 21:00:00,21.6,65,0.0,16.9,Evora
2025-06-25 22:00:00,20.3,71,0.0,17.2,Evora
2025-06-25 23:00:00,19.3,75,0.0,16.7,Evora
2025-06-26 00:00:00,18.5,78,0.0,16.1,Evora
2025-06-26 01:00:00,17.7,83,0.0,14.5,Evora
2025-06-26 02:00:00,17.0,87,0.0,14.2,Evora
2025-06-26 03:00:00,16.5,90,0.0,13.7,Evora
2025-06-26 04:00:00,16.0,92,0.0,13.1,Evora
2025-06-26 05:00:00,15.5,96,0.0,12.4,Evora
2025-06-26 06:00:00,16.0,93,0.0,13.8,Evora
2025-06-26 07:00:00,17.1,86,0.0,13.7,Evora
2025-06-26 08:00:00,19.3,75,0.0,11.2,Evora
2025-06-26 09:00:00,21.9,64,0.0,9.7,Evora
2025-06-26 10:00:00,24.6,54,0.0,9.0,Evora
2025-06-26 11:00:00,26.8,48,0.0,7.8,Evora
2025-06-26 12:00:00,28.6,42,0.0,7.3,Evora
2025-06-26 13:00:00,30.4,35,0.0,7.2,Evora
2025-06-26 14:00:00,31.2,31,0.0,8.4,Evora
2025-06-26 15:00:00,31.8,28,0.0,9.1,Evora
2025-06-26 16:00:00,31.7,29,0.0,10.5,Evora
2025-06-26 17:00:00,31.4,29,0.0,12.5,Evora
2025-06-26 18:00:00,30.3,31,0.0,15.1,Evora
2025-06-26 19:00:00,28.8,37,0.0,14.1,Evora
2025-06-26 20:00:00,26.6,46,0.0,15.8,Evora
2025-06-26 21:00:00,24.6,54,0.0,17.7,Evora
2025-06-26 22:00:00,22.8,61,0.0,17.8,Evora
2025-06-26 23:00:00,21.0,70,0.0,16.1,Evora
2025-06-27 00:00:00,19.8,76,0.0,14.9,Evora
2025-06-27 01:00:00,19.2,79,0.0,13.3,Evora
2025-06-27 02:00:00,18.6,81,0.0,11.6,Evora
2025-06-27 03:00:00,18.0,84,0.0,10.7,Evora
2025-06-27 04:00:00,17.4,87,0.0,10.7,Evora
2025-06-27 05:00:00,17.2,88,0.0,10.8,Evora
2025-06-27 06:00:00,18.0,85,0.0,10.6,Evora
2025-06-27 07:00:00,20.6,75,0.0,9.2,Evora
2025-06-27 08:00:00,24.0,63,0.0,7.5,Evora
2025-06-27 09:00:00,27.3,51,0.0,7.1,Evora
2025-06-27 10:00:00,30.1,40,0.0,6.2,Evora
2025-06-27 11:00:00,32.4,35,0.0,5.1,Evora
2025-06-27 12:00:00,34.2,30,0.0,4.5,Evora
2025-06-27 13:00:00,35.9,24,0.0,5.7,Evora
2025-06-27 14:00:00,36.5,22,0.0,5.0,Evora
2025-06-27 15:00:00,37.0,21,0.0,5.7,Evora
2025-06-27 16:00:00,36.9,20,0.0,5.2,Evora
2025-06-27 17:00:00,36.7,19,0.0,9.0,Evora
2025-06-27 18:00:00,36.0,20,0.0,8.1,Evora
2025-06-27 19:00:00,33.4,29,0.0,5.5,Evora
2025-06-27 20:00:00,31.2,27,0.0,4.7,Evora
2025-06-27 21:00:00,29.8,42,0.0,20.6,Evora
2025-06-27 22:00:00,27.8,52,0.0,15.7,Evora
2025-06-27 23:00:00,26.3,55,0.0,11.3,Evora
2025-06-28 00:00:00,25.2,59,0.0,11.2,Evora
2025-06-28 01:00:00,24.3,62,0.0,7.9,Evora
2025-06-28 02:00:00,23.4,63,0.0,8.7,Evora
2025-06-28 03:00:00,22.7,65,0.0,8.0,Evora
2025-06-28 04:00:00,22.0,67,0.0,6.1,Evora
2025-06-28 05:00:00,21.7,68,0.0,7.0,Evora
2025-06-28 06:00:00,22.0,67,0.0,7.7,Evora
2025-06-28 07:00:00,24.3,61,0.0,5.3,Evora
2025-06-28 08:00:00,27.8,51,0.0,5.5,Evora
2025-06-28 09:00:00,30.8,43,0.0,5.8,Evora
2025-06-28 10:00:00,33.2,37,0.0,5.2,Evora
2025-06-28 11:00:00,34.9,32,0.0,4.5,Evora
2025-06-28 12:00:00,36.0,26,0.0,5.0,Evora
2025-06-28 13:00:00,38.1,21,0.0,3.7,Evora
2025-06-28 14:00:00,38.7,19,0.0,3.0,Evora
2025-06-28 15:00:00,38.1,19,0.0,4.2,Evora
2025-06-28 16:00:00,37.8,19,0.0,7.7,Evora
2025-06-28 17:00:00,37.0,29,0.0,1.5,Evora
2025-06-28 18:00:00,35.8,25,0.0,5.2,Evora
2025-06-28 19:00:00,34.5,25,0.0,8.0,Evora
2025-06-28 20:00:00,32.6,25,0.0,7.4,Evora
2025-06-28 21:00:00,30.3,29,0.0,6.0,Evora
2025-06-28 22:00:00,29.3,30,0.0,6.0,Evora
2025-06-28 23:00:00,28.7,31,0.0,7.7,Evora
2025-06-29 00:00:00,27.4,38,0.0,9.1,Evora
2025-06-29 01:00:00,26.1,68,0.0,10.7,Evora
2025-06-29 02:00:00,25.9,66,0.0,13.5,Evora
2025-06-29 03:00:00,25.3,65,0.0,13.0,Evora
2025-06-29 04:00:00,24.6,64,0.0,12.1,Evora
2025-06-29 05:00:00,24.0,63,0.0,10.7,Evora
2025-06-29 06:00:00,24.0,64,0.0,9.2,Evora
2025-06-29 07:00:00,26.3,60,0.0,8.3,Evora
2025-06-29 08:00:00,29.5,52,0.0,7.1,Evora
2025-06-29 09:00:00,32.1,39,0.0,7.9,Evora
2025-06-29 10:00:00,35.0,30,0.0,7.0,Evora
2025-06-29 11:00:00,37.3,24,0.0,6.0,Evora
2025-06-29 12:00:00,38.9,20,0.0,5.1,Evora
2025-06-29 13:00:00,40.1,15,0.0,14.6,Evora
2025-06-29 14:00:00,39.8,13,0.0,17.8,Evora
2025-06-29 15:00:00,39.6,14,0.0,16.4,Evora
2025-06-29 16:00:00,39.6,14,0.0,13.2,Evora
2025-06-29 17:00:00,38.8,13,0.0,13.4,Evora
2025-06-29 18:00:00,37.5,17,0.0,11.0,Evora
2025-06-29 19:00:00,35.4,20,0.0,10.6,Evora
2025-06-29 20:00:00,33.5,20,0.0,12.1,Evora
2025-06-29 21:00:00,32.8,21,0.0,15.7,Evora
2025-06-29 22:00:00,31.6,23,0.0,10.0,Evora
2025-06-29 23:00:00,29.8,26,0.0,9.7,Evora
2025-06-30 00:00:00,29.0,28,0.0,9.9,Evora
2025-06-30 01:00:00,25.6,39,0.0,5.8,Evora
2025-06-30 02:00:00,25.0,37,0.0,6.8,Evora
2025-06-30 03:00:00,24.4,38,0.0,6.6,Evora
2025-06-30 04:00:00,24.5,36,0.0,7.6,Evora
2025-06-30 05:00:00,24.0,38,0.0,6.9,Evora
2025-06-30 06:00:00,24.6,41,0.0,6.7,Evora
2025-06-30 07:00:00,27.0,38,0.0,7.1,Evora
2025-06-30 08:00:00,29.7,34,0.0,5.8,Evora
2025-06-30 09:00:00,32.6,27,0.0,4.3,Evora
2025-06-30 10:00:00,35.0,22,0.0,3.0,Evora
2025-06-30 11:00:00,36.8,20,0.0,2.0,Evora
2025-06-30 12:00:00,38.0,18,0.0,1.1,Evora
2025-06-30 13:00:00,39.4,16,0.0,2.1,Evora
2025-06-30 14:00:00,39.5,15,0.0,5.5,Evora
2025-06-30 15:00:00,39.7,14,0.0,7.2,Evora
2025-06-30 16:00:00,39.6,14,0.0,6.0,Evora
2025-06-30 17:00:00,38.9,14,0.0,4.1,Evora
2025-06-30 18:00:00,37.9,14,0.0,6.7,Evora
2025-06-30 19:00:00,34.7,24,0.0,6.7,Evora
2025-06-30 20:00:00,31.8,29,0.0,4.6,Evora
2025-06-30 21:00:00,31.8,38,0.0,0.9,Evora
2025-06-30 22:00:00,32.4,26,0.0,1.7,Evora
2025-06-30 23:00:00,30.2,28,0.0,3.3,Evora
2025-07-01 00:00:00,28.2,36,0.0,1.2,Evora
2025-07-01 01:00:00,28.6,34,0.0,11.3,Evora
2025-07-01 02:00:00,26.3,41,0.0,6.2,Evora
2025-07-01 03:00:00,25.7,41,0.0,6.9,Evora
2025-07-01 04:00:00,25.2,43,0.0,6.2,Evora
2025-07-01 05:00:00,24.9,47,0.0,2.6,Evora
2025-07-01 06:00:00,24.7,51,0.0,2.4,Evora
2025-07-01 07:00:00,26.8,45,0.0,5.8,Evora
2025-07-01 08:00:00,29.3,38,0.0,5.6,Evora
2025-07-01 09:00:00,31.4,33,0.0,6.3,Evora
2025-07-01 10:00:00,33.4,29,0.0,4.9,Evora
2025-07-01 11:00:00,35.3,24,0.0,3.5,Evora
2025-07-01 12:00:00,36.6,21,0.0,2.9,Evora
2025-07-01 13:00:00,37.5,21,0.0,3.1,Evora
2025-07-01 14:00:00,38.1,20,0.0,2.3,Evora
2025-07-01 15:00:00,38.3,19,0.0,3.1,Evora
2025-07-01 16:00:00,38.1,19,0.0,5.4,Evora
2025-07-01 17:00:00,37.9,19,0.0,4.4,Evora
2025-07-01 18:00:00,37.5,20,0.0,5.7,Evora
2025-07-01 19:00:00,32.1,40,0.0,20.3,Evora
2025-07-01 20:00:00,30.6,45,0.0,18.7,Evora
2025-07-01 21:00:00,28.6,49,0.0,16.7,Evora
2025-07-01 22:00:00,26.8,51,0.0,13.0,Evora
2025-07-01 23:00:00,25.1,57,0.0,12.7,Evora
2025-07-02 00:00:00,23.7,60,0.0,12.4,Evora
2025-07-02 01:00:00,22.6,64,0.0,13.7,Evora
2025-07-02 02:00:00,21.6,67,0.0,13.8,Evora
2025-07-02 03:00:00,20.7,70,0.0,14.7,Evora
2025-07-02 04:00:00,19.7,76,0.0,13.4,Evora
2025-07-02 05:00:00,18.7,84,0.0,13.0,Evora
2025-07-02 06:00:00,19.0,82,0.0,13.2,Evora
2025-07-02 07:00:00,20.5,77,0.0,11.2,Evora
2025-07-02 08:00:00,23.1,66,0.0,9.6,Evora
2025-07-02 09:00:00,25.9,56,0.0,9.1,Evora
2025-07-02 10:00:00,28.5,47,0.0,10.7,Evora
2025-07-02 11:00:00,31.2,39,0.0,10.0,Evora
2025-07-02 12:00:00,33.3,32,0.0,8.6,Evora
2025-07-02 13:00:00,34.3,30,0.0,6.9,Evora
2025-07-02 14:00:00,35.3,28,0.0,6.4,Evora
2025-07-02 15:00:00,35.8,27,0.0,4.9,Evora
2025-07-02 16:00:00,35.9,26,0.0,3.2,Evora
2025-07-02 17:00:00,35.7,27,0.0,5.8,Evora
2025-07-02 18:00:00,35.2,27,0.0,5.6,Evora
2025-07-02 19:00:00,33.6,30,0.0,9.0,Evora
2025-07-02 20:00:00,30.5,40,0.0,17.4,Evora
2025-07-02 21:00:00,28.5,45,0.0,13.0,Evora
2025-07-02 22:00:00,27.0,49,0.0,11.2,Evora
2025-07-02 23:00:00,25.6,54,0.0,8.4,Evora
2025-07-03 00:00:00,24.1,62,0.0,4.3,Evora
2025-07-03 01:00:00,22.7,68,0.0,6.2,Evora
2025-07-03 02:00:00,22.0,71,0.0,5.6,Evora
2025-07-03 03:00:00,21.1,75,0.0,4.3,Evora
2025-07-03 04:00:00,20.6,77,0.0,3.4,Evora
2025-07-03 05:00:00,20.3,78,0.0,3.6,Evora
2025-07-03 06:00:00,21.5,74,0.0,6.9,Evora
2025-07-03 07:00:00,24.0,65,0.0,6.8,Evora
2025-07-03 08:00:00,26.7,51,0.0,10.2,Evora
2025-07-03 09:00:00,28.8,45,0.0,13.3,Evora
2025-07-03 10:00:00,31.2,38,0.0,16.1,Evora
2025-07-03 11:00:00,32.6,33,0.0,20.3,Evora
2025-07-03 12:00:00,33.7,32,0.0,19.5,Evora
2025-07-03 13:00:00,34.6,30,0.0,18.5,Evora
2025-07-03 14:00:00,35.3,27,0.0,19.5,Evora
2025-07-03 15:00:00,35.2,26,0.0,18.5,Evora
2025-07-03 16:00:00,34.6,27,0.0,17.5,Evora
2025-07-03 17:00:00,34.3,27,0.0,18.2,Evora
2025-07-03 18:00:00,33.5,27,0.0,15.5,Evora
2025-07-03 19:00:00,30.4,41,0.0,10.8,Evora
2025-07-03 20:00:00,26.8,60,0.0,12.3,Evora
2025-07-03 21:00:00,25.0,66,0.0,9.4,Evora
2025-07-03 22:00:00,24.1,70,0.0,5.6,Evora
2025-07-03 23:00:00,23.0,75,0.0,3.8,Evora
2025-07-04 00:00:00,22.4,78,0.0,1.0,Evora
2025-07-04 01:00:00,22.0,80,0.0,0.6,Evora
2025-07-04 02:00:00,21.3,82,0.0,2.5,Evora
2025-07-04 03:00:00,20.8,85,0.0,4.7,Evora
2025-07-04 04:00:00,20.6,86,0.0,4.8,Evora
2025-07-04 05:00:00,20.1,85,0.0,5.2,Evora
2025-07-04 06:00:00,21.3,74,0.0,7.5,Evora
2025-07-04 07:00:00,23.7,63,0.0,9.3,Evora
2025-07-04 08:00:00,25.6,57,0.0,14.2,Evora
2025-07-04 09:00:00,27.7,51,0.0,20.4,Evora
2025-07-04 10:00:00,28.9,53,0.0,19.6,Evora
2025-07-04 11:00:00,30.6,48,0.0,18.1,Evora
2025-07-04 12:00:00,32.1,42,0.0,17.8,Evora
2025-07-04 13:00:00,32.5,41,0.0,17.0,Evora
2025-07-04 14:00:00,32.9,40,0.0,15.0,Evora
2025-07-04 15:00:00,32.9,39,0.0,14.3,Evora
2025-07-04 16:00:00,33.4,33,0.0,13.3,Evora
2025-07-04 17:00:00,32.7,35,0.0,9.8,Evora
2025-07-04 18:00:00,30.3,48,0.0,14.1,Evora
2025-07-04 19:00:00,28.1,54,0.0,14.5,Evora
2025-07-04 20:00:00,25.8,59,0.0,12.0,Evora
2025-07-04 21:00:00,24.2,62,0.0,11.4,Evora
2025-07-04 22:00:00,23.4,65,0.0,9.1,Evora
2025-07-04 23:00:00,22.7,68,0.0,7.6,Evora
2025-07-05 00:00:00,21.9,72,0.0,5.5,Evora
2025-07-05 01:00:00,21.1,77,0.0,3.9,Evora
2025-07-05 02:00:00,20.4,81,0.0,2.7,Evora
2025-07-05 03:00:00,19.8,84,0.0,2.6,Evora
2025-07-05 04:00:00,19.4,87,0.0,3.0,Evora
2025-07-05 05:00:00,19.0,89,0.0,2.7,Evora
2025-07-05 06:00:00,19.9,85,0.0,3.1,Evora
2025-07-05 07:00:00,22.8,73,0.0,1.1,Evora
2025-07-05 08:00:00,25.1,63,0.0,2.2,Evora
2025-07-05 09:00:00,26.8,57,0.0,3.3,Evora
2025-07-05 10:00:00,28.6,53,0.0,2.3,Evora
2025-07-05 11:00:00,30.3,48,0.0,0.5,Evora
2025-07-05 12:00:00,31.7,42,0.0,1.3,Evora
2025-07-05 13:00:00,32.5,39,0.0,1.0,Evora
2025-07-05 14:00:00,33.3,36,0.0,3.6,Evora
2025-07-05 15:00:00,33.6,35,0.0,5.2,Evora
2025-07-05 16:00:00,33.9,33,0.0,6.3,Evora
2025-07-05 17:00:00,33.7,32,0.0,9.5,Evora
2025-07-05 18:00:00,32.9,33,0.0,12.8,Evora
2025-07-05 19:00:00,31.5,36,0.0,14.1,Evora
2025-07-05 20:00:00,27.8,56,0.0,20.4,Evora
2025-07-05 21:00:00,26.0,62,0.0,16.9,Evora
2025-07-05 22:00:00,24.8,65,0.0,16.6,Evora
2025-07-05 23:00:00,24.0,67,0.0,16.3,Evora
2025-07-06 00:00:00,23.6,68,0.0,14.2,Evora
2025-07-06 01:00:00,21.8,77,0.0,13.2,Evora
2025-07-06 02:00:00,21.1,79,0.0,12.8,Evora
2025-07-06 03:00:00,20.5,80,0.0,10.9,Evora
2025-07-06 04:00:00,20.1,81,0.0,8.1,Evora
2025-07-06 05:00:00,19.3,85,0.0,3.2,Evora
2025-07-06 06:00:00,19.7,82,0.0,5.2,Evora
2025-07-06 07:00:00,21.3,75,0.0,5.9,Evora
2025-07-06 08:00:00,24.1,64,0.0,5.5,Evora
2025-07-06 09:00:00,27.1,54,0.0,7.9,Evora
2025-07-06 10:00:00,29.8,45,0.0,8.0,Evora
2025-07-06 11:00:00,31.9,39,0.0,9.1,Evora
2025-07-06 12:00:00,33.5,34,0.0,10.4,Evora
2025-07-06 13:00:00,34.0,34,0.0,9.9,Evora
2025-07-06 14:00:00,34.8,32,0.0,12.4,Evora
2025-07-06 15:00:00,34.9,31,0.0,15.0,Evora
2025-07-06 16:00:00,34.6,32,0.0,16.2,Evora
2025-07-06 17:00:00,33.9,32,0.0,17.6,Evora
2025-07-06 18:00:00,32.2,34,0.0,19.7,Evora
2025-07-06 19:00:00,29.7,38,0.0,20.3,Evora
2025-07-06 20:00:00,27.1,46,0.0,20.3,Evora
2025-07-06 21:00:00,24.8,53,0.0,21.8,Evora
2025-07-06 22:00:00,22.9,62,0.0,22.6,Evora
2025-07-06 23:00:00,21.4,70,0.0,22.5,Evora
2025-07-07 00:00:00,20.3,76,0.0,23.6,Evora
2025-07-07 01:00:00,19.1,83,0.0,23.8,Evora
2025-07-07 02:00:00,18.5,86,0.0,21.8,Evora
2025-07-07 03:00:00,18.1,89,0.0,19.4,Evora
2025-07-07 04:00:00,17.6,92,0.0,17.3,Evora
2025-07-07 05:00:00,17.4,94,0.0,14.2,Evora
2025-07-07 06:00:00,17.8,92,0.0,12.6,Evora
2025-07-07 07:00:00,19.2,85,0.0,9.8,Evora
2025-07-07 08:00:00,21.9,73,0.0,8.3,Evora
2025-07-07 09:00:00,25.1,61,0.0,6.7,Evora
2025-07-07 10:00:00,28.1,51,0.0,5.6,Evora
2025-07-07 11:00:00,30.6,43,0.0,4.1,Evora
2025-07-07 12:00:00,32.5,38,0.0,4.7,Evora
2025-07-07 13:00:00,33.6,36,0.0,6.3,Evora
2025-07-07 14:00:00,34.7,32,0.0,6.4,Evora
2025-07-07 15:00:00,35.1,31,0.0,6.8,Evora
2025-07-07 16:00:00,35.2,30,0.0,8.0,Evora
2025-07-07 17:00:00,34.8,30,0.0,8.9,Evora
2025-07-07 18:00:00,34.4,32,0.0,8.8,Evora
2025-07-07 19:00:00,32.2,40,0.0,15.3,Evora
2025-07-07 20:00:00,29.0,49,0.0,17.2,Evora
2025-07-07 21:00:00,27.5,52,0.0,15.9,Evora
2025-07-07 22:00:00,26.3,54,0.0,14.1,Evora
2025-07-07 23:00:00,25.3,56,0.0,12.1,Evora
2025-07-08 00:00:00,24.5,56,0.0,11.2,Evora
2025-07-08 01:00:00,22.7,65,0.0,5.6,Evora
2025-07-08 02:00:00,21.9,70,0.0,2.3,Evora
2025-07-08 03:00:00,21.2,73,0.0,1.5,Evora
2025-07-08 04:00:00,20.6,76,0.0,0.5,Evora
2025-07-08 05:00:00,20.1,80,0.0,0.7,Evora
2025-07-08 06:00:00,20.4,77,0.0,4.8,Evora
2025-07-08 07:00:00,22.7,71,0.0,5.7,Evora
2025-07-08 08:00:00,25.2,61,0.0,7.0,Evora
2025-07-08 09:00:00,27.7,54,0.0,8.3,Evora
2025-07-08 10:00:00,30.0,48,0.0,8.9,Evora
2025-07-08 11:00:00,32.2,40,0.0,9.2,Evora
2025-07-08 12:00:00,33.8,34,0.0,9.3,Evora
2025-07-08 13:00:00,34.8,33,0.0,9.4,Evora
2025-07-08 14:00:00,35.6,30,0.0,9.9,Evora
2025-07-08 15:00:00,36.3,27,0.0,12.3,Evora
2025-07-08 16:00:00,36.5,26,0.0,10.3,Evora
2025-07-08 17:00:00,32.8,39,0.0,19.4,Evora
2025-07-08 18:00:00,30.1,43,0.0,17.9,Evora
2025-07-08 19:00:00,28.3,47,0.0,15.4,Evora
2025-07-08 20:00:00,25.6,54,0.0,13.3,Evora
2025-07-08 21:00:00,23.6,62,0.0,10.6,Evora
2025-07-08 22:00:00,22.1,68,0.0,10.0,Evora
2025-07-08 23:00:00,20.9,74,0.0,8.2,Evora
2025-07-09 00:00:00,19.9,79,0.0,6.5,Evora
2025-07-09 01:00:00,18.6,86,0.0,2.9,Evora
2025-07-09 02:00:00,17.9,90,0.0,3.9,Evora
2025-07-09 03:00:00,17.2,95,0.0,4.5,Evora
2025-07-09 04:00:00,16.7,98,0.0,6.0,Evora
2025-07-09 05:00:00,16.5,98,0.0,6.4,Evora
2025-07-09 06:00:00,16.8,96,0.0,6.5,Evora
2025-07-09 07:00:00,18.1,89,0.0,7.7,Evora
2025-07-09 08:00:00,20.3,79,0.0,7.9,Evora
2025-07-09 09:00:00,22.7,69,0.0,7.9,Evora
2025-07-09 10:00:00,25.2,59,0.0,8.8,Evora
2025-07-09 11:00:00,27.6,49,0.0,9.9,Evora
2025-07-09 12:00:00,29.6,41,0.0,11.8,Evora
2025-07-09 13:00:00,30.5,40,0.0,13.2,Evora
2025-07-09 14:00:00,31.3,36,0.0,13.0,Evora
2025-07-09 15:00:00,31.8,34,0.0,12.7,Evora
2025-07-09 16:00:00,30.8,39,0.0,13.8,Evora
2025-07-09 17:00:00,28.5,47,0.0,16.9,Evora
2025-07-09 18:00:00,26.1,52,0.0,17.6,Evora
2025-07-09 19:00:00,23.4,60,0.0,15.7,Evora
2025-07-09 20:00:00,21.1,67,0.0,13.5,Evora
2025-07-09 21:00:00,20.0,71,0.0,12.4,Evora
2025-07-09 22:00:00,19.0,75,0.0,9.8,Evora
2025-07-09 23:00:00,18.0,81,0.0,8.6,Evora
2025-07-10 00:00:00,17.2,88,0.0,8.0,Evora
2025-07-10 01:00:00,16.9,92,0.0,7.6,Evora
2025-07-10 02:00:00,16.4,94,0.0,5.3,Evora
2025-07-10 03:00:00,15.9,97,0.0,5.2,Evora
2025-07-10 04:00:00,15.5,97,0.0,5.2,Evora
2025-07-10 05:00:00,15.2,98,0.0,4.7,Evora
2025-07-10 06:00:00,15.6,97,0.0,6.1,Evora
2025-07-10 07:00:00,17.4,85,0.0,7.8,Evora
2025-07-10 08:00:00,19.4,73,0.0,6.7,Evora
2025-07-10 09:00:00,21.4,64,0.0,6.7,Evora
2025-07-10 10:00:00,23.3,57,0.0,8.1,Evora
2025-07-10 11:00:00,25.1,51,0.0,8.6,Evora
2025-07-10 12:00:00,26.7,46,0.0,9.6,Evora
2025-07-10 13:00:00,27.7,43,0.0,9.8,Evora
2025-07-10 14:00:00,28.4,42,0.0,12.8,Evora
2025-07-10 15:00:00,28.4,42,0.0,14.5,Evora
2025-07-10 16:00:00,27.8,42,0.0,15.3,Evora
2025-07-10 17:00:00,26.6,46,0.0,16.5,Evora
2025-07-10 18:00:00,24.8,52,0.0,17.8,Evora
2025-07-10 19:00:00,22.6,61,0.0,18.7,Evora
2025-07-10 20:00:00,21.2,65,0.0,16.0,Evora
2025-07-10 21:00:00,20.2,67,0.0,13.7,Evora
2025-07-10 22:00:00,19.2,70,0.0,12.6,Evora
2025-07-10 23:00:00,18.4,74,0.0,12.2,Evora
2025-07-11 00:00:00,17.5,78,0.0,10.7,Evora
2025-07-11 01:00:00,16.4,89,0.0,9.2,Evora
2025-07-11 02:00:00,15.8,95,0.0,8.0,Evora
2025-07-11 03:00:00,15.7,97,0.0,6.7,Evora
2025-07-11 04:00:00,16.1,96,0.0,8.2,Evora
2025-07-11 05:00:00,16.6,95,0.0,8.5,Evora
2025-07-11 06:00:00,17.2,92,0.1,10.7,Evora
2025-07-11 07:00:00,18.1,83,0.0,11.9,Evora
2025-07-11 08:00:00,19.4,73,0.0,11.5,Evora
2025-07-11 09:00:00,21.0,62,0.1,12.7,Evora
2025-07-11 10:00:00,22.1,56,0.0,12.4,Evora
2025-07-11 11:00:00,21.7,62,0.1,14.5,Evora
2025-07-11 12:00:00,22.5,59,0.0,14.1,Evora
2025-07-11 13:00:00,21.9,64,0.1,14.8,Evora
2025-07-11 14:00:00,22.2,64,0.0,15.3,Evora
2025-07-11 15:00:00,22.5,62,0.0,14.6,Evora
2025-07-11 16:00:00,22.6,63,0.0,17.7,Evora
2025-07-11 17:00:00,22.1,66,0.0,17.7,Evora
2025-07-11 18:00:00,21.3,69,0.0,16.2,Evora
2025-07-11 19:00:00,20.5,70,0.0,15.6,Evora
2025-07-11 20:00:00,19.4,75,0.0,13.9,Evora
2025-07-11 21:00:00,18.9,80,0.0,14.1,Evora
2025-07-11 22:00:00,18.7,82,0.0,11.6,Evora
2025-07-11 23:00:00,17.8,88,0.0,9.4,Evora
2025-07-12 00:00:00,17.0,93,0.0,9.0,Evora
2025-07-12 01:00:00,16.9,95,0.1,6.8,Evora
2025-07-12 02:00:00,16.3,98,0.0,4.9,Evora
2025-07-12 03:00:00,16.4,97,0.1,4.7,Evora
2025-07-12 04:00:00,15.9,99,0.0,4.1,Evora
2025-07-12 05:00:00,16.0,98,0.0,5.6,Evora
2025-07-12 06:00:00,16.1,97,0.0,7.3,Evora
2025-07-12 07:00:00,17.4,87,0.0,8.8,Evora
2025-07-12 08:00:00,19.0,74,0.0,7.6,Evora
2025-07-12 09:00:00,20.8,63,0.0,8.5,Evora
2025-07-12 10:00:00,22.2,54,0.0,10.4,Evora
2025-07-12 11:00:00,23.2,49,0.0,10.8,Evora
2025-07-12 12:00:00,24.6,44,0.0,10.9,Evora
2025-07-12 13:00:00,25.3,41,0.0,12.6,Evora
2025-07-12 14:00:00,26.3,38,0.0,12.7,Evora
2025-07-12 15:00:00,27.1,35,0.0,13.0,Evora
2025-07-12 16:00:00,26.9,36,0.0,13.7,Evora
2025-07-12 17:00:00,26.2,40,0.0,16.0,Evora
2025-07-12 18:00:00,24.8,49,0.0,17.7,Evora
2025-07-12 19:00:00,23.4,52,0.0,17.6,Evora
2025-07-12 20:00:00,22.2,56,0.0,14.9,Evora
2025-07-12 21:00:00,20.5,62,0.0,17.7,Evora
2025-07-12 22:00:00,18.9,70,0.0,16.2,Evora
2025-07-12 23:00:00,17.7,77,0.0,14.7,Evora
2025-07-13 00:00:00,16.8,82,0.0,13.0,Evora
2025-07-13 01:00:00,16.4,86,0.0,10.4,Evora
2025-07-13 02:00:00,15.9,90,0.0,8.7,Evora
2025-07-13 03:00:00,15.4,93,0.0,8.6,Evora
2025-07-13 04:00:00,15.2,96,0.0,9.6,Evora
2025-07-13 05:00:00,15.3,97,0.0,8.4,Evora
2025-07-13 06:00:00,16.1,93,0.0,10.3,Evora
2025-07-13 07:00:00,17.5,85,0.0,11.8,Evora
2025-07-13 08:00:00,19.2,74,0.0,12.7,Evora
2025-07-13 09:00:00,21.1,65,0.0,12.2,Evora
2025-07-13 10:00:00,22.6,58,0.0,12.3,Evora
2025-07-13 11:00:00,24.3,51,0.0,11.3,Evora
2025-07-13 12:00:00,25.8,47,0.0,9.9,Evora
2025-07-13 13:00:00,27.4,43,0.0,10.3,Evora
2025-07-13 14:00:00,28.4,40,0.0,10.6,Evora
2025-07-13 15:00:00,29.2,37,0.0,10.6,Evora
2025-07-13 16:00:00,29.6,36,0.0,11.1,Evora
2025-07-13 17:00:00,29.5,36,0.0,12.5,Evora
2025-07-13 18:00:00,28.8,38,0.0,15.2,Evora
2025-07-13 19:00:00,27.6,43,0.0,15.9,Evora
2025-07-13 20:00:00,24.3,58,0.0,19.1,Evora
2025-07-13 21:00:00,23.0,64,0.0,18.3,Evora
2025-07-13 22:00:00,21.7,70,0.0,19.1,Evora
2025-07-13 23:00:00,20.6,77,0.0,20.6,Evora
2025-07-14 00:00:00,19.7,83,0.0,19.5,Evora
2025-07-14 01:00:00,18.7,85,0.0,18.0,Evora
2025-07-14 02:00:00,18.0,86,0.0,16.5,Evora
2025-07-14 03:00:00,17.4,86,0.0,18.9,Evora
2025-07-14 04:00:00,17.2,84,0.0,18.3,Evora
2025-07-14 05:00:00,17.0,82,0.0,15.8,Evora
2025-07-14 06:00:00,17.0,81,0.0,14.7,Evora
2025-07-14 07:00:00,18.2,76,0.0,11.6,Evora
2025-07-14 08:00:00,20.6,66,0.0,10.5,Evora
2025-07-14 09:00:00,23.4,57,0.0,7.6,Evora
2025-07-14 10:00:00,26.0,50,0.0,6.0,Evora
2025-07-14 11:00:00,28.3,43,0.0,5.5,Evora
2025-07-14 12:00:00,29.9,38,0.0,6.9,Evora
2025-07-14 13:00:00,31.4,34,0.0,7.5,Evora
2025-07-14 14:00:00,32.4,31,0.0,8.7,Evora
2025-07-14 15:00:00,32.9,28,0.0,9.8,Evora
2025-07-14 16:00:00,32.9,27,0.0,11.2,Evora
2025-07-14 17:00:00,32.4,27,0.0,12.2,Evora
2025-07-14 18:00:00,31.3,31,0.0,14.3,Evora
2025-07-14 19:00:00,29.4,37,0.0,15.5,Evora
2025-07-14 20:00:00,26.9,41,0.0,16.6,Evora
2025-07-14 21:00:00,24.9,43,0.0,18.0,Evora
2025-07-14 22:00:00,22.7,50,0.0,19.6,Evora
2025-07-14 23:00:00,20.8,55,0.0,18.2,Evora
2025-07-15 00:00:00,19.5,58,0.0,17.6,Evora
2025-07-15 01:00:00,18.4,62,0.0,17.4,Evora
2025-07-15 02:00:00,17.5,68,0.0,15.5,Evora
2025-07-15 03:00:00,16.7,74,0.0,12.2,Evora
2025-07-15 04:00:00,15.8,80,0.0,8.7,Evora
2025-07-15 05:00:00,14.5,88,0.0,5.2,Evora
2025-07-15 06:00:00,14.9,87,0.0,6.5,Evora
2025-07-15 07:00:00,17.9,73,0.0,5.5,Evora
2025-07-15 08:00:00,21.8,56,0.0,3.3,Evora
2025-07-15 09:00:00,25.8,40,0.0,2.5,Evora
2025-07-15 10:00:00,29.3,26,0.0,1.9,Evora
2025-07-15 11:00:00,32.1,17,0.0,1.9,Evora
2025-07-15 12:00:00,34.1,13,0.0,2.4,Evora
2025-07-15 13:00:00,35.5,13,0.0,4.7,Evora
2025-07-15 14:00:00,36.3,13,0.0,6.3,Evora
2025-07-15 15:00:00,36.6,13,0.0,7.4,Evora
2025-07-15 16:00:00,36.7,13,0.0,8.2,Evora
2025-07-15 17:00:00,36.5,13,0.0,7.9,Evora
2025-07-15 18:00:00,35.5,15,0.0,8.4,Evora
2025-07-15 19:00:00,33.4,19,0.0,8.5,Evora
2025-07-15 20:00:00,30.4,26,0.0,11.5,Evora
2025-07-15 21:00:00,28.5,36,0.0,15.3,Evora
2025-07-15 22:00:00,26.5,49,0.0,14.6,Evora
2025-07-15 23:00:00,25.5,52,0.0,13.3,Evora
2025-07-16 00:00:00,24.6,53,0.0,11.0,Evora
2025-07-16 01:00:00,23.0,56,0.0,8.6,Evora
2025-07-16 02:00:00,21.9,58,0.0,6.5,Evora
2025-07-16 03:00:00,21.1,59,0.0,6.8,Evora
2025-07-16 04:00:00,19.8,63,0.0,5.2,Evora
2025-07-16 05:00:00,18.9,66,0.0,3.9,Evora
2025-07-16 06:00:00,19.2,66,0.0,3.0,Evora
2025-07-16 07:00:00,22.2,57,0.0,3.9,Evora
2025-07-16 08:00:00,26.4,44,0.0,1.6,Evora
2025-07-16 09:00:00,30.1,33,0.0,0.9,Evora
2025-07-16 10:00:00,32.7,26,0.0,3.9,Evora
2025-07-16 11:00:00,34.6,22,0.0,7.2,Evora
2025-07-16 12:00:00,35.8,19,0.0,10.5,Evora
2025-07-16 13:00:00,36.8,17,0.0,11.9,Evora
2025-07-16 14:00:00,37.2,15,0.0,12.2,Evora
2025-07-16 15:00:00,37.3,14,0.0,12.5,Evora
2025-07-16 16:00:00,36.8,15,0.0,13.5,Evora
2025-07-16 17:00:00,35.8,18,0.0,14.4,Evora
2025-07-16 18:00:00,34.2,25,0.0,16.5,Evora
2025-07-16 19:00:00,30.4,35,0.0,18.8,Evora
2025-07-16 20:00:00,27.5,41,0.0,17.1,Evora
2025-07-16 21:00:00,24.9,53,0.0,16.1,Evora
2025-07-16 22:00:00,23.2,61,0.0,15.3,Evora
2025-07-16 23:00:00,22.2,62,0.0,15.5,Evora
2025-07-17 00:00:00,21.4,61,0.0,16.0,Evora
2025-07-17 01:00:00,20.2,59,0.0,17.2,Evora
2025-07-17 02:00:00,19.4,63,0.0,17.1,Evora
2025-07-17 03:00:00,18.6,68,0.0,17.2,Evora
2025-07-17 04:00:00,17.9,73,0.0,17.3,Evora
2025-07-17 05:00:00,17.5,74,0.0,16.8,Evora
2025-07-17 06:00:00,17.4,74,0.0,16.2,Evora
2025-07-17 07:00:00,19.1,67,0.0,13.3,Evora
2025-07-17 08:00:00,21.0,62,0.0,12.2,Evora
2025-07-17 09:00:00,23.7,52,0.0,12.0,Evora
2025-07-17 10:00:00,26.4,42,0.0,11.6,Evora
2025-07-17 11:00:00,29.0,34,0.0,13.1,Evora
2025-07-17 12:00:00,30.7,29,0.0,14.8,Evora
2025-07-17 13:00:00,31.4,27,0.0,17.2,Evora
2025-07-17 14:00:00,32.3,23,0.0,16.3,Evora
2025-07-17 15:00:00,32.6,21,0.0,17.2,Evora
2025-07-17 16:00:00,32.2,21,0.0,17.5,Evora
2025-07-17 17:00:00,31.2,22,0.0,17.5,Evora
2025-07-17 18:00:00,30.0,23,0.0,17.5,Evora
2025-07-17 19:00:00,27.8,28,0.0,18.9,Evora
2025-07-17 20:00:00,24.3,42,0.0,20.0,Evora
2025-07-17 21:00:00,21.6,53,0.0,19.4,Evora
2025-07-17 22:00:00,20.0,57,0.0,18.4,Evora
2025-07-17 23:00:00,18.6,67,0.0,18.2,Evora
2025-07-18 00:00:00,17.5,74,0.0,18.0,Evora
2025-07-18 01:00:00,16.6,84,0.0,14.5,Evora
2025-07-18 02:00:00,15.8,88,0.0,14.9,Evora
2025-07-18 03:00:00,15.3,90,0.0,14.8,Evora
2025-07-18 04:00:00,15.0,92,0.0,14.5,Evora
2025-07-18 05:00:00,15.0,91,0.0,15.0,Evora
2025-07-18 06:00:00,15.5,87,0.0,16.3,Evora
2025-07-18 07:00:00,16.6,80,0.0,15.1,Evora
2025-07-18 08:00:00,18.6,69,0.0,18.3,Evora
2025-07-18 09:00:00,20.9,60,0.0,20.3,Evora
2025-07-18 10:00:00,23.1,53,0.0,20.8,Evora
2025-07-18 11:00:00,25.1,46,0.0,18.4,Evora
2025-07-18 12:00:00,26.5,42,0.0,19.6,Evora
2025-07-18 13:00:00,27.7,39,0.0,18.8,Evora
2025-07-18 14:00:00,28.3,37,0.0,21.0,Evora
2025-07-18 15:00:00,28.0,39,0.0,22.2,Evora
2025-07-18 16:00:00,27.7,39,0.0,22.7,Evora
2025-07-18 17:00:00,27.5,38,0.0,24.9,Evora
2025-07-18 18:00:00,25.5,46,0.0,25.8,Evora
2025-07-18 19:00:00,23.7,55,0.0,23.0,Evora
2025-07-18 20:00:00,22.6,59,0.0,20.3,Evora
2025-07-18 21:00:00,21.1,69,0.0,20.6,Evora
2025-07-18 22:00:00,19.9,76,0.0,19.1,Evora
2025-07-18 23:00:00,18.9,82,0.0,17.4,Evora
2025-07-19 00:00:00,18.0,88,0.0,17.6,Evora
2025-07-19 01:00:00,17.1,91,0.0,17.1,Evora
2025-07-19 02:00:00,16.6,93,0.0,14.8,Evora
2025-07-19 03:00:00,16.4,93,0.0,16.0,Evora
2025-07-19 04:00:00,16.0,93,0.0,16.6,Evora
2025-07-19 05:00:00,15.7,93,0.0,16.8,Evora
2025-07-19 06:00:00,15.6,91,0.0,15.4,Evora
2025-07-19 07:00:00,16.7,83,0.0,18.0,Evora
2025-07-19 08:00:00,18.2,72,0.0,18.1,Evora
2025-07-19 09:00:00,20.0,61,0.0,16.2,Evora
2025-07-19 10:00:00,22.5,49,0.0,15.4,Evora
2025-07-19 11:00:00,24.5,41,0.0,15.6,Evora
2025-07-19 12:00:00,26.3,37,0.0,14.1,Evora
2025-07-19 13:00:00,27.4,35,0.0,14.2,Evora
2025-07-19 14:00:00,28.0,35,0.0,16.4,Evora
2025-07-19 15:00:00,28.3,33,0.0,18.0,Evora
2025-07-19 16:00:00,28.2,32,0.0,18.7,Evora
2025-07-19 17:00:00,27.3,33,0.0,20.2,Evora
2025-07-19 18:00:00,25.6,38,0.0,19.9,Evora
2025-07-19 19:00:00,23.6,46,0.0,18.1,Evora
2025-07-19 20:00:00,21.7,54,0.0,16.8,Evora
2025-07-19 21:00:00,20.2,61,0.0,17.3,Evora
2025-07-19 22:00:00,19.1,68,0.0,17.2,Evora
2025-07-19 23:00:00,18.3,72,0.0,14.8,Evora
2025-07-20 00:00:00,17.7,76,0.0,13.8,Evora
2025-07-20 01:00:00,17.1,83,0.0,12.8,Evora
2025-07-20 02:00:00,16.7,88,0.0,12.2,Evora
2025-07-20 03:00:00,16.4,91,0.0,11.3,Evora
2025-07-20 04:00:00,16.2,94,0.0,10.6,Evora
2025-07-20 05:00:00,16.1,96,0.0,9.2,Evora
2025-07-20 06:00:00,17.7,86,0.0,11.4,Evora
2025-07-20 07:00:00,18.8,81,0.0,9.5,Evora
2025-07-20 08:00:00,20.1,76,0.0,12.2,Evora
2025-07-20 09:00:00,20.9,75,0.0,12.3,Evora
2025-07-20 10:00:00,21.2,75,0.0,13.0,Evora
2025-07-20 11:00:00,23.0,67,0.2,14.7,Evora
2025-07-20 12:00:00,24.1,62,0.1,15.6,Evora
2025-07-20 13:00:00,25.9,54,0.0,16.6,Evora
2025-07-20 14:00:00,27.8,45,0.0,18.2,Evora
2025-07-20 15:00:00,28.1,42,0.0,18.8,Evora
2025-07-20 16:00:00,27.8,42,0.0,18.9,Evora
2025-07-20 17:00:00,26.9,43,0.0,19.5,Evora
2025-07-20 18:00:00,24.5,43,0.0,19.6,Evora
2025-07-20 19:00:00,22.6,46,0.0,18.1,Evora
2025-07-20 20:00:00,20.8,53,0.0,16.3,Evora
2025-07-20 21:00:00,19.4,58,0.0,16.9,Evora
2025-07-20 22:00:00,18.3,62,0.0,18.0,Evora
2025-07-20 23:00:00,17.2,66,0.0,17.4,Evora
2025-07-21 00:00:00,16.0,74,0.0,16.5,Evora
2025-07-21 01:00:00,15.4,78,0.0,17.9,Evora
2025-07-21 02:00:00,15.0,80,0.0,18.7,Evora
2025-07-21 03:00:00,14.6,83,0.0,18.7,Evora
2025-07-21 04:00:00,14.3,85,0.0,18.6,Evora
2025-07-21 05:00:00,14.1,87,0.0,18.5,Evora
2025-07-21 06:00:00,14.2,87,0.0,17.8,Evora
2025-07-21 07:00:00,15.4,83,0.0,14.8,Evora
2025-07-21 08:00:00,17.2,71,0.0,16.9,Evora
2025-07-21 09:00:00,19.4,59,0.0,16.5,Evora
2025-07-21 10:00:00,21.6,49,0.0,15.5,Evora
2025-07-21 11:00:00,23.7,41,0.0,15.0,Evora
2025-07-21 12:00:00,25.4,36,0.0,14.7,Evora
2025-07-21 13:00:00,26.9,31,0.0,11.3,Evora
2025-07-21 14:00:00,27.8,30,0.0,11.9,Evora
2025-07-21 15:00:00,28.3,29,0.0,12.9,Evora
2025-07-21 16:00:00,28.4,29,0.0,14.1,Evora
2025-07-21 17:00:00,28.2,28,0.0,14.4,Evora
2025-07-21 18:00:00,27.4,31,0.0,14.7,Evora
2025-07-21 19:00:00,25.7,38,0.0,15.6,Evora
2025-07-21 20:00:00,22.4,48,0.0,19.9,Evora
2025-07-21 21:00:00,20.3,54,0.0,20.5,Evora
2025-07-21 22:00:00,18.8,60,0.0,20.4,Evora
2025-07-21 23:00:00,17.6,66,0.0,20.0,Evora
2025-07-22 00:00:00,16.7,71,0.0,19.8,Evora
2025-07-22 01:00:00,16.1,70,0.0,18.4,Evora
2025-07-22 02:00:00,15.7,72,0.0,18.0,Evora
2025-07-22 03:00:00,15.2,75,0.0,16.9,Evora
2025-07-22 04:00:00,14.9,77,0.0,15.5,Evora
2025-07-22 05:00:00,14.6,79,0.0,14.1,Evora
2025-07-22 06:00:00,14.7,78,0.0,13.4,Evora
2025-07-22 07:00:00,16.3,71,0.0,11.3,Evora
2025-07-22 08:00:00,19.0,60,0.0,12.5,Evora
2025-07-22 09:00:00,22.1,47,0.0,11.2,Evora
2025-07-22 10:00:00,25.1,38,0.0,10.0,Evora
2025-07-22 11:00:00,27.5,32,0.0,10.1,Evora
2025-07-22 12:00:00,29.3,28,0.0,10.3,Evora
2025-07-22 13:00:00,30.5,26,0.0,10.7,Evora
2025-07-22 14:00:00,31.2,24,0.0,12.9,Evora
2025-07-22 15:00:00,31.5,28,0.0,13.8,Evora
2025-07-22 16:00:00,31.4,36,0.0,14.7,Evora
2025-07-22 17:00:00,30.8,39,0.0,16.9,Evora
2025-07-22 18:00:00,29.0,44,0.0,20.7,Evora
2025-07-22 19:00:00,26.0,53,0.0,22.5,Evora
2025-07-22 20:00:00,23.5,62,0.0,22.4,Evora
2025-07-22 21:00:00,21.9,70,0.0,21.7,Evora
2025-07-22 22:00:00,20.2,76,0.0,20.1,Evora
2025-07-22 23:00:00,18.7,80,0.0,19.9,Evora
2025-07-23 00:00:00,17.7,82,0.0,18.8,Evora
2025-07-23 01:00:00,16.8,82,0.0,18.0,Evora
2025-07-23 02:00:00,16.2,82,0.0,20.1,Evora
2025-07-23 03:00:00,15.9,83,0.0,22.0,Evora
2025-07-23 04:00:00,15.7,85,0.0,23.0,Evora
2025-07-23 05:00:00,15.3,87,0.0,22.4,Evora
2025-07-23 06:00:00,15.1,88,0.0,23.3,Evora
2025-07-23 07:00:00,16.3,81,0.0,20.5,Evora
2025-07-23 08:00:00,18.2,70,0.0,20.7,Evora
2025-07-23 09:00:00,19.8,61,0.0,19.1,Evora
2025-07-23 10:00:00,21.5,54,0.0,20.2,Evora
2025-07-23 11:00:00,23.1,49,0.0,21.1,Evora
2025-07-23 12:00:00,24.5,43,0.0,20.6,Evora
2025-07-23 13:00:00,25.4,39,0.0,16.5,Evora
2025-07-23 14:00:00,26.4,36,0.0,17.8,Evora
2025-07-23 15:00:00,27.6,32,0.0,16.7,Evora
2025-07-23 16:00:00,28.1,32,0.0,16.1,Evora
2025-07-23 17:00:00,27.9,34,0.0,18.8,Evora
2025-07-23 18:00:00,26.2,37,0.0,21.3,Evora
2025-07-23 19:00:00,24.3,43,0.0,20.4,Evora
2025-07-23 20:00:00,22.2,53,0.0,19.3,Evora
2025-07-23 21:00:00,20.6,61,0.0,22.6,Evora
2025-07-23 22:00:00,19.4,66,0.0,23.8,Evora
2025-07-23 23:00:00,18.6,69,0.0,24.3,Evora
2025-07-24 00:00:00,18.0,72,0.0,24.8,Evora
2025-07-24 01:00:00,17.5,76,0.0,22.5,Evora
2025-07-24 02:00:00,17.0,78,0.0,22.1,Evora
2025-07-24 03:00:00,16.8,79,0.0,19.5,Evora
2025-07-24 04:00:00,16.6,80,0.0,17.6,Evora
2025-07-24 05:00:00,16.2,81,0.0,15.5,Evora
2025-07-24 06:00:00,16.3,80,0.0,14.8,Evora
2025-07-24 07:00:00,18.2,72,0.0,13.3,Evora
2025-07-24 08:00:00,20.8,62,0.0,13.2,Evora
2025-07-24 09:00:00,23.6,48,0.0,13.4,Evora
2025-07-24 10:00:00,26.8,37,0.0,12.7,Evora
2025-07-24 11:00:00,29.4,33,0.0,12.8,Evora
2025-07-24 12:00:00,31.5,29,0.0,11.9,Evora
2025-07-24 13:00:00,33.3,26,0.0,9.1,Evora
2025-07-24 14:00:00,34.1,24,0.0,8.9,Evora
2025-07-24 15:00:00,34.6,22,0.0,12.0,Evora
2025-07-24 16:00:00,34.3,20,0.0,15.0,Evora
2025-07-24 17:00:00,33.9,20,0.0,15.1,Evora
2025-07-24 18:00:00,33.0,19,0.0,16.4,Evora
2025-07-24 19:00:00,31.2,19,0.0,15.1,Evora
2025-07-24 20:00:00,29.0,19,0.0,10.5,Evora
2025-07-24 21:00:00,26.0,36,0.0,18.5,Evora
2025-07-24 22:00:00,25.1,38,0.0,16.7,Evora
2025-07-24 23:00:00,24.9,29,0.0,17.1,Evora
2025-07-25 00:00:00,24.8,26,0.0,17.0,Evora
2025-07-25 01:00:00,23.7,29,0.0,16.4,Evora
2025-07-25 02:00:00,22.9,31,0.0,14.9,Evora
2025-07-25 03:00:00,22.8,32,0.0,15.3,Evora
2025-07-25 04:00:00,22.8,33,0.0,17.4,Evora
2025-07-25 05:00:00,22.6,38,0.0,19.1,Evora
2025-07-25 06:00:00,22.4,45,0.0,20.4,Evora
2025-07-25 07:00:00,23.4,47,0.0,18.3,Evora
2025-07-25 08:00:00,24.7,42,0.0,21.1,Evora
2025-07-25 09:00:00,26.6,39,0.0,20.1,Evora
2025-07-25 10:00:00,28.7,35,0.0,17.8,Evora
2025-07-25 11:00:00,30.8,30,0.0,15.9,Evora
2025-07-25 12:00:00,32.5,23,0.0,15.1,Evora
2025-07-25 13:00:00,33.5,20,0.0,13.8,Evora
2025-07-25 14:00:00,33.9,20,0.0,14.0,Evora
2025-07-25 15:00:00,34.3,19,0.0,12.2,Evora
2025-07-25 16:00:00,34.3,19,0.0,10.3,Evora
2025-07-25 17:00:00,33.9,19,0.0,11.4,Evora
2025-07-25 18:00:00,33.1,18,0.0,12.4,Evora
2025-07-25 19:00:00,31.5,20,0.0,10.4,Evora
2025-07-25 20:00:00,29.2,21,0.0,10.0,Evora
2025-07-25 21:00:00,28.0,21,0.0,13.9,Evora
2025-07-25 22:00:00,26.6,22,0.0,15.9,Evora
2025-07-25 23:00:00,24.7,37,0.0,16.2,Evora
2025-07-26 00:00:00,23.6,41,0.0,12.6,Evora
2025-07-26 01:00:00,22.5,47,0.0,10.8,Evora
2025-07-26 02:00:00,21.8,49,0.0,9.2,Evora
2025-07-26 03:00:00,21.1,50,0.0,7.9,Evora
2025-07-26 04:00:00,20.7,48,0.0,7.5,Evora
2025-07-26 05:00:00,20.3,45,0.0,6.5,Evora
2025-07-26 06:00:00,20.2,44,0.0,5.2,Evora
2025-07-26 07:00:00,22.7,36,0.0,6.5,Evora
2025-07-26 08:00:00,24.9,32,0.0,5.6,Evora
2025-07-26 09:00:00,27.4,31,0.0,7.1,Evora
2025-07-26 10:00:00,30.1,28,0.0,6.6,Evora
2025-07-26 11:00:00,32.3,22,0.0,5.1,Evora
2025-07-26 12:00:00,34.0,17,0.0,4.4,Evora
2025-07-26 13:00:00,34.8,17,0.0,3.4,Evora
2025-07-26 14:00:00,35.5,16,0.0,2.2,Evora
2025-07-26 15:00:00,36.2,16,0.0,2.5,Evora
2025-07-26 16:00:00,36.3,16,0.0,2.2,Evora
2025-07-26 17:00:00,36.0,15,0.0,8.3,Evora
2025-07-26 18:00:00,35.3,15,0.0,11.5,Evora
2025-07-26 19:00:00,32.8,22,0.0,5.7,Evora
2025-07-26 20:00:00,30.3,25,0.0,15.7,Evora
2025-07-26 21:00:00,29.2,27,0.0,18.6,Evora
2025-07-26 22:00:00,27.9,28,0.0,16.7,Evora
2025-07-26 23:00:00,26.6,30,0.0,15.3,Evora
2025-07-27 00:00:00,25.6,32,0.0,15.4,Evora
2025-07-27 01:00:00,24.3,35,0.0,16.1,Evora
2025-07-27 02:00:00,23.7,36,0.0,14.7,Evora
2025-07-27 03:00:00,23.2,38,0.0,12.8,Evora
2025-07-27 04:00:00,22.6,40,0.0,13.2,Evora
2025-07-27 05:00:00,21.9,43,0.0,11.1,Evora
2025-07-27 06:00:00,20.5,52,0.0,5.4,Evora
2025-07-27 07:00:00,22.6,49,0.0,5.3,Evora
2025-07-27 08:00:00,26.1,43,0.0,2.4,Evora
2025-07-27 09:00:00,29.6,36,0.0,2.6,Evora
2025-07-27 10:00:00,32.2,29,0.0,3.2,Evora
2025-07-27 11:00:00,34.2,23,0.0,3.5,Evora
2025-07-27 12:00:00,35.6,21,0.0,5.7,Evora
2025-07-27 13:00:00,36.5,19,0.0,8.4,Evora
2025-07-27 14:00:00,36.9,18,0.0,10.7,Evora
2025-07-27 15:00:00,36.8,18,0.0,12.8,Evora
2025-07-27 16:00:00,36.7,18,0.0,13.7,Evora
2025-07-27 17:00:00,36.1,19,0.0,14.7,Evora
2025-07-27 18:00:00,33.9,23,0.0,18.5,Evora
2025-07-27 19:00:00,31.6,26,0.0,17.4,Evora
2025-07-27 20:00:00,28.8,33,0.0,17.7,Evora
2025-07-27 21:00:00,26.8,37,0.0,18.5,Evora
2025-07-27 22:00:00,24.7,43,0.0,18.7,Evora
2025-07-27 23:00:00,22.9,50,0.0,19.7,Evora
2025-07-28 00:00:00,21.7,54,0.0,20.1,Evora
2025-07-28 01:00:00,20.2,62,0.0,18.9,Evora
2025-07-28 02:00:00,19.3,68,0.0,18.1,Evora
2025-07-28 03:00:00,18.6,72,0.0,16.5,Evora
2025-07-28 04:00:00,18.0,76,0.0,14.3,Evora
2025-07-28 05:00:00,17.7,79,0.0,12.8,Evora
2025-07-28 06:00:00,17.6,81,0.0,12.9,Evora
2025-07-28 07:00:00,19.2,75,0.0,9.2,Evora
2025-07-28 08:00:00,22.2,63,0.0,8.5,Evora
2025-07-28 09:00:00,25.6,51,0.0,8.1,Evora
2025-07-28 10:00:00,28.5,41,0.0,8.5,Evora
2025-07-28 11:00:00,30.7,36,0.0,9.0,Evora
2025-07-28 12:00:00,32.5,32,0.0,9.5,Evora
2025-07-28 13:00:00,33.4,31,0.0,9.4,Evora
2025-07-28 14:00:00,34.5,27,0.0,9.9,Evora
2025-07-28 15:00:00,35.1,24,0.0,10.2,Evora
2025-07-28 16:00:00,35.3,24,0.0,11.5,Evora
2025-07-28 17:00:00,35.1,25,0.0,12.3,Evora
2025-07-28 18:00:00,34.5,26,0.0,11.9,Evora
2025-07-28 19:00:00,31.9,34,0.0,15.9,Evora
2025-07-28 20:00:00,28.7,44,0.0,18.0,Evora
2025-07-28 21:00:00,28.0,46,0.0,18.2,Evora
2025-07-28 22:00:00,27.0,47,0.0,16.7,Evora
2025-07-28 23:00:00,26.1,48,0.0,15.5,Evora
2025-07-29 00:00:00,26.0,46,0.0,15.8,Evora
2025-07-29 01:00:00,25.6,44,0.0,13.8,Evora
2025-07-29 02:00:00,25.2,40,0.0,13.0,Evora
2025-07-29 03:00:00,24.5,40,0.0,11.7,Evora
2025-07-29 04:00:00,23.9,41,0.0,11.8,Evora
2025-07-29 05:00:00,23.6,42,0.0,11.5,Evora
2025-07-29 06:00:00,23.7,42,0.0,12.4,Evora
2025-07-29 07:00:00,25.6,39,0.0,15.5,Evora
2025-07-29 08:00:00,27.4,34,0.0,17.9,Evora
2025-07-29 09:00:00,29.0,31,0.0,19.7,Evora
2025-07-29 10:00:00,30.6,29,0.0,19.1,Evora
2025-07-29 11:00:00,32.1,27,0.0,17.1,Evora
2025-07-29 12:00:00,33.5,26,0.0,14.4,Evora
2025-07-29 13:00:00,33.9,30,0.0,10.3,Evora
2025-07-29 14:00:00,34.7,29,0.0,7.7,Evora
2025-07-29 15:00:00,34.9,28,0.0,6.2,Evora
2025-07-29 16:00:00,35.4,25,0.0,7.2,Evora
2025-07-29 17:00:00,35.3,24,0.0,4.8,Evora
2025-07-29 18:00:00,34.4,26,0.0,3.2,Evora
2025-07-29 19:00:00,33.7,28,0.0,5.8,Evora
2025-07-29 20:00:00,29.8,37,0.0,15.8,Evora
2025-07-29 21:00:00,27.2,44,0.0,11.0,Evora
2025-07-29 22:00:00,25.9,46,0.0,11.5,Evora
2025-07-29 23:00:00,25.5,46,0.0,10.6,Evora
2025-07-30 00:00:00,24.6,50,0.0,5.3,Evora
2025-07-30 01:00:00,24.0,51,0.0,1.3,Evora
2025-07-30 02:00:00,23.1,50,0.0,6.6,Evora
2025-07-30 03:00:00,22.7,49,0.0,5.7,Evora
2025-07-30 04:00:00,22.6,42,0.0,6.4,Evora
2025-07-30 05:00:00,22.0,42,0.0,6.1,Evora
2025-07-30 06:00:00,22.4,40,0.0,7.7,Evora
2025-07-30 07:00:00,24.0,38,0.0,11.6,Evora
2025-07-30 08:00:00,26.0,35,0.0,11.0,Evora
2025-07-30 09:00:00,28.3,34,0.0,10.9,Evora
2025-07-30 10:00:00,30.1,36,0.0,7.4,Evora
2025-07-30 11:00:00,32.1,33,0.0,4.8,Evora
2025-07-30 12:00:00,33.9,27,0.0,4.7,Evora
2025-07-30 13:00:00,35.2,24,0.0,5.8,Evora
2025-07-30 14:00:00,36.4,19,0.0,6.7,Evora
2025-07-30 15:00:00,36.6,17,0.0,5.9,Evora
2025-07-30 16:00:00,36.6,16,0.0,4.4,Evora
2025-07-30 17:00:00,37.0,17,0.0,5.9,Evora
2025-07-30 18:00:00,36.1,18,0.0,6.7,Evora
2025-07-30 19:00:00,31.4,37,0.0,18.4,Evora
2025-07-30 20:00:00,29.6,39,0.0,19.9,Evora
2025-07-30 21:00:00,29.6,33,0.0,16.8,Evora
2025-07-30 22:00:00,28.6,32,0.0,13.2,Evora
2025-07-30 23:00:00,28.4,30,0.0,16.5,Evora
2025-07-31 00:00:00,27.6,32,0.0,12.8,Evora
2025-07-31 01:00:00,25.0,41,0.0,3.8,Evora
2025-07-31 02:00:00,24.0,42,0.0,5.6,Evora
2025-07-31 03:00:00,23.8,42,0.0,7.0,Evora
2025-07-31 04:00:00,22.7,46,0.0,2.7,Evora
2025-07-31 05:00:00,21.0,53,0.0,4.7,Evora
2025-07-31 06:00:00,20.5,64,0.0,5.2,Evora
2025-07-31 07:00:00,22.7,59,0.0,7.8,Evora
2025-07-31 08:00:00,25.5,49,0.0,8.7,Evora
2025-07-31 09:00:00,28.2,42,0.0,12.5,Evora
2025-07-31 10:00:00,30.5,35,0.0,13.0,Evora
2025-07-31 11:00:00,32.3,31,0.0,11.8,Evora
2025-07-31 12:00:00,33.6,29,0.0,10.0,Evora
2025-07-31 13:00:00,34.9,27,0.0,8.5,Evora
2025-07-31 14:00:00,35.7,26,0.0,8.0,Evora
2025-07-31 15:00:00,35.6,26,0.0,9.7,Evora
2025-07-31 16:00:00,34.9,26,0.0,12.3,Evora
2025-07-31 17:00:00,33.8,28,0.0,16.4,Evora
2025-07-31 18:00:00,32.3,29,0.0,16.0,Evora
2025-07-31 19:00:00,30.1,32,0.0,16.6,Evora
2025-07-31 20:00:00,27.6,37,0.0,15.5,Evora
2025-07-31 21:00:00,26.1,41,0.0,13.2,Evora
2025-07-31 22:00:00,25.1,46,0.0,8.7,Evora
2025-07-31 23:00:00,24.1,51,0.0,8.1,Evora
2025-08-01 00:00:00,23.4,55,0.0,7.6,Evora
2025-08-01 01:00:00,22.1,65,0.0,7.3,Evora
2025-08-01 02:00:00,21.2,70,0.0,8.8,Evora
2025-08-01 03:00:00,20.4,74,0.0,8.3,Evora
2025-08-01 04:00:00,19.9,76,0.0,7.3,Evora
2025-08-01 05:00:00,19.6,78,0.0,7.5,Evora
2025-08-01 06:00:00,19.4,78,0.0,6.2,Evora
2025-08-01 07:00:00,21.1,71,0.0,3.9,Evora
2025-08-01 08:00:00,23.7,60,0.0,4.7,Evora
2025-08-01 09:00:00,26.6,48,0.0,5.9,Evora
2025-08-01 10:00:00,29.4,39,0.0,6.5,Evora
2025-08-01 11:00:00,31.8,32,0.0,7.1,Evora
2025-08-01 12:00:00,33.5,28,0.0,8.8,Evora
2025-08-01 13:00:00,34.6,28,0.0,9.6,Evora
2025-08-01 14:00:00,35.4,26,0.0,11.0,Evora
2025-08-01 15:00:00,35.6,25,0.0,11.3,Evora
2025-08-01 16:00:00,35.5,25,0.0,11.7,Evora
2025-08-01 17:00:00,34.8,26,0.0,12.6,Evora
2025-08-01 18:00:00,33.4,29,0.0,14.7,Evora
2025-08-01 19:00:00,31.7,33,0.0,13.9,Evora
2025-08-01 20:00:00,29.4,37,0.0,13.6,Evora
2025-08-01 21:00:00,27.3,43,0.0,13.5,Evora
2025-08-01 22:00:00,25.4,47,0.0,11.7,Evora
2025-08-01 23:00:00,24.0,50,0.0,11.0,Evora
2025-08-02 00:00:00,22.9,53,0.0,7.7,Evora
2025-08-02 01:00:00,21.3,65,0.0,3.1,Evora
2025-08-02 02:00:00,20.5,68,0.0,3.4,Evora
2025-08-02 03:00:00,20.2,71,0.0,0.4,Evora
2025-08-02 04:00:00,19.7,73,0.0,1.0,Evora
2025-08-02 05:00:00,19.4,75,0.0,0.5,Evora
2025-08-02 06:00:00,19.1,78,0.0,1.3,Evora
2025-08-02 07:00:00,21.3,67,0.0,3.9,Evora
2025-08-02 08:00:00,24.0,55,0.0,3.6,Evora
2025-08-02 09:00:00,27.1,42,0.0,3.6,Evora
2025-08-02 10:00:00,30.1,33,0.0,5.0,Evora
2025-08-02 11:00:00,32.2,29,0.0,5.5,Evora
2025-08-02 12:00:00,33.8,27,0.0,4.5,Evora
2025-08-02 13:00:00,35.3,25,0.0,4.4,Evora
2025-08-02 14:00:00,36.1,23,0.0,7.0,Evora
2025-08-02 15:00:00,36.3,21,0.0,8.0,Evora
2025-08-02 16:00:00,36.5,19,0.0,7.5,Evora
2025-08-02 17:00:00,36.5,17,0.0,6.1,Evora
2025-08-02 18:00:00,35.8,18,0.0,6.2,Evora
2025-08-02 19:00:00,33.3,28,0.0,10.3,Evora
2025-08-02 20:00:00,30.9,33,0.0,16.9,Evora
2025-08-02 21:00:00,28.7,42,0.0,17.8,Evora
2025-08-02 22:00:00,27.6,36,0.0,18.6,Evora
2025-08-02 23:00:00,26.7,39,0.0,18.3,Evora
2025-08-03 00:00:00,26.1,41,0.0,12.2,Evora
2025-08-03 01:00:00,25.5,41,0.0,12.6,Evora
2025-08-03 02:00:00,25.1,41,0.0,13.8,Evora
2025-08-03 03:00:00,24.8,41,0.0,13.1,Evora
2025-08-03 04:00:00,24.7,40,0.0,13.5,Evora
2025-08-03 05:00:00,24.9,40,0.0,12.2,Evora
2025-08-03 06:00:00,24.1,43,0.0,8.2,Evora
2025-08-03 07:00:00,25.2,43,0.0,9.0,Evora
2025-08-03 08:00:00,27.9,39,0.0,7.7,Evora
2025-08-03 09:00:00,30.8,34,0.0,9.1,Evora
2025-08-03 10:00:00,33.4,29,0.0,7.0,Evora
2025-08-03 11:00:00,35.6,25,0.0,4.9,Evora
2025-08-03 12:00:00,37.3,21,0.0,5.0,Evora
2025-08-03 13:00:00,38.3,18,0.0,7.9,Evora
2025-08-03 14:00:00,38.9,16,0.0,10.8,Evora
2025-08-03 15:00:00,39.0,13,0.0,11.0,Evora
2025-08-03 16:00:00,38.7,11,0.0,9.2,Evora
2025-08-03 17:00:00,38.3,9,0.0,8.3,Evora
2025-08-03 18:00:00,37.9,10,0.0,11.9,Evora
2025-08-03 19:00:00,35.1,26,0.0,1.3,Evora
2025-08-03 20:00:00,32.2,22,0.0,10.4,Evora
2025-08-03 21:00:00,30.1,35,0.0,9.9,Evora
2025-08-03 22:00:00,27.9,41,0.0,11.1,Evora
2025-08-03 23:00:00,26.1,46,0.0,8.8,Evora
2025-08-04 00:00:00,24.4,52,0.0,10.5,Evora
2025-08-04 01:00:00,23.5,55,0.0,11.1,Evora
2025-08-04 02:00:00,23.1,54,0.0,11.2,Evora
2025-08-04 03:00:00,23.1,51,0.0,13.3,Evora
2025-08-04 04:00:00,23.1,62,0.0,12.9,Evora
2025-08-04 05:00:00,22.5,73,0.0,11.7,Evora
2025-08-04 06:00:00,22.1,77,0.0,10.7,Evora
2025-08-04 07:00:00,23.7,70,0.0,11.3,Evora
2025-08-04 08:00:00,25.4,65,0.0,9.6,Evora
2025-08-04 09:00:00,27.4,58,0.0,7.9,Evora
2025-08-04 10:00:00,29.5,51,0.0,7.8,Evora
2025-08-04 11:00:00,31.6,44,0.0,9.6,Evora
2025-08-04 12:00:00,33.4,38,0.0,9.7,Evora
2025-08-04 13:00:00,34.8,34,0.0,9.8,Evora
2025-08-04 14:00:00,35.7,31,0.0,10.0,Evora
2025-08-04 15:00:00,36.3,29,0.0,9.0,Evora
2025-08-04 16:00:00,36.5,28,0.0,7.6,Evora
2025-08-04 17:00:00,36.3,28,0.0,6.7,Evora
2025-08-04 18:00:00,35.7,29,0.0,6.9,Evora
2025-08-04 19:00:00,33.2,38,0.0,13.2,Evora
2025-08-04 20:00:00,30.1,51,0.0,14.9,Evora
2025-08-04 21:00:00,29.0,54,0.0,12.1,Evora
2025-08-04 22:00:00,27.8,57,0.0,10.4,Evora
2025-08-04 23:00:00,26.4,63,0.0,8.6,Evora
2025-08-05 00:00:00,25.6,65,0.0,8.9,Evora
2025-08-05 01:00:00,24.8,67,0.0,8.3,Evora
2025-08-05 02:00:00,24.0,70,0.0,7.3,Evora
2025-08-05 03:00:00,23.4,73,0.0,6.5,Evora
2025-08-05 04:00:00,22.8,75,0.0,6.1,Evora
2025-08-05 05:00:00,22.1,78,0.0,5.9,Evora
2025-08-05 06:00:00,21.6,80,0.0,6.9,Evora
2025-08-05 07:00:00,23.3,73,0.0,6.0,Evora
2025-08-05 08:00:00,26.5,60,0.0,6.2,Evora
2025-08-05 09:00:00,29.1,48,0.0,9.5,Evora
2025-08-05 10:00:00,31.4,39,0.0,9.4,Evora
2025-08-05 11:00:00,33.2,35,0.0,9.1,Evora
2025-08-05 12:00:00,34.6,33,0.0,8.5,Evora
2025-08-05 13:00:00,35.9,28,0.0,8.3,Evora
2025-08-05 14:00:00,37.0,23,0.0,8.1,Evora
2025-08-05 15:00:00,37.0,22,0.0,7.9,Evora
2025-08-05 16:00:00,37.3,20,0.0,8.9,Evora
2025-08-05 17:00:00,36.5,21,0.0,9.7,Evora
2025-08-05 18:00:00,32.5,39,0.0,17.8,Evora
2025-08-05 19:00:00,29.6,46,0.0,14.9,Evora
2025-08-05 20:00:00,26.9,53,0.0,15.9,Evora
2025-08-05 21:00:00,25.1,59,0.0,12.8,Evora
2025-08-05 22:00:00,23.9,61,0.0,10.4,Evora
2025-08-05 23:00:00,23.3,63,0.0,7.6,Evora
2025-08-06 00:00:00,22.6,65,0.0,5.1,Evora
2025-08-06 01:00:00,22.2,68,0.0,4.0,Evora
2025-08-06 02:00:00,21.7,70,0.0,6.1,Evora
2025-08-06 03:00:00,21.0,73,0.0,9.3,Evora
2025-08-06 04:00:00,19.9,80,0.0,9.4,Evora
2025-08-06 05:00:00,19.2,85,0.0,9.0,Evora
2025-08-06 06:00:00,19.0,88,0.0,8.5,Evora
2025-08-06 07:00:00,20.6,82,0.0,4.6,Evora
2025-08-06 08:00:00,23.2,71,0.0,3.4,Evora
2025-08-06 09:00:00,26.0,59,0.0,3.5,Evora
2025-08-06 10:00:00,28.3,53,0.0,4.0,Evora
2025-08-06 11:00:00,30.4,45,0.0,5.2,Evora
2025-08-06 12:00:00,32.2,38,0.0,4.1,Evora
2025-08-06 13:00:00,33.3,32,0.0,4.1,Evora
2025-08-06 14:00:00,34.4,28,0.0,5.2,Evora
2025-08-06 15:00:00,34.9,26,0.0,4.6,Evora
2025-08-06 16:00:00,35.3,23,0.0,5.3,Evora
2025-08-06 17:00:00,35.0,24,0.0,7.0,Evora
2025-08-06 18:00:00,32.9,34,0.0,13.8,Evora
2025-08-06 19:00:00,28.3,53,0.0,14.3,Evora
2025-08-06 20:00:00,26.5,59,0.0,13.6,Evora
2025-08-06 21:00:00,25.0,65,0.0,10.6,Evora
2025-08-06 22:00:00,23.1,71,0.0,9.6,Evora
2025-08-06 23:00:00,22.1,75,0.0,8.7,Evora
2025-08-07 00:00:00,21.4,78,0.0,7.6,Evora
2025-08-07 01:00:00,20.2,83,0.0,3.6,Evora
2025-08-07 02:00:00,19.8,85,0.0,4.9,Evora
2025-08-07 03:00:00,19.0,89,0.0,5.9,Evora
2025-08-07 04:00:00,18.0,96,0.0,5.0,Evora
2025-08-07 05:00:00,17.5,99,0.0,4.5,Evora
2025-08-07 06:00:00,17.4,98,0.0,5.1,Evora
2025-08-07 07:00:00,18.6,90,0.0,5.2,Evora
2025-08-07 08:00:00,20.5,80,0.0,3.1,Evora
2025-08-07 09:00:00,23.7,65,0.0,2.5,Evora
2025-08-07 10:00:00,26.6,54,0.0,2.6,Evora
2025-08-07 11:00:00,28.9,46,0.0,3.2,Evora
2025-08-07 12:00:00,30.9,37,0.0,4.5,Evora
2025-08-07 13:00:00,31.2,31,0.0,7.6,Evora
2025-08-07 14:00:00,32.2,28,0.0,9.0,Evora
2025-08-07 15:00:00,32.5,26,0.0,9.8,Evora
2025-08-07 16:00:00,32.5,26,0.0,9.9,Evora
2025-08-07 17:00:00,32.5,25,0.0,8.1,Evora
2025-08-07 18:00:00,30.9,32,0.0,11.2,Evora
2025-08-07 19:00:00,27.7,47,0.0,14.5,Evora
2025-08-07 20:00:00,25.5,54,0.0,13.5,Evora
2025-08-07 21:00:00,24.1,61,0.0,12.3,Evora
2025-08-07 22:00:00,22.6,68,0.0,8.8,Evora
2025-08-07 23:00:00,21.5,72,0.0,6.9,Evora
2025-08-08 00:00:00,20.5,76,0.0,5.1,Evora
2025-08-08 01:00:00,19.3,82,0.0,3.7,Evora
2025-08-08 02:00:00,18.5,86,0.0,3.5,Evora
2025-08-08 03:00:00,17.9,90,0.0,3.4,Evora
2025-08-08 04:00:00,17.3,93,0.0,1.2,Evora
2025-08-08 05:00:00,16.6,97,0.0,2.2,Evora
2025-08-08 06:00:00,16.6,98,0.0,5.5,Evora
2025-08-08 07:00:00,18.1,90,0.0,5.6,Evora
2025-08-08 08:00:00,20.6,77,0.0,3.9,Evora
2025-08-08 09:00:00,23.1,67,0.0,3.8,Evora
2025-08-08 10:00:00,25.3,58,0.0,5.2,Evora
2025-08-08 11:00:00,27.2,48,0.0,6.6,Evora
2025-08-08 12:00:00,28.9,37,0.0,7.6,Evora
2025-08-08 13:00:00,30.0,33,0.0,7.2,Evora
2025-08-08 14:00:00,31.0,29,0.0,7.7,Evora
2025-08-08 15:00:00,31.6,27,0.0,7.9,Evora
2025-08-08 16:00:00,31.7,27,0.0,7.0,Evora
2025-08-08 17:00:00,31.3,27,0.0,4.4,Evora
2025-08-08 18:00:00,31.3,26,0.0,2.0,Evora
2025-08-08 19:00:00,29.4,30,0.0,8.1,Evora
2025-08-08 20:00:00,26.0,44,0.0,13.9,Evora
2025-08-08 21:00:00,24.7,52,0.0,14.1,Evora
2025-08-08 22:00:00,23.7,58,0.0,15.4,Evora
2025-08-08 23:00:00,22.6,65,0.0,8.1,Evora
2025-08-09 00:00:00,21.5,72,0.0,5.3,Evora
2025-08-09 01:00:00,21.1,72,0.0,5.2,Evora
2025-08-09 02:00:00,20.2,76,0.0,3.0,Evora
2025-08-09 03:00:00,19.4,79,0.0,3.0,Evora
2025-08-09 04:00:00,18.7,81,0.0,3.5,Evora
2025-08-09 05:00:00,18.4,82,0.0,4.5,Evora
2025-08-09 06:00:00,18.6,81,0.0,5.8,Evora
2025-08-09 07:00:00,21.2,70,0.0,7.9,Evora
2025-08-09 08:00:00,24.4,58,0.0,4.8,Evora
2025-08-09 09:00:00,27.1,47,0.0,6.0,Evora
2025-08-09 10:00:00,29.6,36,0.0,8.4,Evora
2025-08-09 11:00:00,31.6,34,0.0,8.7,Evora
2025-08-09 12:00:00,33.3,31,0.0,7.6,Evora
2025-08-09 13:00:00,34.5,28,0.0,9.9,Evora
2025-08-09 14:00:00,35.0,27,0.0,12.1,Evora
2025-08-09 15:00:00,35.1,27,0.0,9.0,Evora
2025-08-09 16:00:00,35.6,26,0.0,6.0,Evora
2025-08-09 17:00:00,35.5,25,0.0,5.3,Evora
2025-08-09 18:00:00,34.8,25,0.0,8.0,Evora
2025-08-09 19:00:00,33.0,28,0.0,6.6,Evora
2025-08-09 20:00:00,29.7,37,0.0,15.8,Evora
2025-08-09 21:00:00,27.2,49,0.0,14.2,Evora
2025-08-09 22:00:00,25.8,53,0.0,9.6,Evora
2025-08-09 23:00:00,24.8,55,0.0,8.5,Evora
2025-08-10 00:00:00,23.7,57,0.0,5.7,Evora
2025-08-10 01:00:00,22.3,61,0.0,4.5,Evora
2025-08-10 02:00:00,21.9,62,0.0,2.2,Evora
2025-08-10 03:00:00,21.2,64,0.0,3.1,Evora
2025-08-10 04:00:00,20.6,66,0.0,3.9,Evora
2025-08-10 05:00:00,20.1,68,0.0,4.4,Evora
2025-08-10 06:00:00,20.0,72,0.0,2.6,Evora
2025-08-10 07:00:00,22.3,63,0.0,3.5,Evora
2025-08-10 08:00:00,26.1,52,0.0,2.9,Evora
2025-08-10 09:00:00,29.6,40,0.0,3.7,Evora
2025-08-10 10:00:00,32.6,32,0.0,5.9,Evora
2025-08-10 11:00:00,34.7,27,0.0,9.3,Evora
2025-08-10 12:00:00,36.4,23,0.0,10.9,Evora
2025-08-10 13:00:00,37.4,19,0.0,11.7,Evora
2025-08-10 14:00:00,37.9,18,0.0,11.2,Evora
2025-08-10 15:00:00,38.1,18,0.0,10.0,Evora
2025-08-10 16:00:00,38.0,18,0.0,8.3,Evora
2025-08-10 17:00:00,37.9,17,0.0,7.9,Evora
2025-08-10 18:00:00,35.5,24,0.0,14.7,Evora
2025-08-10 19:00:00,31.9,36,0.0,15.5,Evora
2025-08-10 20:00:00,30.2,38,0.0,11.4,Evora
2025-08-10 21:00:00,28.3,41,0.0,10.0,Evora
2025-08-10 22:00:00,26.8,45,0.0,10.6,Evora
2025-08-10 23:00:00,25.8,49,0.0,10.5,Evora
2025-08-11 00:00:00,24.7,53,0.0,7.3,Evora
2025-08-11 01:00:00,23.7,52,0.0,6.3,Evora
2025-08-11 02:00:00,22.8,55,0.0,6.0,Evora
2025-08-11 03:00:00,22.0,59,0.0,5.3,Evora
2025-08-11 04:00:00,21.7,62,0.0,6.9,Evora
2025-08-11 05:00:00,21.5,63,0.0,6.2,Evora
2025-08-11 06:00:00,21.1,66,0.0,5.6,Evora
2025-08-11 07:00:00,23.7,57,0.0,7.6,Evora
2025-08-11 08:00:00,26.8,47,0.0,4.7,Evora
2025-08-11 09:00:00,30.5,37,0.0,4.3,Evora
2025-08-11 10:00:00,33.8,29,0.0,3.8,Evora
2025-08-11 11:00:00,36.1,23,0.0,5.0,Evora
2025-08-11 12:00:00,37.6,20,0.0,4.1,Evora
2025-08-11 13:00:00,38.8,19,0.0,3.7,Evora
2025-08-11 14:00:00,39.8,18,0.0,6.0,Evora
2025-08-11 15:00:00,40.2,17,0.0,7.8,Evora
2025-08-11 16:00:00,40.1,16,0.0,8.8,Evora
2025-08-11 17:00:00,39.7,16,0.0,8.8,Evora
2025-08-11 18:00:00,38.7,18,0.0,4.6,Evora
2025-08-11 19:00:00,36.0,22,0.0,6.0,Evora
2025-08-11 20:00:00,34.0,25,0.0,14.7,Evora
2025-08-11 21:00:00,32.3,26,0.0,9.4,Evora
2025-08-11 22:00:00,30.6,28,0.0,7.5,Evora
2025-08-11 23:00:00,29.0,31,0.0,6.9,Evora
2025-08-12 00:00:00,27.8,36,0.0,6.5,Evora
2025-08-12 01:00:00,26.9,41,0.0,4.9,Evora
2025-08-12 02:00:00,26.0,46,0.0,4.7,Evora
2025-08-12 03:00:00,25.7,49,0.0,2.2,Evora
2025-08-12 04:00:00,25.2,52,0.0,2.7,Evora
2025-08-12 05:00:00,25.5,55,0.0,0.6,Evora
2025-08-12 06:00:00,24.7,55,0.0,1.9,Evora
2025-08-12 07:00:00,26.3,50,0.0,4.0,Evora
2025-08-12 08:00:00,29.6,42,0.0,2.8,Evora
2025-08-12 09:00:00,33.7,31,0.0,1.5,Evora
2025-08-12 10:00:00,35.7,23,0.0,2.8,Evora
2025-08-12 11:00:00,37.5,19,0.0,5.9,Evora
2025-08-12 12:00:00,38.8,17,0.0,8.9,Evora
2025-08-12 13:00:00,40.5,14,0.0,11.1,Evora
2025-08-12 14:00:00,41.1,13,0.0,7.1,Evora
2025-08-12 15:00:00,40.8,13,0.0,6.1,Evora
2025-08-12 16:00:00,36.8,23,0.0,20.9,Evora
2025-08-12 17:00:00,36.1,20,0.0,22.0,Evora
2025-08-12 18:00:00,36.3,20,0.0,7.8,Evora
2025-08-12 19:00:00,34.5,24,0.0,6.0,Evora
2025-08-12 20:00:00,31.8,27,0.0,6.2,Evora
2025-08-12 21:00:00,28.6,41,0.0,21.1,Evora
2025-08-12 22:00:00,27.4,45,0.0,18.9,Evora
2025-08-12 23:00:00,26.6,45,0.0,13.1,Evora
2025-08-13 00:00:00,25.8,46,0.0,12.0,Evora
2025-08-13 01:00:00,27.6,34,0.0,14.6,Evora
2025-08-13 02:00:00,26.9,36,0.0,12.3,Evora
2025-08-13 03:00:00,26.1,37,0.0,7.4,Evora
2025-08-13 04:00:00,25.3,39,0.0,7.0,Evora
2025-08-13 05:00:00,25.0,40,0.0,5.9,Evora
2025-08-13 06:00:00,24.4,43,0.0,4.3,Evora
2025-08-13 07:00:00,26.5,39,0.0,6.7,Evora
2025-08-13 08:00:00,29.7,33,0.0,5.6,Evora
2025-08-13 09:00:00,31.9,28,0.0,7.8,Evora
2025-08-13 10:00:00,33.8,25,0.0,9.6,Evora
2025-08-13 11:00:00,35.7,21,0.0,12.2,Evora
2025-08-13 12:00:00,36.9,20,0.0,11.6,Evora
2025-08-13 13:00:00,38.0,20,0.0,11.3,Evora
2025-08-13 14:00:00,38.8,18,0.0,10.7,Evora
2025-08-13 15:00:00,39.5,15,0.0,13.0,Evora
2025-08-13 16:00:00,39.3,15,0.0,21.2,Evora
2025-08-13 17:00:00,37.1,20,0.0,17.4,Evora
2025-08-13 18:00:00,35.6,24,0.0,16.2,Evora
2025-08-13 19:00:00,33.9,26,0.0,13.3,Evora
2025-08-13 20:00:00,31.5,32,0.0,10.3,Evora
2025-08-13 21:00:00,29.5,41,0.0,7.9,Evora
2025-08-13 22:00:00,27.8,48,0.0,5.6,Evora
2025-08-13 23:00:00,26.5,54,0.0,3.7,Evora
2025-08-14 00:00:00,25.5,58,0.0,3.3,Evora
2025-08-14 01:00:00,24.3,61,0.0,3.5,Evora
2025-08-14 02:00:00,23.9,63,0.0,1.9,Evora
2025-08-14 03:00:00,23.8,63,0.0,2.4,Evora
2025-08-14 04:00:00,23.2,65,0.0,2.4,Evora
2025-08-14 05:00:00,22.6,65,0.0,2.7,Evora
2025-08-14 06:00:00,22.1,63,0.0,4.5,Evora
2025-08-14 07:00:00,24.5,51,0.0,6.6,Evora
2025-08-14 08:00:00,28.0,40,0.0,3.9,Evora
2025-08-14 09:00:00,30.4,31,0.0,5.8,Evora
2025-08-14 10:00:00,32.4,28,0.0,6.9,Evora
2025-08-14 11:00:00,34.5,24,0.0,9.3,Evora
2025-08-14 12:00:00,36.5,19,0.0,12.4,Evora
2025-08-14 13:00:00,36.9,19,0.0,14.2,Evora
2025-08-14 14:00:00,37.9,17,0.0,15.6,Evora
2025-08-14 15:00:00,38.2,16,0.0,16.6,Evora
2025-08-14 16:00:00,38.1,16,0.0,15.7,Evora
2025-08-14 17:00:00,36.9,18,0.0,15.7,Evora
2025-08-14 18:00:00,35.8,20,0.0,17.4,Evora
2025-08-14 19:00:00,34.4,21,0.0,14.7,Evora
2025-08-14 20:00:00,31.1,27,0.0,7.5,Evora
2025-08-14 21:00:00,27.9,41,0.0,6.4,Evora
2025-08-14 22:00:00,25.9,53,0.0,6.1,Evora
2025-08-14 23:00:00,24.3,61,0.0,4.0,Evora
2025-08-15 00:00:00,23.3,67,0.0,3.2,Evora
2025-08-15 01:00:00,22.7,69,0.0,1.6,Evora
2025-08-15 02:00:00,22.1,72,0.0,2.7,Evora
2025-08-15 03:00:00,21.6,74,0.0,2.5,Evora
2025-08-15 04:00:00,21.1,75,0.0,3.0,Evora
2025-08-15 05:00:00,20.9,73,0.0,4.4,Evora
2025-08-15 06:00:00,20.7,71,0.0,5.6,Evora
2025-08-15 07:00:00,23.2,60,0.0,8.3,Evora
2025-08-15 08:00:00,25.6,52,0.0,7.4,Evora
2025-08-15 09:00:00,27.9,45,0.0,8.7,Evora
2025-08-15 10:00:00,30.1,38,0.0,9.3,Evora
2025-08-15 11:00:00,32.8,31,0.0,11.0,Evora
2025-08-15 12:00:00,34.7,27,0.0,14.4,Evora
2025-08-15 13:00:00,35.8,26,0.0,12.6,Evora
2025-08-15 14:00:00,36.9,24,0.0,11.7,Evora
2025-08-15 15:00:00,37.6,23,0.0,11.0,Evora
2025-08-15 16:00:00,37.5,24,0.0,9.4,Evora
2025-08-15 17:00:00,36.5,29,0.0,9.7,Evora
2025-08-15 18:00:00,33.2,40,0.0,15.9,Evora
2025-08-15 19:00:00,30.3,45,0.0,13.7,Evora
2025-08-15 20:00:00,28.4,46,0.0,11.7,Evora
2025-08-15 21:00:00,26.9,48,0.0,9.4,Evora
2025-08-15 22:00:00,25.8,50,0.0,7.3,Evora
2025-08-15 23:00:00,24.9,51,0.0,7.3,Evora
2025-08-16 00:00:00,23.8,57,0.0,5.7,Evora
2025-08-16 01:00:00,22.9,67,0.0,6.6,Evora
2025-08-16 02:00:00,22.1,70,0.0,6.2,Evora
2025-08-16 03:00:00,21.4,72,0.0,5.9,Evora
2025-08-16 04:00:00,20.7,74,0.0,7.0,Evora
2025-08-16 05:00:00,20.0,76,0.0,7.9,Evora
2025-08-16 06:00:00,19.7,78,0.0,8.1,Evora
2025-08-16 07:00:00,21.3,72,0.0,7.7,Evora
2025-08-16 08:00:00,24.9,59,0.0,5.2,Evora
2025-08-16 09:00:00,28.8,46,0.0,7.7,Evora
2025-08-16 10:00:00,31.7,37,0.0,5.4,Evora
2025-08-16 11:00:00,34.6,28,0.0,0.3,Evora
2025-08-16 12:00:00,36.3,23,0.0,1.1,Evora
2025-08-16 13:00:00,37.9,20,0.0,6.2,Evora
2025-08-16 14:00:00,38.3,20,0.0,7.1,Evora
2025-08-16 15:00:00,38.9,19,0.0,7.1,Evora
2025-08-16 16:00:00,39.5,17,0.0,10.2,Evora
2025-08-16 17:00:00,39.1,18,0.0,11.1,Evora
2025-08-16 18:00:00,38.5,18,0.0,0.8,Evora
2025-08-16 19:00:00,35.5,29,0.0,4.0,Evora
2025-08-16 20:00:00,32.8,30,0.0,1.7,Evora
2025-08-16 21:00:00,30.7,32,0.0,13.8,Evora
2025-08-16 22:00:00,29.0,38,0.0,12.8,Evora
2025-08-16 23:00:00,27.7,43,0.0,9.2,Evora
2025-08-17 00:00:00,26.3,47,0.0,11.1,Evora
2025-08-17 01:00:00,25.8,48,0.0,11.9,Evora
2025-08-17 02:00:00,25.2,47,0.0,10.3,Evora
2025-08-17 03:00:00,24.7,47,0.0,10.8,Evora
2025-08-17 04:00:00,23.7,49,0.0,11.0,Evora
2025-08-17 05:00:00,22.9,49,0.0,9.4,Evora
2025-08-17 06:00:00,22.3,49,0.0,9.0,Evora
2025-08-17 07:00:00,23.5,47,0.0,8.8,Evora
2025-08-17 08:00:00,25.9,41,0.0,7.8,Evora
2025-08-17 09:00:00,29.3,33,0.0,8.4,Evora
2025-08-17 10:00:00,32.6,26,0.0,8.2,Evora
2025-08-17 11:00:00,34.9,24,0.0,5.7,Evora
2025-08-17 12:00:00,36.3,22,0.0,5.1,Evora
2025-08-17 13:00:00,36.9,21,0.0,7.3,Evora
2025-08-17 14:00:00,37.7,19,0.0,9.2,Evora
2025-08-17 15:00:00,37.4,18,0.0,11.9,Evora
2025-08-17 16:00:00,37.0,18,0.0,14.1,Evora
2025-08-17 17:00:00,35.6,20,0.0,16.4,Evora
2025-08-17 18:00:00,33.7,22,0.0,17.2,Evora
2025-08-17 19:00:00,31.5,26,0.0,16.2,Evora
2025-08-17 20:00:00,28.6,33,0.0,16.8,Evora
2025-08-17 21:00:00,26.8,35,0.0,19.2,Evora
2025-08-17 22:00:00,24.8,37,0.0,18.7,Evora
2025-08-17 23:00:00,23.4,37,0.0,17.5,Evora
2025-08-18 00:00:00,22.4,39,0.0,18.3,Evora
2025-08-18 01:00:00,20.9,47,0.0,19.1,Evora
2025-08-18 02:00:00,20.1,52,0.0,19.0,Evora
2025-08-18 03:00:00,19.8,55,0.0,18.8,Evora
2025-08-18 04:00:00,19.7,53,0.0,18.3,Evora
2025-08-18 05:00:00,19.5,54,0.0,18.3,Evora
2025-08-18 06:00:00,19.3,57,0.0,18.6,Evora
2025-08-18 07:00:00,19.6,60,0.0,17.8,Evora
2025-08-18 08:00:00,21.0,59,0.0,16.9,Evora
2025-08-18 09:00:00,22.7,54,0.0,17.2,Evora
2025-08-18 10:00:00,24.0,50,0.0,16.2,Evora
2025-08-18 11:00:00,27.0,39,0.0,17.0,Evora
2025-08-18 12:00:00,29.4,32,0.0,18.4,Evora
2025-08-18 13:00:00,30.2,32,0.0,15.3,Evora
2025-08-18 14:00:00,30.6,30,0.0,15.5,Evora
2025-08-18 15:00:00,30.6,31,0.0,15.1,Evora
2025-08-18 16:00:00,30.9,31,0.0,16.0,Evora
2025-08-18 17:00:00,30.1,33,0.0,18.6,Evora
2025-08-18 18:00:00,27.9,41,0.0,20.9,Evora
2025-08-18 19:00:00,25.7,45,0.0,19.9,Evora
2025-08-18 20:00:00,23.4,55,0.0,20.6,Evora
2025-08-18 21:00:00,21.7,61,0.0,20.1,Evora
2025-08-18 22:00:00,20.3,64,0.0,20.0,Evora
2025-08-18 23:00:00,19.2,65,0.0,20.0,Evora
2025-08-19 00:00:00,18.4,69,0.0,20.6,Evora
2025-08-19 01:00:00,17.5,77,0.0,19.8,Evora
2025-08-19 02:00:00,17.0,82,0.0,21.0,Evora
2025-08-19 03:00:00,16.7,86,0.0,21.0,Evora
2025-08-19 04:00:00,16.5,89,0.0,21.6,Evora
2025-08-19 05:00:00,16.4,90,0.0,21.7,Evora
2025-08-19 06:00:00,16.2,91,0.0,21.1,Evora
2025-08-19 07:00:00,17.1,86,0.0,18.5,Evora
2025-08-19 08:00:00,19.0,74,0.0,19.7,Evora
2025-08-19 09:00:00,21.5,60,0.0,19.4,Evora
2025-08-19 10:00:00,23.6,52,0.0,20.3,Evora
2025-08-19 11:00:00,25.7,42,0.0,20.0,Evora
2025-08-19 12:00:00,27.4,35,0.0,18.8,Evora
2025-08-19 13:00:00,28.8,30,0.0,17.4,Evora
2025-08-19 14:00:00,29.8,26,0.0,18.2,Evora
2025-08-19 15:00:00,30.1,25,0.0,19.2,Evora
2025-08-19 16:00:00,29.7,25,0.0,21.1,Evora
2025-08-19 17:00:00,28.3,28,0.0,23.1,Evora
2025-08-19 18:00:00,25.9,37,0.0,24.7,Evora
2025-08-19 19:00:00,23.3,47,0.0,24.9,Evora
2025-08-19 20:00:00,21.4,59,0.0,25.1,Evora
2025-08-19 21:00:00,19.9,69,0.0,25.3,Evora
2025-08-19 22:00:00,18.9,75,0.0,23.8,Evora
2025-08-19 23:00:00,18.2,78,0.0,23.0,Evora
2025-08-20 00:00:00,17.7,80,0.0,22.0,Evora
2025-08-20 01:00:00,17.2,84,0.0,23.0,Evora
2025-08-20 02:00:00,16.9,86,0.0,23.2,Evora
2025-08-20 03:00:00,16.7,87,0.0,22.0,Evora
2025-08-20 04:00:00,16.5,89,0.0,21.3,Evora
2025-08-20 05:00:00,16.3,89,0.0,20.4,Evora
2025-08-20 06:00:00,16.3,90,0.0,20.0,Evora
2025-08-20 07:00:00,17.2,85,0.0,19.7,Evora
2025-08-20 08:00:00,19.0,74,0.0,20.5,Evora
2025-08-20 09:00:00,21.2,62,0.0,19.6,Evora
2025-08-20 10:00:00,23.2,53,0.0,18.8,Evora
2025-08-20 11:00:00,25.1,45,0.0,17.1,Evora
2025-08-20 12:00:00,27.0,37,0.0,17.1,Evora
2025-08-20 13:00:00,28.3,33,0.0,17.5,Evora
2025-08-20 14:00:00,29.2,29,0.0,17.7,Evora
2025-08-20 15:00:00,29.9,26,0.0,17.9,Evora
2025-08-20 16:00:00,30.0,26,0.0,18.9,Evora
2025-08-20 17:00:00,28.9,30,0.0,21.5,Evora
2025-08-20 18:00:00,26.7,36,0.0,23.7,Evora
2025-08-20 19:00:00,24.2,45,0.0,21.8,Evora
2025-08-20 20:00:00,22.2,53,0.0,22.5,Evora
2025-08-20 21:00:00,20.6,62,0.0,23.4,Evora
2025-08-20 22:00:00,19.3,68,0.0,22.4,Evora
2025-08-20 23:00:00,18.3,72,0.0,22.3,Evora
2025-08-21 00:00:00,17.8,74,0.0,22.4,Evora
2025-08-21 01:00:00,16.9,79,0.0,19.2,Evora
2025-08-21 02:00:00,16.4,82,0.0,18.1,Evora
2025-08-21 03:00:00,16.0,85,0.0,17.3,Evora
2025-08-21 04:00:00,15.7,88,0.0,16.7,Evora
2025-08-21 05:00:00,15.5,90,0.0,17.6,Evora
2025-08-21 06:00:00,15.3,92,0.0,19.0,Evora
2025-08-21 07:00:00,16.5,86,0.0,15.2,Evora
2025-08-21 08:00:00,18.8,75,0.0,12.2,Evora
2025-08-21 09:00:00,21.9,61,0.0,10.3,Evora
2025-08-21 10:00:00,24.8,49,0.0,9.0,Evora
2025-08-21 11:00:00,27.1,40,0.0,8.0,Evora
2025-08-21 12:00:00,28.6,35,0.0,7.6,Evora
2025-08-21 13:00:00,29.3,34,0.0,8.6,Evora
2025-08-21 14:00:00,30.2,30,0.0,9.8,Evora
2025-08-21 15:00:00,30.6,27,0.0,10.8,Evora
2025-08-21 16:00:00,30.6,26,0.0,11.9,Evora
2025-08-21 17:00:00,30.2,26,0.0,12.3,Evora
2025-08-21 18:00:00,28.9,30,0.0,14.4,Evora
2025-08-21 19:00:00,25.6,45,0.0,18.4,Evora
2025-08-21 20:00:00,23.6,51,0.0,17.8,Evora
2025-08-21 21:00:00,22.0,56,0.0,18.1,Evora
2025-08-21 22:00:00,20.9,61,0.0,17.8,Evora
2025-08-21 23:00:00,20.0,66,0.0,15.9,Evora
2025-08-22 00:00:00,19.4,69,0.0,14.2,Evora
2025-08-22 01:00:00,18.2,77,0.0,11.4,Evora
2025-08-22 02:00:00,17.4,83,0.0,10.9,Evora
2025-08-22 03:00:00,16.8,90,0.0,9.7,Evora
2025-08-22 04:00:00,16.4,95,0.0,6.4,Evora
2025-08-22 05:00:00,16.2,97,0.0,4.0,Evora
2025-08-22 06:00:00,16.0,98,0.0,3.7,Evora
2025-08-22 07:00:00,16.5,95,0.0,4.2,Evora
2025-08-22 08:00:00,19.1,80,0.0,3.0,Evora
2025-08-22 09:00:00,22.6,64,0.0,1.7,Evora
2025-08-22 10:00:00,25.9,50,0.0,1.8,Evora
2025-08-22 11:00:00,28.6,40,0.0,1.8,Evora
2025-08-22 12:00:00,30.5,33,0.0,2.2,Evora
2025-08-22 13:00:00,31.5,30,0.0,4.5,Evora
2025-08-22 14:00:00,32.3,26,0.0,5.3,Evora
2025-08-22 15:00:00,32.7,24,0.0,5.5,Evora
2025-08-22 16:00:00,32.9,23,0.0,6.6,Evora
2025-08-22 17:00:00,32.8,23,0.0,5.2,Evora
2025-08-22 18:00:00,32.3,24,0.0,6.5,Evora
2025-08-22 19:00:00,29.6,31,0.0,3.7,Evora
2025-08-22 20:00:00,26.9,46,0.0,14.3,Evora
2025-08-22 21:00:00,26.3,41,0.0,16.8,Evora
2025-08-22 22:00:00,24.9,43,0.0,15.3,Evora
2025-08-22 23:00:00,24.0,45,0.0,16.3,Evora
2025-08-23 00:00:00,23.2,47,0.0,15.3,Evora
2025-08-23 01:00:00,21.4,55,0.0,4.8,Evora
2025-08-23 02:00:00,20.3,59,0.0,4.4,Evora
2025-08-23 03:00:00,19.8,61,0.0,5.1,Evora
2025-08-23 04:00:00,19.1,64,0.0,4.8,Evora
2025-08-23 05:00:00,18.3,68,0.0,3.7,Evora
2025-08-23 06:00:00,17.9,70,0.0,4.4,Evora
2025-08-23 07:00:00,19.6,65,0.0,2.8,Evora
2025-08-23 08:00:00,22.6,54,0.0,3.8,Evora
2025-08-23 09:00:00,25.1,45,0.0,5.8,Evora
2025-08-23 10:00:00,27.4,40,0.0,8.5,Evora
2025-08-23 11:00:00,29.0,38,0.0,10.0,Evora
2025-08-23 12:00:00,30.4,34,0.0,10.2,Evora
2025-08-23 13:00:00,31.6,32,0.0,8.2,Evora
2025-08-23 14:00:00,32.5,30,0.0,7.7,Evora
2025-08-23 15:00:00,33.1,28,0.0,6.3,Evora
2025-08-23 16:00:00,33.0,28,0.0,5.7,Evora
2025-08-23 17:00:00,32.8,27,0.0,6.5,Evora
2025-08-23 18:00:00,31.0,32,0.0,15.3,Evora
2025-08-23 19:00:00,26.3,49,0.0,18.0,Evora
2025-08-23 20:00:00,25.3,47,0.0,20.1,Evora
2025-08-23 21:00:00,23.0,55,0.0,18.8,Evora
2025-08-23 22:00:00,21.8,62,0.0,9.0,Evora
2025-08-23 23:00:00,20.8,66,0.0,4.6,Evora
2025-08-24 00:00:00,20.1,69,0.0,6.9,Evora
2025-08-24 01:00:00,19.1,76,0.0,5.5,Evora
2025-08-24 02:00:00,18.5,79,0.0,8.7,Evora
2025-08-24 03:00:00,17.7,84,0.0,8.5,Evora
2025-08-24 04:00:00,17.0,89,0.0,5.9,Evora
2025-08-24 05:00:00,16.8,90,0.0,4.7,Evora
2025-08-24 06:00:00,16.3,93,0.0,3.2,Evora
2025-08-24 07:00:00,17.3,87,0.0,4.6,Evora
2025-08-24 08:00:00,18.9,78,0.0,3.6,Evora
2025-08-24 09:00:00,21.2,67,0.0,3.1,Evora
2025-08-24 10:00:00,24.1,54,0.0,3.6,Evora
2025-08-24 11:00:00,26.6,44,0.0,3.7,Evora
2025-08-24 12:00:00,28.8,37,0.0,3.5,Evora
2025-08-24 13:00:00,30.4,33,0.0,5.6,Evora
2025-08-24 14:00:00,31.3,30,0.0,7.3,Evora
2025-08-24 15:00:00,31.6,28,0.0,8.6,Evora
2025-08-24 16:00:00,31.4,29,0.0,9.0,Evora
2025-08-24 17:00:00,31.1,29,0.0,8.6,Evora
2025-08-24 18:00:00,30.2,31,0.0,9.7,Evora
2025-08-24 19:00:00,28.6,34,0.0,11.7,Evora
2025-08-24 20:00:00,25.4,48,0.0,18.9,Evora
2025-08-24 21:00:00,23.4,56,0.0,18.3,Evora
2025-08-24 22:00:00,21.7,64,0.0,17.0,Evora
2025-08-24 23:00:00,20.7,70,0.0,13.1,Evora
2025-08-25 00:00:00,19.9,74,0.0,9.3,Evora
2025-08-25 01:00:00,19.0,78,0.0,6.9,Evora
2025-08-25 02:00:00,18.4,80,0.0,9.3,Evora
2025-08-25 03:00:00,17.8,82,0.0,5.8,Evora
2025-08-25 04:00:00,17.0,85,0.0,2.5,Evora
2025-08-25 05:00:00,16.2,89,0.0,3.3,Evora
2025-08-25 06:00:00,15.5,93,0.0,3.1,Evora
2025-08-25 07:00:00,16.9,86,0.0,5.5,Evora
2025-08-25 08:00:00,19.7,72,0.0,3.9,Evora
2025-08-25 09:00:00,23.0,57,0.0,5.3,Evora
2025-08-25 10:00:00,25.9,46,0.0,4.2,Evora
2025-08-25 11:00:00,28.3,38,0.0,3.7,Evora
2025-08-25 12:00:00,30.2,32,0.0,4.9,Evora
2025-08-25 13:00:00,31.8,29,0.0,9.2,Evora
2025-08-25 14:00:00,32.4,27,0.0,9.8,Evora
2025-08-25 15:00:00,32.7,26,0.0,9.4,Evora
2025-08-25 16:00:00,32.7,25,0.0,9.0,Evora
2025-08-25 17:00:00,32.4,25,0.0,6.8,Evora
2025-08-25 18:00:00,31.5,27,0.0,6.8,Evora
2025-08-25 19:00:00,29.8,30,0.0,10.5,Evora
2025-08-25 20:00:00,23.8,57,0.0,19.3,Evora
2025-08-25 21:00:00,22.4,63,0.0,18.0,Evora
2025-08-25 22:00:00,21.2,69,0.0,17.9,Evora
2025-08-25 23:00:00,20.4,71,0.0,16.6,Evora
2025-08-26 00:00:00,19.9,70,0.0,16.0,Evora
2025-08-26 01:00:00,19.4,69,0.0,14.2,Evora
2025-08-26 02:00:00,18.8,70,0.0,13.8,Evora
2025-08-26 03:00:00,18.2,71,0.0,12.6,Evora
2025-08-26 04:00:00,17.6,74,0.0,12.2,Evora
2025-08-26 05:00:00,16.8,82,0.0,12.0,Evora
2025-08-26 06:00:00,16.3,88,0.0,9.0,Evora
2025-08-26 07:00:00,17.3,83,0.0,8.9,Evora
2025-08-26 08:00:00,19.8,73,0.0,8.0,Evora
2025-08-26 09:00:00,23.0,59,0.0,7.3,Evora
2025-08-26 10:00:00,26.3,46,0.0,7.4,Evora
2025-08-26 11:00:00,29.1,36,0.0,7.7,Evora
2025-08-26 12:00:00,31.0,30,0.0,9.4,Evora
2025-08-26 13:00:00,31.6,30,0.0,11.0,Evora
2025-08-26 14:00:00,32.2,29,0.0,12.1,Evora
2025-08-26 15:00:00,32.4,28,0.0,13.5,Evora
2025-08-26 16:00:00,32.0,28,0.0,15.1,Evora
2025-08-26 17:00:00,31.0,29,0.0,17.2,Evora
2025-08-26 18:00:00,29.0,33,0.0,20.4,Evora
2025-08-26 19:00:00,26.3,42,0.0,19.4,Evora
2025-08-26 20:00:00,23.8,56,0.0,21.8,Evora
2025-08-26 21:00:00,21.7,68,0.0,23.1,Evora
2025-08-26 22:00:00,20.2,66,0.0,22.2,Evora
2025-08-26 23:00:00,19.1,63,0.0,21.9,Evora
2025-08-27 00:00:00,18.1,66,0.0,21.7,Evora
2025-08-27 01:00:00,17.3,73,0.0,20.0,Evora
2025-08-27 02:00:00,16.8,78,0.0,19.6,Evora
2025-08-27 03:00:00,16.3,82,0.0,18.6,Evora
2025-08-27 04:00:00,15.8,84,0.0,17.7,Evora
2025-08-27 05:00:00,15.4,85,0.0,18.0,Evora
2025-08-27 06:00:00,15.1,87,0.0,18.6,Evora
2025-08-27 07:00:00,15.7,85,0.0,19.6,Evora
2025-08-27 08:00:00,17.5,74,0.0,19.5,Evora
2025-08-27 09:00:00,19.8,62,0.0,18.3,Evora
2025-08-27 10:00:00,22.0,53,0.0,18.5,Evora
2025-08-27 11:00:00,23.9,45,0.0,19.2,Evora
2025-08-27 12:00:00,25.5,39,0.0,20.2,Evora
2025-08-27 13:00:00,26.2,38,0.0,20.0,Evora
2025-08-27 14:00:00,27.7,34,0.0,19.1,Evora
2025-08-27 15:00:00,27.6,36,0.0,20.2,Evora
2025-08-27 16:00:00,27.2,37,0.0,21.1,Evora
2025-08-27 17:00:00,26.0,40,0.0,22.9,Evora
2025-08-27 18:00:00,23.5,47,0.0,24.7,Evora
2025-08-27 19:00:00,21.6,55,0.0,22.7,Evora
2025-08-27 20:00:00,20.5,58,0.0,21.0,Evora
2025-08-27 21:00:00,19.7,64,0.0,20.1,Evora
2025-08-27 22:00:00,18.7,69,0.0,18.9,Evora
2025-08-27 23:00:00,17.9,78,0.0,17.8,Evora
2025-08-28 00:00:00,17.4,86,0.0,17.3,Evora
2025-08-28 01:00:00,17.2,89,0.0,17.7,Evora
2025-08-28 02:00:00,17.0,92,0.0,17.4,Evora
2025-08-28 03:00:00,16.7,95,0.0,16.7,Evora
2025-08-28 04:00:00,16.7,96,0.0,17.4,Evora
2025-08-28 05:00:00,17.1,92,0.0,17.9,Evora
2025-08-28 06:00:00,17.3,87,0.0,17.1,Evora
2025-08-28 07:00:00,17.6,83,0.0,17.3,Evora
2025-08-28 08:00:00,18.7,75,0.0,16.6,Evora
2025-08-28 09:00:00,20.4,62,0.0,16.6,Evora
2025-08-28 10:00:00,21.9,51,0.0,18.5,Evora
2025-08-28 11:00:00,23.1,41,0.0,19.0,Evora
2025-08-28 12:00:00,23.9,37,0.0,18.4,Evora
2025-08-28 13:00:00,24.7,35,0.0,17.8,Evora
2025-08-28 14:00:00,25.5,33,0.0,17.5,Evora
2025-08-28 15:00:00,25.8,32,0.0,17.4,Evora
2025-08-28 16:00:00,25.6,33,0.0,18.3,Evora
2025-08-28 17:00:00,24.7,34,0.0,19.9,Evora
2025-08-28 18:00:00,23.1,38,0.0,20.8,Evora
2025-08-28 19:00:00,20.9,46,0.0,19.4,Evora
2025-08-28 20:00:00,19.2,53,0.0,19.6,Evora
2025-08-28 21:00:00,18.0,57,0.0,18.5,Evora
2025-08-28 22:00:00,17.1,60,0.0,17.6,Evora
2025-08-28 23:00:00,16.6,62,0.0,17.5,Evora
2025-08-29 00:00:00,16.3,67,0.0,17.4,Evora
2025-08-29 01:00:00,16.0,71,0.0,16.5,Evora
2025-08-29 02:00:00,15.8,75,0.0,15.3,Evora
2025-08-29 03:00:00,15.7,78,0.0,15.3,Evora
2025-08-29 04:00:00,15.9,79,0.0,15.9,Evora
2025-08-29 05:00:00,15.8,80,0.0,14.6,Evora
2025-08-29 06:00:00,15.6,81,0.0,11.5,Evora
2025-08-29 07:00:00,16.6,77,0.0,10.7,Evora
2025-08-29 08:00:00,18.8,71,0.0,12.4,Evora
2025-08-29 09:00:00,21.3,64,0.0,16.9,Evora
2025-08-29 10:00:00,22.6,60,0.0,18.8,Evora
2025-08-29 11:00:00,22.9,59,0.1,17.8,Evora
2025-08-29 12:00:00,25.4,48,0.0,17.2,Evora
2025-08-29 13:00:00,27.1,42,0.0,14.8,Evora
2025-08-29 14:00:00,27.9,40,0.0,16.3,Evora
2025-08-29 15:00:00,28.5,38,0.0,16.7,Evora
2025-08-29 16:00:00,28.3,38,0.0,16.8,Evora
2025-08-29 17:00:00,27.3,41,0.0,17.5,Evora
2025-08-29 18:00:00,26.2,44,0.0,17.5,Evora
2025-08-29 19:00:00,24.5,49,0.0,16.4,Evora
2025-08-29 20:00:00,23.0,54,0.0,16.9,Evora
2025-08-29 21:00:00,21.8,60,0.0,16.6,Evora
2025-08-29 22:00:00,20.6,70,0.0,18.1,Evora
2025-08-29 23:00:00,19.7,77,0.0,18.6,Evora
2025-08-30 00:00:00,19.1,80,0.0,19.8,Evora
2025-08-30 01:00:00,18.6,84,0.0,21.1,Evora
2025-08-30 02:00:00,18.1,88,0.0,20.4,Evora
2025-08-30 03:00:00,17.7,90,0.0,19.1,Evora
2025-08-30 04:00:00,17.5,90,0.0,18.6,Evora
2025-08-30 05:00:00,17.2,91,0.0,18.6,Evora
2025-08-30 06:00:00,16.8,93,0.0,17.0,Evora
2025-08-30 07:00:00,17.5,89,0.0,14.6,Evora
2025-08-30 08:00:00,19.4,77,0.0,15.0,Evora
2025-08-30 09:00:00,21.5,64,0.0,14.9,Evora
2025-08-30 10:00:00,23.1,58,0.0,14.6,Evora
2025-08-30 11:00:00,24.7,51,0.0,14.3,Evora
2025-08-30 12:00:00,26.3,43,0.0,13.4,Evora
2025-08-30 13:00:00,27.4,40,0.0,13.4,Evora
2025-08-30 14:00:00,27.9,40,0.0,13.9,Evora
2025-08-30 15:00:00,28.3,39,0.0,14.5,Evora
2025-08-30 16:00:00,28.3,39,0.0,15.7,Evora
2025-08-30 17:00:00,27.6,39,0.0,16.7,Evora
2025-08-30 18:00:00,26.0,41,0.0,17.2,Evora
2025-08-30 19:00:00,23.8,48,0.0,16.2,Evora
2025-08-30 20:00:00,21.8,55,0.0,16.9,Evora
2025-08-30 21:00:00,20.2,65,0.0,17.0,Evora
2025-08-30 22:00:00,19.1,72,0.0,15.8,Evora
2025-08-30 23:00:00,18.4,75,0.0,16.2,Evora
2025-08-31 00:00:00,18.2,79,0.0,17.1,Evora
2025-08-31 01:00:00,18.0,84,0.0,17.2,Evora
2025-08-31 02:00:00,17.8,87,0.0,16.7,Evora
2025-08-31 03:00:00,17.6,91,0.0,15.5,Evora
2025-08-31 04:00:00,17.6,94,0.0,16.6,Evora
2025-08-31 05:00:00,18.1,95,0.0,14.2,Evora
2025-08-31 06:00:00,18.5,94,0.0,11.3,Evora
2025-08-31 07:00:00,19.0,93,0.0,11.8,Evora
2025-08-31 08:00:00,19.9,89,0.0,13.4,Evora
2025-08-31 09:00:00,21.4,80,0.0,15.7,Evora
2025-08-31 10:00:00,24.1,63,0.0,15.3,Evora
2025-08-31 11:00:00,25.1,54,0.0,19.6,Evora
2025-08-31 12:00:00,25.6,48,0.0,19.8,Evora
2025-08-31 13:00:00,24.4,53,0.0,17.2,Evora
2025-08-31 14:00:00,25.9,43,0.0,17.7,Evora
2025-08-31 15:00:00,25.7,40,0.0,18.7,Evora
2025-08-31 16:00:00,24.9,40,0.0,19.9,Evora
2025-08-31 17:00:00,23.6,41,0.0,20.7,Evora
2025-08-31 18:00:00,22.3,45,0.0,21.0,Evora
2025-08-31 19:00:00,20.7,49,0.0,21.8,Evora
2025-08-31 20:00:00,18.9,59,0.0,21.2,Evora
2025-08-31 21:00:00,17.9,66,0.0,18.2,Evora
2025-08-31 22:00:00,17.0,74,0.0,15.9,Evora
2025-08-31 23:00:00,16.4,79,0.0,15.0,Evora
2025-09-01 00:00:00,15.9,82,0.0,14.4,Evora
2025-09-01 01:00:00,15.5,83,0.0,15.6,Evora
2025-09-01 02:00:00,15.2,86,0.0,15.3,Evora
2025-09-01 03:00:00,14.9,86,0.0,14.8,Evora
2025-09-01 04:00:00,14.7,87,0.0,14.1,Evora
2025-09-01 05:00:00,14.5,86,0.0,14.0,Evora
2025-09-01 06:00:00,14.3,85,0.0,13.0,Evora
2025-09-01 07:00:00,15.1,80,0.0,11.8,Evora
2025-09-01 08:00:00,17.1,70,0.0,14.2,Evora
2025-09-01 09:00:00,18.9,60,0.0,18.0,Evora
2025-09-01 10:00:00,20.8,51,0.0,17.3,Evora
2025-09-01 11:00:00,22.3,45,0.0,17.5,Evora
2025-09-01 12:00:00,23.9,37,0.0,18.2,Evora
2025-09-01 13:00:00,23.9,35,0.0,19.2,Evora
2025-09-01 14:00:00,24.9,31,0.0,18.3,Evora
2025-09-01 15:00:00,25.3,29,0.0,18.1,Evora
2025-09-01 16:00:00,25.3,30,0.0,18.8,Evora
2025-09-01 17:00:00,24.3,33,0.0,19.4,Evora
2025-09-01 18:00:00,23.0,36,0.0,19.2,Evora
2025-09-01 19:00:00,21.1,43,0.0,17.4,Evora
2025-09-01 20:00:00,19.3,53,0.0,18.9,Evora
2025-09-01 21:00:00,18.1,59,0.0,17.5,Evora
2025-09-01 22:00:00,17.2,63,0.0,16.2,Evora
2025-09-01 23:00:00,16.4,69,0.0,14.9,Evora
2025-09-02 00:00:00,15.7,73,0.0,15.0,Evora
2025-09-02 01:00:00,15.2,79,0.0,15.7,Evora
2025-09-02 02:00:00,14.8,82,0.0,14.7,Evora
2025-09-02 03:00:00,14.6,85,0.0,13.1,Evora
2025-09-02 04:00:00,14.2,89,0.0,12.1,Evora
2025-09-02 05:00:00,13.9,93,0.0,11.2,Evora
2025-09-02 06:00:00,13.7,95,0.0,8.7,Evora
2025-09-02 07:00:00,14.5,93,0.0,7.7,Evora
2025-09-02 08:00:00,16.8,81,0.0,5.9,Evora
2025-09-02 09:00:00,19.4,67,0.0,9.7,Evora
2025-09-02 10:00:00,21.5,56,0.0,11.7,Evora
2025-09-02 11:00:00,23.6,48,0.0,13.1,Evora
2025-09-02 12:00:00,24.9,42,0.0,13.8,Evora
2025-09-02 13:00:00,25.8,41,0.0,13.4,Evora
2025-09-02 14:00:00,26.9,38,0.0,12.6,Evora
2025-09-02 15:00:00,27.0,38,0.0,14.2,Evora
2025-09-02 16:00:00,26.9,40,0.0,14.1,Evora
2025-09-02 17:00:00,26.6,40,0.0,12.3,Evora
2025-09-02 18:00:00,25.7,42,0.0,11.2,Evora
2025-09-02 19:00:00,23.5,50,0.0,6.6,Evora
2025-09-02 20:00:00,22.2,56,0.0,10.8,Evora
2025-09-02 21:00:00,21.1,62,0.0,15.3,Evora
2025-09-02 22:00:00,19.7,74,0.0,17.0,Evora
2025-09-02 23:00:00,18.6,82,0.0,15.7,Evora
2025-09-03 00:00:00,17.9,88,0.0,13.2,Evora
2025-09-03 01:00:00,17.4,91,0.0,12.1,Evora
2025-09-03 02:00:00,16.9,94,0.0,9.3,Evora
2025-09-03 03:00:00,16.6,96,0.0,9.4,Evora
2025-09-03 04:00:00,16.5,97,0.0,10.6,Evora
2025-09-03 05:00:00,16.5,99,0.0,8.6,Evora
2025-09-03 06:00:00,16.4,100,0.0,8.9,Evora
2025-09-03 07:00:00,16.6,98,0.0,7.3,Evora
2025-09-03 08:00:00,18.2,86,0.0,12.7,Evora
2025-09-03 09:00:00,20.1,75,0.0,12.4,Evora
2025-09-03 10:00:00,22.0,65,0.0,10.4,Evora
2025-09-03 11:00:00,24.4,56,0.0,7.6,Evora
2025-09-03 12:00:00,26.3,50,0.0,6.7,Evora
2025-09-03 13:00:00,27.4,48,0.0,9.7,Evora
2025-09-03 14:00:00,28.1,45,0.0,10.4,Evora
2025-09-03 15:00:00,28.7,44,0.0,11.3,Evora
2025-09-03 16:00:00,29.0,42,0.0,13.7,Evora
2025-09-03 17:00:00,28.3,44,0.0,16.5,Evora
2025-09-03 18:00:00,26.4,47,0.0,18.0,Evora
2025-09-03 19:00:00,24.2,53,0.0,16.4,Evora
2025-09-03 20:00:00,23.1,59,0.0,16.2,Evora
2025-09-03 21:00:00,21.0,76,0.0,17.9,Evora
2025-09-03 22:00:00,20.0,82,0.0,15.3,Evora
2025-09-03 23:00:00,19.2,88,0.0,14.2,Evora
2025-09-04 00:00:00,18.5,93,0.0,14.1,Evora
2025-09-04 01:00:00,17.6,89,0.0,15.5,Evora
2025-09-04 02:00:00,16.6,85,0.0,16.5,Evora
2025-09-04 03:00:00,15.7,85,0.0,17.1,Evora
2025-09-04 04:00:00,14.9,89,0.0,17.8,Evora
2025-09-04 05:00:00,14.5,91,0.0,18.2,Evora
2025-09-04 06:00:00,14.3,90,0.0,19.0,Evora
2025-09-04 07:00:00,15.1,83,0.0,17.7,Evora
2025-09-04 08:00:00,16.8,73,0.0,21.3,Evora
2025-09-04 09:00:00,18.8,61,0.0,21.7,Evora
2025-09-04 10:00:00,20.9,52,0.0,20.4,Evora
2025-09-04 11:00:00,23.3,42,0.0,18.5,Evora
2025-09-04 12:00:00,25.0,37,0.0,17.0,Evora
2025-09-04 13:00:00,26.4,35,0.0,15.2,Evora
2025-09-04 14:00:00,27.4,35,0.0,15.9,Evora
2025-09-04 15:00:00,27.7,34,0.0,17.2,Evora
2025-09-04 16:00:00,27.4,34,0.0,18.7,Evora
2025-09-04 17:00:00,26.6,36,0.0,18.8,Evora
2025-09-04 18:00:00,25.3,38,0.0,18.1,Evora
2025-09-04 19:00:00,23.5,43,0.0,17.0,Evora
2025-09-04 20:00:00,21.6,54,0.0,21.1,Evora
2025-09-04 21:00:00,20.0,64,0.0,22.1,Evora
2025-09-04 22:00:00,19.1,70,0.0,21.0,Evora
2025-09-04 23:00:00,18.4,74,0.0,20.1,Evora
2025-09-05 00:00:00,18.0,75,0.0,20.2,Evora
2025-09-05 01:00:00,17.5,76,0.0,18.7,Evora
2025-09-05 02:00:00,17.3,76,0.0,16.7,Evora
2025-09-05 03:00:00,17.3,75,0.0,14.8,Evora
2025-09-05 04:00:00,17.4,73,0.0,14.8,Evora
2025-09-05 05:00:00,16.8,75,0.0,13.7,Evora
2025-09-05 06:00:00,16.4,76,0.0,12.5,Evora
2025-09-05 07:00:00,17.2,71,0.0,12.1,Evora
2025-09-05 08:00:00,18.7,65,0.0,9.7,Evora
2025-09-05 09:00:00,21.5,52,0.0,9.2,Evora
2025-09-05 10:00:00,24.5,40,0.0,8.4,Evora
2025-09-05 11:00:00,27.5,31,0.0,6.6,Evora
2025-09-05 12:00:00,29.3,26,0.0,5.5,Evora
2025-09-05 13:00:00,30.5,23,0.0,4.2,Evora
2025-09-05 14:00:00,31.4,21,0.0,3.4,Evora
2025-09-05 15:00:00,31.9,20,0.0,2.2,Evora
2025-09-05 16:00:00,32.0,20,0.0,2.1,Evora
2025-09-05 17:00:00,31.7,21,0.0,2.9,Evora
2025-09-05 18:00:00,30.2,24,0.0,4.1,Evora
2025-09-05 19:00:00,26.8,29,0.0,6.9,Evora
2025-09-05 20:00:00,25.6,32,0.0,12.7,Evora
2025-09-05 21:00:00,22.9,47,0.0,16.0,Evora
2025-09-05 22:00:00,21.4,54,0.0,13.7,Evora
2025-09-05 23:00:00,20.3,58,0.0,7.5,Evora
2025-09-06 00:00:00,19.4,62,0.0,7.4,Evora
2025-09-06 01:00:00,18.2,66,0.0,5.4,Evora
2025-09-06 02:00:00,17.4,70,0.0,3.9,Evora
2025-09-06 03:00:00,17.1,71,0.0,4.7,Evora
2025-09-06 04:00:00,16.7,73,0.0,5.2,Evora
2025-09-06 05:00:00,16.7,71,0.0,6.0,Evora
2025-09-06 06:00:00,17.5,68,0.0,7.2,Evora
2025-09-06 07:00:00,19.2,67,0.0,8.6,Evora
2025-09-06 08:00:00,22.2,61,0.0,6.7,Evora
2025-09-06 09:00:00,24.9,54,0.0,9.4,Evora
2025-09-06 10:00:00,27.3,44,0.0,12.0,Evora
2025-09-06 11:00:00,29.3,37,0.0,15.1,Evora
2025-09-06 12:00:00,30.7,34,0.0,17.0,Evora
2025-09-06 13:00:00,32.0,31,0.0,16.0,Evora
2025-09-06 14:00:00,32.6,32,0.0,16.6,Evora
2025-09-06 15:00:00,33.5,31,0.0,15.8,Evora
2025-09-06 16:00:00,30.1,45,0.0,21.1,Evora
2025-09-06 17:00:00,27.8,54,0.0,18.6,Evora
2025-09-06 18:00:00,25.6,63,0.0,14.9,Evora
2025-09-06 19:00:00,23.6,71,0.0,12.7,Evora
2025-09-06 20:00:00,21.9,73,0.0,13.4,Evora
2025-09-06 21:00:00,20.6,67,0.0,11.8,Evora
2025-09-06 22:00:00,19.2,64,0.0,11.9,Evora
2025-09-06 23:00:00,17.8,72,0.0,9.3,Evora
2025-09-07 00:00:00,16.7,84,0.0,6.4,Evora
2025-09-07 01:00:00,16.3,88,0.0,7.2,Evora
2025-09-07 02:00:00,16.5,91,0.0,8.3,Evora
2025-09-07 03:00:00,17.2,93,0.0,8.7,Evora
2025-09-07 04:00:00,17.3,92,0.0,9.6,Evora
2025-09-07 05:00:00,17.5,91,0.0,9.1,Evora
2025-09-07 06:00:00,17.6,91,0.0,6.9,Evora
2025-09-07 07:00:00,17.5,94,0.7,7.3,Evora
2025-09-07 08:00:00,18.1,91,0.0,8.1,Evora
2025-09-07 09:00:00,19.7,83,0.0,7.3,Evora
2025-09-07 10:00:00,20.7,80,0.1,8.8,Evora
2025-09-07 11:00:00,21.7,76,0.2,9.7,Evora
2025-09-07 12:00:00,20.8,83,0.7,9.2,Evora
2025-09-07 13:00:00,22.4,76,0.0,12.3,Evora
2025-09-07 14:00:00,22.6,76,0.1,8.1,Evora
2025-09-07 15:00:00,23.5,73,0.1,8.9,Evora
2025-09-07 16:00:00,23.6,72,0.1,7.2,Evora
2025-09-07 17:00:00,23.7,72,0.0,6.8,Evora
2025-09-07 18:00:00,23.3,72,0.0,5.9,Evora
2025-09-07 19:00:00,21.9,82,0.1,2.0,Evora
2025-09-07 20:00:00,21.6,84,0.0,4.3,Evora
2025-09-07 21:00:00,20.4,80,0.0,15.4,Evora
2025-09-07 22:00:00,18.6,81,0.0,17.7,Evora
2025-09-07 23:00:00,17.7,84,0.0,18.1,Evora
2025-09-08 00:00:00,17.0,87,0.0,17.1,Evora
2025-09-08 01:00:00,16.6,89,0.0,16.1,Evora
2025-09-08 02:00:00,16.4,87,0.0,16.6,Evora
2025-09-08 03:00:00,16.1,86,0.0,16.4,Evora
2025-09-08 04:00:00,15.7,88,0.0,16.1,Evora
2025-09-08 05:00:00,15.1,92,0.0,15.7,Evora
2025-09-08 06:00:00,14.7,95,0.0,16.1,Evora
2025-09-08 07:00:00,15.1,91,0.0,17.6,Evora
2025-09-08 08:00:00,16.3,83,0.0,16.7,Evora
2025-09-08 09:00:00,18.3,72,0.0,15.5,Evora
2025-09-08 10:00:00,20.0,62,0.0,15.7,Evora
2025-09-08 11:00:00,21.7,51,0.0,15.7,Evora
2025-09-08 12:00:00,23.0,44,0.0,15.6,Evora
2025-09-08 13:00:00,23.8,39,0.0,15.5,Evora
2025-09-08 14:00:00,24.2,36,0.0,15.9,Evora
2025-09-08 15:00:00,24.2,35,0.0,16.9,Evora
2025-09-08 16:00:00,23.7,36,0.0,17.4,Evora
2025-09-08 17:00:00,23.0,39,0.0,17.2,Evora
2025-09-08 18:00:00,21.4,44,0.0,18.1,Evora
2025-09-08 19:00:00,19.3,45,0.0,19.4,Evora
2025-09-08 20:00:00,17.6,54,0.0,21.2,Evora
2025-09-08 21:00:00,16.2,67,0.0,22.4,Evora
2025-09-08 22:00:00,15.4,70,0.0,22.6,Evora
2025-09-08 23:00:00,14.6,72,0.0,22.8,Evora
2025-09-09 00:00:00,14.0,74,0.0,23.2,Evora
2025-09-09 01:00:00,13.6,78,0.0,23.3,Evora
2025-09-09 02:00:00,13.4,81,0.0,23.9,Evora
2025-09-09 03:00:00,13.2,82,0.0,22.9,Evora
2025-09-09 04:00:00,13.0,84,0.0,23.3,Evora
2025-09-09 05:00:00,12.8,87,0.0,25.1,Evora
2025-09-09 06:00:00,12.6,88,0.0,23.7,Evora
2025-09-09 07:00:00,13.0,86,0.0,23.4,Evora
2025-09-09 08:00:00,14.6,77,0.0,20.6,Evora
2025-09-09 09:00:00,16.8,66,0.0,21.1,Evora
2025-09-09 10:00:00,18.9,55,0.0,21.3,Evora
2025-09-09 11:00:00,20.8,44,0.0,21.6,Evora
2025-09-09 12:00:00,21.9,37,0.0,23.1,Evora
2025-09-09 13:00:00,23.0,30,0.0,23.9,Evora
2025-09-09 14:00:00,23.7,30,0.0,25.0,Evora
2025-09-09 15:00:00,23.4,34,0.0,26.1,Evora
2025-09-09 16:00:00,23.6,38,0.0,23.4,Evora
2025-09-09 17:00:00,22.1,44,0.0,25.4,Evora
2025-09-09 18:00:00,20.8,50,0.0,23.1,Evora
2025-09-09 19:00:00,19.3,57,0.0,22.8,Evora
2025-09-09 20:00:00,18.3,64,0.0,23.8,Evora
2025-09-09 21:00:00,17.2,72,0.0,21.6,Evora
2025-09-09 22:00:00,16.7,78,0.0,20.4,Evora
2025-09-09 23:00:00,16.5,83,0.0,17.9,Evora
2025-09-10 00:00:00,16.2,88,0.0,16.5,Evora
2025-09-10 01:00:00,16.2,92,0.0,18.0,Evora
2025-09-10 02:00:00,16.2,95,0.0,17.1,Evora
2025-09-10 03:00:00,16.6,95,0.0,16.3,Evora
2025-09-10 04:00:00,16.9,94,0.0,16.8,Evora
2025-09-10 05:00:00,17.0,94,0.0,15.9,Evora
2025-09-10 06:00:00,17.0,94,0.0,18.1,Evora
2025-09-10 07:00:00,17.2,93,0.0,18.2,Evora
2025-09-10 08:00:00,18.3,85,0.0,17.9,Evora
2025-09-10 09:00:00,20.2,73,0.0,17.9,Evora
2025-09-10 10:00:00,22.0,65,0.0,17.3,Evora
2025-09-10 11:00:00,22.4,65,0.1,17.7,Evora
2025-09-10 12:00:00,24.3,59,0.1,16.3,Evora
2025-09-10 13:00:00,24.5,59,0.0,16.6,Evora
2025-09-10 14:00:00,24.4,58,0.0,17.0,Evora
2025-09-10 15:00:00,24.6,58,0.0,17.9,Evora
2025-09-10 16:00:00,23.6,64,0.0,17.7,Evora
2025-09-10 17:00:00,23.3,66,0.0,16.8,Evora
2025-09-10 18:00:00,22.7,70,0.0,15.7,Evora
2025-09-10 19:00:00,21.4,76,0.0,13.0,Evora
2025-09-10 20:00:00,20.5,82,0.0,12.9,Evora
2025-09-10 21:00:00,19.7,86,0.0,12.2,Evora
2025-09-10 22:00:00,18.9,92,0.0,10.8,Evora
2025-09-10 23:00:00,18.1,96,0.0,9.3,Evora
2025-09-11 00:00:00,17.7,98,0.0,10.2,Evora
2025-09-11 01:00:00,17.3,98,0.0,11.5,Evora
2025-09-11 02:00:00,17.2,98,0.0,14.2,Evora
2025-09-11 03:00:00,16.8,98,0.0,14.2,Evora
2025-09-11 04:00:00,16.6,98,0.0,14.4,Evora
2025-09-11 05:00:00,16.5,98,0.0,13.0,Evora
2025-09-11 06:00:00,16.3,100,0.0,11.4,Evora
2025-09-11 07:00:00,16.9,93,0.0,15.6,Evora
2025-09-11 08:00:00,18.2,81,0.0,14.9,Evora
2025-09-11 09:00:00,20.2,68,0.0,12.0,Evora
2025-09-11 10:00:00,22.8,54,0.0,11.7,Evora
2025-09-11 11:00:00,24.8,48,0.0,13.5,Evora
2025-09-11 12:00:00,26.4,46,0.0,14.9,Evora
2025-09-11 13:00:00,27.7,43,0.0,14.4,Evora
2025-09-11 14:00:00,28.4,42,0.0,15.0,Evora
2025-09-11 15:00:00,28.7,42,0.0,15.7,Evora
2025-09-11 16:00:00,28.4,42,0.0,16.3,Evora
2025-09-11 17:00:00,27.4,42,0.0,17.4,Evora
2025-09-11 18:00:00,25.8,47,0.0,15.6,Evora
2025-09-11 19:00:00,23.6,56,0.0,15.5,Evora
2025-09-11 20:00:00,22.1,63,0.0,17.3,Evora
2025-09-11 21:00:00,20.7,71,0.0,18.2,Evora
2025-09-11 22:00:00,19.5,79,0.0,18.4,Evora
2025-09-11 23:00:00,18.6,84,0.0,18.5,Evora
2025-09-12 00:00:00,18.2,86,0.0,18.2,Evora
2025-09-12 01:00:00,18.2,84,0.0,15.5,Evora
2025-09-12 02:00:00,17.8,87,0.0,16.0,Evora
2025-09-12 03:00:00,17.4,89,0.0,15.7,Evora
2025-09-12 04:00:00,17.2,90,0.0,14.6,Evora
2025-09-12 05:00:00,16.9,91,0.0,14.3,Evora
2025-09-12 06:00:00,16.7,91,0.0,14.4,Evora
2025-09-12 07:00:00,17.4,87,0.0,15.3,Evora
2025-09-12 08:00:00,19.5,78,0.0,13.7,Evora
2025-09-12 09:00:00,22.3,66,0.0,14.9,Evora
2025-09-12 10:00:00,24.9,55,0.0,14.6,Evora
2025-09-12 11:00:00,27.0,47,0.0,13.0,Evora
2025-09-12 12:00:00,28.6,42,0.0,11.7,Evora
2025-09-12 13:00:00,30.2,37,0.0,10.3,Evora
2025-09-12 14:00:00,30.9,35,0.0,11.5,Evora
2025-09-12 15:00:00,31.0,35,0.0,12.0,Evora
2025-09-12 16:00:00,30.6,35,0.0,13.4,Evora
2025-09-12 17:00:00,29.6,38,0.0,15.6,Evora
2025-09-12 18:00:00,27.8,45,0.0,15.6,Evora
2025-09-12 19:00:00,25.7,51,0.0,14.7,Evora
2025-09-12 20:00:00,24.2,57,0.0,17.2,Evora
2025-09-12 21:00:00,22.5,63,0.0,17.8,Evora
2025-09-12 22:00:00,21.1,68,0.0,18.1,Evora
2025-09-12 23:00:00,19.9,70,0.0,19.3,Evora
2025-09-13 00:00:00,19.1,71,0.0,19.6,Evora
2025-09-13 01:00:00,18.6,70,0.0,17.5,Evora
2025-09-13 02:00:00,18.1,67,0.0,17.4,Evora
2025-09-13 03:00:00,17.8,63,0.0,17.3,Evora
2025-09-13 04:00:00,17.3,61,0.0,17.1,Evora
2025-09-13 05:00:00,16.8,62,0.0,18.2,Evora
2025-09-13 06:00:00,16.4,61,0.0,18.1,Evora
2025-09-13 07:00:00,16.7,59,0.0,16.3,Evora
2025-09-13 08:00:00,18.2,55,0.0,14.8,Evora
2025-09-13 09:00:00,20.4,46,0.0,14.7,Evora
2025-09-13 10:00:00,23.2,35,0.0,15.2,Evora
2025-09-13 11:00:00,25.3,29,0.0,16.3,Evora
2025-09-13 12:00:00,27.0,25,0.0,17.6,Evora
2025-09-13 13:00:00,28.3,21,0.0,17.3,Evora
2025-09-13 14:00:00,29.0,21,0.0,15.8,Evora
2025-09-13 15:00:00,29.2,23,0.0,16.7,Evora
2025-09-13 16:00:00,28.7,26,0.0,17.3,Evora
2025-09-13 17:00:00,27.8,30,0.0,17.9,Evora
2025-09-13 18:00:00,26.3,37,0.0,17.0,Evora
2025-09-13 19:00:00,23.5,49,0.0,19.5,Evora
2025-09-13 20:00:00,21.4,56,0.0,19.9,Evora
2025-09-13 21:00:00,19.8,63,0.0,19.9,Evora
2025-09-13 22:00:00,18.8,69,0.0,20.8,Evora
2025-09-13 23:00:00,18.3,71,0.0,22.6,Evora
2025-09-14 00:00:00,17.9,74,0.0,23.9,Evora
2025-09-14 01:00:00,17.6,77,0.0,21.4,Evora
2025-09-14 02:00:00,17.3,80,0.0,19.8,Evora
2025-09-14 03:00:00,17.0,84,0.0,19.3,Evora
2025-09-14 04:00:00,16.7,88,0.0,19.1,Evora
2025-09-14 05:00:00,16.5,91,0.0,17.6,Evora
2025-09-14 06:00:00,16.2,94,0.0,16.5,Evora
2025-09-14 07:00:00,16.7,91,0.0,14.8,Evora
2025-09-14 08:00:00,19.0,80,0.0,13.0,Evora
2025-09-14 09:00:00,22.1,64,0.0,13.7,Evora
2025-09-14 10:00:00,24.7,53,0.0,14.2,Evora
2025-09-14 11:00:00,26.7,45,0.0,14.4,Evora
2025-09-14 12:00:00,28.6,40,0.0,13.0,Evora
2025-09-14 13:00:00,29.9,37,0.0,12.3,Evora
2025-09-14 14:00:00,30.7,34,0.0,11.6,Evora
2025-09-14 15:00:00,31.0,34,0.0,12.0,Evora
2025-09-14 16:00:00,30.8,35,0.0,12.9,Evora
2025-09-14 17:00:00,30.2,38,0.0,13.7,Evora
2025-09-14 18:00:00,28.9,41,0.0,12.2,Evora
2025-09-14 19:00:00,25.8,57,0.0,18.3,Evora
2025-09-14 20:00:00,23.6,62,0.0,19.3,Evora
2025-09-14 21:00:00,22.2,63,0.0,19.7,Evora
2025-09-14 22:00:00,20.9,64,0.0,22.1,Evora
2025-09-14 23:00:00,19.9,68,0.0,21.6,Evora
2025-09-15 00:00:00,19.2,73,0.0,21.3,Evora
2025-09-15 01:00:00,19.1,74,0.0,20.3,Evora
2025-09-15 02:00:00,18.7,77,0.0,18.5,Evora
2025-09-15 03:00:00,18.4,78,0.0,16.7,Evora
2025-09-15 04:00:00,18.1,80,0.0,13.0,Evora
2025-09-15 05:00:00,17.7,82,0.0,10.1,Evora
2025-09-15 06:00:00,17.1,87,0.0,9.3,Evora
2025-09-15 07:00:00,17.5,86,0.0,12.1,Evora
2025-09-15 08:00:00,20.1,74,0.0,9.5,Evora
2025-09-15 09:00:00,23.2,61,0.0,9.3,Evora
2025-09-15 10:00:00,26.4,49,0.0,8.0,Evora
2025-09-15 11:00:00,28.9,41,0.0,6.9,Evora
2025-09-15 12:00:00,30.7,36,0.0,7.0,Evora
2025-09-15 13:00:00,32.5,33,0.0,6.6,Evora
2025-09-15 14:00:00,33.4,29,0.0,7.1,Evora
2025-09-15 15:00:00,33.7,27,0.0,8.2,Evora
2025-09-15 16:00:00,33.2,27,0.0,11.7,Evora
2025-09-15 17:00:00,32.0,25,0.0,15.5,Evora
2025-09-15 18:00:00,29.8,29,0.0,16.6,Evora
2025-09-15 19:00:00,26.6,45,0.0,20.8,Evora
2025-09-15 20:00:00,23.9,57,0.0,20.9,Evora
2025-09-15 21:00:00,21.9,62,0.0,19.2,Evora
2025-09-15 22:00:00,20.3,66,0.0,17.4,Evora
2025-09-15 23:00:00,19.2,68,0.0,16.1,Evora
2025-09-16 00:00:00,18.1,70,0.0,14.7,Evora
2025-09-16 01:00:00,17.0,77,0.0,15.6,Evora
2025-09-16 02:00:00,16.4,80,0.0,15.9,Evora
2025-09-16 03:00:00,16.0,83,0.0,11.6,Evora
2025-09-16 04:00:00,15.4,87,0.0,9.6,Evora
2025-09-16 05:00:00,14.9,90,0.0,6.9,Evora
2025-09-16 06:00:00,14.3,92,0.0,4.1,Evora
2025-09-16 07:00:00,15.7,85,0.0,3.4,Evora
2025-09-16 08:00:00,19.6,67,0.0,4.5,Evora
2025-09-16 09:00:00,23.5,52,0.0,4.4,Evora
2025-09-16 10:00:00,27.3,39,0.0,3.2,Evora
2025-09-16 11:00:00,30.7,28,0.0,3.5,Evora
2025-09-16 12:00:00,33.1,20,0.0,4.8,Evora
2025-09-16 13:00:00,34.4,19,0.0,7.8,Evora
2025-09-16 14:00:00,35.0,17,0.0,9.2,Evora
2025-09-16 15:00:00,35.1,16,0.0,9.3,Evora
2025-09-16 16:00:00,34.7,17,0.0,8.4,Evora
2025-09-16 17:00:00,33.7,20,0.0,8.6,Evora
2025-09-16 18:00:00,31.3,26,0.0,8.8,Evora
2025-09-16 19:00:00,28.3,30,0.0,11.8,Evora
2025-09-16 20:00:00,26.7,34,0.0,11.8,Evora
2025-09-16 21:00:00,25.1,48,0.0,14.8,Evora
2025-09-16 22:00:00,23.7,56,0.0,11.9,Evora
2025-09-16 23:00:00,22.5,60,0.0,10.4,Evora
2025-09-17 00:00:00,21.3,63,0.0,7.4,Evora
2025-09-17 01:00:00,21.4,56,0.0,8.2,Evora
2025-09-17 02:00:00,20.9,55,0.0,7.7,Evora
2025-09-17 03:00:00,20.5,53,0.0,7.4,Evora
2025-09-17 04:00:00,19.6,55,0.0,5.8,Evora
2025-09-17 05:00:00,19.2,55,0.0,6.0,Evora
2025-09-17 06:00:00,18.6,57,0.0,5.2,Evora
2025-09-17 07:00:00,19.2,59,0.0,2.1,Evora
2025-09-17 08:00:00,22.5,46,0.0,2.9,Evora
2025-09-17 09:00:00,26.9,33,0.0,2.0,Evora
2025-09-17 10:00:00,30.3,26,0.0,2.1,Evora
2025-09-17 11:00:00,32.9,21,0.0,2.0,Evora
2025-09-17 12:00:00,34.5,19,0.0,2.5,Evora
2025-09-17 13:00:00,35.4,19,0.0,3.6,Evora
2025-09-17 14:00:00,35.8,18,0.0,4.3,Evora
2025-09-17 15:00:00,36.0,18,0.0,3.4,Evora
2025-09-17 16:00:00,35.9,17,0.0,3.3,Evora
2025-09-17 17:00:00,35.3,18,0.0,3.3,Evora
2025-09-17 18:00:00,32.9,30,0.0,0.9,Evora
2025-09-17 19:00:00,29.8,24,0.0,13.6,Evora
2025-09-17 20:00:00,28.1,20,0.0,13.8,Evora
2025-09-17 21:00:00,26.9,24,0.0,15.5,Evora
2025-09-17 22:00:00,25.3,36,0.0,11.6,Evora
2025-09-17 23:00:00,23.2,47,0.0,4.0,Evora
2025-09-18 00:00:00,21.5,52,0.0,3.1,Evora
2025-09-18 01:00:00,21.6,52,0.0,3.4,Evora
2025-09-18 02:00:00,20.9,54,0.0,2.5,Evora
2025-09-18 03:00:00,20.4,54,0.0,4.2,Evora
2025-09-18 04:00:00,20.6,51,0.0,0.4,Evora
2025-09-18 05:00:00,20.5,52,0.0,0.8,Evora
2025-09-18 06:00:00,20.5,51,0.0,1.1,Evora
2025-09-18 07:00:00,20.5,55,0.0,2.7,Evora
2025-09-18 08:00:00,23.8,45,0.0,0.6,Evora
2025-09-18 09:00:00,27.6,32,0.0,2.0,Evora
2025-09-18 10:00:00,30.7,25,0.0,2.7,Evora
2025-09-18 11:00:00,32.7,21,0.0,4.9,Evora
2025-09-18 12:00:00,34.1,19,0.0,4.8,Evora
2025-09-18 13:00:00,33.6,23,0.0,4.5,Evora
2025-09-18 14:00:00,34.5,21,0.0,3.5,Evora
2025-09-18 15:00:00,34.7,21,0.0,4.7,Evora
2025-09-18 16:00:00,34.8,21,0.0,3.8,Evora
2025-09-18 17:00:00,33.7,23,0.0,8.0,Evora
2025-09-18 18:00:00,30.8,28,0.0,11.8,Evora
2025-09-18 19:00:00,28.3,32,0.0,9.1,Evora
2025-09-18 20:00:00,27.1,31,0.0,9.7,Evora
2025-09-18 21:00:00,25.8,33,0.0,4.8,Evora
2025-09-18 22:00:00,24.9,35,0.0,6.2,Evora
2025-09-18 23:00:00,24.4,46,0.0,6.4,Evora
2025-09-19 00:00:00,23.0,54,0.0,5.4,Evora
2025-09-19 01:00:00,22.5,49,0.0,2.2,Evora
2025-09-19 02:00:00,21.6,53,0.0,1.5,Evora
2025-09-19 03:00:00,20.3,58,0.0,2.7,Evora
2025-09-19 04:00:00,19.3,62,0.0,2.8,Evora
2025-09-19 05:00:00,19.0,63,0.0,2.9,Evora
2025-09-19 06:00:00,18.8,62,0.0,4.2,Evora
2025-09-19 07:00:00,19.9,58,0.0,4.8,Evora
2025-09-19 08:00:00,22.6,53,0.0,5.4,Evora
2025-09-19 09:00:00,25.3,52,0.0,7.5,Evora
2025-09-19 10:00:00,27.8,49,0.0,13.7,Evora
2025-09-19 11:00:00,28.0,48,0.0,15.0,Evora
2025-09-19 12:00:00,27.4,47,0.0,15.0,Evora
2025-09-19 13:00:00,27.8,47,0.2,10.3,Evora
2025-09-19 14:00:00,27.5,45,0.1,6.5,Evora
2025-09-19 15:00:00,27.4,45,0.0,11.6,Evora
2025-09-19 16:00:00,28.5,39,0.0,9.1,Evora
2025-09-19 17:00:00,28.9,37,0.0,9.1,Evora
2025-09-19 18:00:00,27.8,39,0.0,6.5,Evora
2025-09-19 19:00:00,25.8,45,0.0,5.2,Evora
2025-09-19 20:00:00,25.0,47,0.0,7.5,Evora
2025-09-19 21:00:00,24.2,51,0.0,5.6,Evora
2025-09-19 22:00:00,22.7,56,0.0,4.0,Evora
2025-09-19 23:00:00,21.6,61,0.0,5.3,Evora
2025-09-20 00:00:00,20.6,69,0.0,7.5,Evora
2025-09-20 01:00:00,20.4,72,0.0,5.6,Evora
2025-09-20 02:00:00,19.8,81,0.0,9.2,Evora
2025-09-20 03:00:00,19.2,85,0.0,8.2,Evora
2025-09-20 04:00:00,18.7,89,0.0,6.3,Evora
2025-09-20 05:00:00,17.8,93,0.0,4.1,Evora
2025-09-20 06:00:00,17.6,95,0.0,4.9,Evora
2025-09-20 07:00:00,18.1,93,0.0,6.0,Evora
2025-09-20 08:00:00,20.8,81,0.0,3.8,Evora
2025-09-20 09:00:00,23.7,67,0.0,1.6,Evora
2025-09-20 10:00:00,26.1,56,0.0,1.8,Evora
2025-09-20 11:00:00,27.8,48,0.0,4.2,Evora
2025-09-20 12:00:00,29.1,41,0.0,7.2,Evora
2025-09-20 13:00:00,29.1,42,0.0,9.4,Evora
2025-09-20 14:00:00,28.4,39,0.0,19.7,Evora
2025-09-20 15:00:00,26.6,45,0.0,13.0,Evora
2025-09-20 16:00:00,26.3,45,0.4,9.4,Evora
2025-09-20 17:00:00,25.6,44,0.0,12.7,Evora
2025-09-20 18:00:00,24.1,53,0.0,11.8,Evora
2025-09-20 19:00:00,22.5,63,0.0,15.0,Evora
2025-09-20 20:00:00,20.7,70,0.0,21.7,Evora
2025-09-20 21:00:00,19.1,72,0.0,20.8,Evora
2025-09-20 22:00:00,17.6,72,0.0,19.3,Evora
2025-09-20 23:00:00,16.6,66,0.0,19.3,Evora
2025-09-21 00:00:00,15.5,65,0.0,19.6,Evora
2025-09-21 01:00:00,14.8,70,0.0,21.1,Evora
2025-09-21 02:00:00,14.4,77,0.0,22.6,Evora
2025-09-21 03:00:00,14.1,78,0.0,22.5,Evora
2025-09-21 04:00:00,13.6,80,0.0,21.8,Evora
2025-09-21 05:00:00,13.1,81,0.0,20.9,Evora
2025-09-21 06:00:00,12.8,82,0.0,20.2,Evora
2025-09-21 07:00:00,13.0,77,0.0,20.1,Evora
2025-09-21 08:00:00,14.5,67,0.0,18.8,Evora
2025-09-21 09:00:00,16.8,54,0.0,20.0,Evora
2025-09-21 10:00:00,19.0,41,0.0,21.8,Evora
2025-09-21 11:00:00,20.7,38,0.0,23.1,Evora
2025-09-21 12:00:00,21.9,36,0.0,23.5,Evora
2025-09-21 13:00:00,23.0,27,0.0,22.4,Evora
2025-09-21 14:00:00,23.2,24,0.0,22.3,Evora
2025-09-21 15:00:00,23.2,23,0.0,22.3,Evora
2025-09-21 16:00:00,22.4,22,0.0,23.8,Evora
2025-09-21 17:00:00,21.0,25,0.0,24.7,Evora
2025-09-21 18:00:00,19.2,40,0.0,23.7,Evora
2025-09-21 19:00:00,17.4,45,0.0,25.5,Evora
2025-09-21 20:00:00,16.1,50,0.0,25.3,Evora
2025-09-21 21:00:00,15.0,53,0.0,23.6,Evora
2025-09-21 22:00:00,13.8,60,0.0,21.2,Evora
2025-09-21 23:00:00,13.0,68,0.0,20.9,Evora
2025-09-22 00:00:00,12.5,73,0.0,20.0,Evora
2025-09-22 01:00:00,11.9,76,0.0,18.3,Evora
2025-09-22 02:00:00,11.8,74,0.0,16.4,Evora
2025-09-22 03:00:00,11.5,72,0.0,15.3,Evora
2025-09-22 04:00:00,11.3,69,0.0,15.5,Evora
2025-09-22 05:00:00,11.0,68,0.0,16.0,Evora
2025-09-22 06:00:00,10.8,68,0.0,17.3,Evora
2025-09-22 07:00:00,11.1,64,0.0,18.6,Evora
2025-09-22 08:00:00,12.9,55,0.0,18.3,Evora
2025-09-22 09:00:00,15.1,45,0.0,18.5,Evora
2025-09-22 10:00:00,17.5,38,0.0,16.1,Evora
2025-09-22 11:00:00,19.7,33,0.0,15.7,Evora
2025-09-22 12:00:00,21.4,29,0.0,15.8,Evora
2025-09-22 13:00:00,22.9,26,0.0,15.3,Evora
2025-09-22 14:00:00,24.0,22,0.0,14.0,Evora
2025-09-22 15:00:00,24.4,20,0.0,14.3,Evora
2025-09-22 16:00:00,24.2,19,0.0,14.2,Evora
2025-09-22 17:00:00,23.4,20,0.0,15.1,Evora
2025-09-22 18:00:00,21.8,21,0.0,12.1,Evora
2025-09-22 19:00:00,19.5,26,0.0,10.6,Evora
2025-09-22 20:00:00,18.0,42,0.0,18.8,Evora
2025-09-22 21:00:00,16.4,54,0.0,19.3,Evora
2025-09-22 22:00:00,15.6,57,0.0,17.5,Evora
2025-09-22 23:00:00,15.1,56,0.0,14.8,Evora
2025-09-23 00:00:00,14.8,52,0.0,13.7,Evora
2025-09-23 01:00:00,14.2,49,0.0,13.0,Evora
2025-09-23 02:00:00,14.2,43,0.0,12.8,Evora
2025-09-23 03:00:00,13.9,40,0.0,12.8,Evora
2025-09-23 04:00:00,13.7,40,0.0,13.1,Evora
2025-09-23 05:00:00,13.3,41,0.0,12.7,Evora
2025-09-23 06:00:00,13.1,42,0.0,12.8,Evora
2025-09-23 07:00:00,13.6,42,0.0,12.8,Evora
2025-09-23 08:00:00,16.3,37,0.0,12.0,Evora
2025-09-23 09:00:00,19.3,31,0.0,14.1,Evora
2025-09-23 10:00:00,21.7,27,0.0,15.4,Evora
2025-09-23 11:00:00,23.4,23,0.0,15.5,Evora
2025-09-23 12:00:00,24.4,21,0.0,14.5,Evora
2025-09-23 13:00:00,25.2,19,0.0,14.6,Evora
2025-09-23 14:00:00,25.7,18,0.0,13.1,Evora
2025-09-23 15:00:00,26.1,18,0.0,11.3,Evora
2025-09-23 16:00:00,26.0,18,0.0,9.4,Evora
2025-09-23 17:00:00,25.4,18,0.0,8.4,Evora
2025-09-23 18:00:00,23.2,22,0.0,6.6,Evora
2025-09-23 19:00:00,21.0,25,0.0,9.4,Evora
2025-09-23 20:00:00,19.8,29,0.0,9.5,Evora
2025-09-23 21:00:00,19.0,32,0.0,12.2,Evora
2025-09-23 22:00:00,18.4,33,0.0,11.3,Evora
2025-09-23 23:00:00,17.9,33,0.0,9.8,Evora
2025-09-24 00:00:00,17.0,34,0.0,9.2,Evora
2025-09-24 01:00:00,16.0,35,0.0,7.5,Evora
2025-09-24 02:00:00,15.8,36,0.0,8.8,Evora
2025-09-24 03:00:00,15.5,38,0.0,9.3,Evora
2025-09-24 04:00:00,15.4,39,0.0,9.8,Evora
2025-09-24 05:00:00,15.0,40,0.0,10.3,Evora
2025-09-24 06:00:00,14.4,41,0.0,10.0,Evora
2025-09-24 07:00:00,15.0,41,0.0,10.6,Evora
2025-09-24 08:00:00,17.2,37,0.0,10.5,Evora
2025-09-24 09:00:00,19.9,31,0.0,11.4,Evora
2025-09-24 10:00:00,22.4,25,0.0,12.7,Evora
2025-09-24 11:00:00,24.3,22,0.0,9.7,Evora
2025-09-24 12:00:00,26.0,20,0.0,6.7,Evora
2025-09-24 13:00:00,27.2,17,0.0,7.1,Evora
2025-09-24 14:00:00,27.5,17,0.0,7.0,Evora
2025-09-24 15:00:00,27.5,16,0.0,6.0,Evora
2025-09-24 16:00:00,27.1,16,0.0,5.2,Evora
2025-09-24 17:00:00,26.5,15,0.0,4.5,Evora
2025-09-24 18:00:00,24.0,24,0.0,3.1,Evora
2025-09-24 19:00:00,23.0,24,0.0,1.0,Evora
2025-09-24 20:00:00,20.6,22,0.0,6.1,Evora
2025-09-24 21:00:00,19.5,26,0.0,7.2,Evora
2025-09-24 22:00:00,18.3,28,0.0,7.1,Evora
2025-09-24 23:00:00,18.8,25,0.0,10.7,Evora
2025-09-25 00:00:00,18.0,28,0.0,9.2,Evora
2025-09-25 01:00:00,16.1,31,0.0,6.8,Evora
2025-09-25 02:00:00,15.6,33,0.0,7.1,Evora
2025-09-25 03:00:00,15.8,33,0.0,8.6,Evora
2025-09-25 04:00:00,15.3,35,0.0,8.1,Evora
2025-09-25 05:00:00,14.5,37,0.0,7.3,Evora
2025-09-25 06:00:00,14.0,38,0.0,6.8,Evora
2025-09-25 07:00:00,14.6,39,0.0,5.7,Evora
2025-09-25 08:00:00,17.7,33,0.0,6.3,Evora
2025-09-25 09:00:00,20.9,27,0.0,5.2,Evora
2025-09-25 10:00:00,23.9,22,0.0,6.4,Evora
2025-09-25 11:00:00,26.0,19,0.0,6.5,Evora
2025-09-25 12:00:00,27.3,17,0.0,5.2,Evora
2025-09-25 13:00:00,28.1,15,0.0,4.6,Evora
2025-09-25 14:00:00,28.4,15,0.0,4.3,Evora
2025-09-25 15:00:00,28.6,15,0.0,5.4,Evora
2025-09-25 16:00:00,28.6,15,0.0,7.0,Evora
2025-09-25 17:00:00,28.1,16,0.0,5.6,Evora
2025-09-25 18:00:00,25.3,25,0.0,2.6,Evora
2025-09-25 19:00:00,22.4,22,0.0,7.1,Evora
2025-09-25 20:00:00,21.2,23,0.0,7.5,Evora
2025-09-25 21:00:00,20.8,30,0.0,15.7,Evora
2025-09-25 22:00:00,20.1,32,0.0,15.3,Evora
2025-09-25 23:00:00,19.1,35,0.0,13.5,Evora
2025-09-26 00:00:00,18.4,37,0.0,13.0,Evora
2025-09-26 01:00:00,17.7,38,0.0,10.4,Evora
2025-09-26 02:00:00,16.7,40,0.0,7.8,Evora
2025-09-26 03:00:00,16.5,40,0.0,9.1,Evora
2025-09-26 04:00:00,16.3,39,0.0,8.8,Evora
2025-09-26 05:00:00,15.5,41,0.0,6.7,Evora
2025-09-26 06:00:00,14.5,44,0.0,5.8,Evora
2025-09-26 07:00:00,15.0,46,0.0,4.8,Evora
2025-09-26 08:00:00,18.7,37,0.0,5.1,Evora
2025-09-26 09:00:00,22.7,29,0.0,1.3,Evora
2025-09-26 10:00:00,25.4,23,0.0,2.0,Evora
2025-09-26 11:00:00,27.0,20,0.0,2.7,Evora
2025-09-26 12:00:00,28.1,19,0.0,4.7,Evora
2025-09-26 13:00:00,28.7,18,0.0,9.1,Evora
2025-09-26 14:00:00,28.8,19,0.0,11.8,Evora
2025-09-26 15:00:00,28.5,21,0.0,13.0,Evora
2025-09-26 16:00:00,27.8,22,0.0,13.3,Evora
2025-09-26 17:00:00,26.6,23,0.0,15.0,Evora
2025-09-26 18:00:00,24.6,25,0.0,13.7,Evora
2025-09-26 19:00:00,22.6,28,0.0,14.1,Evora
2025-09-26 20:00:00,21.1,31,0.0,13.9,Evora
2025-09-26 21:00:00,19.4,43,0.0,13.1,Evora
2025-09-26 22:00:00,18.1,49,0.0,10.8,Evora
2025-09-26 23:00:00,16.8,52,0.0,6.3,Evora
2025-09-27 00:00:00,15.3,57,0.0,4.2,Evora
2025-09-27 01:00:00,14.6,52,0.0,4.5,Evora
2025-09-27 02:00:00,13.8,54,0.0,4.6,Evora
2025-09-27 03:00:00,13.4,56,0.0,1.9,Evora
2025-09-27 04:00:00,13.1,62,0.0,0.3,Evora
2025-09-27 05:00:00,12.4,60,0.0,2.8,Evora
2025-09-27 06:00:00,12.4,60,0.0,2.4,Evora
2025-09-27 07:00:00,12.8,62,0.0,3.9,Evora
2025-09-27 08:00:00,16.1,47,0.0,5.8,Evora
2025-09-27 09:00:00,19.0,37,0.0,7.7,Evora
2025-09-27 10:00:00,21.2,32,0.0,11.7,Evora
2025-09-27 11:00:00,23.0,27,0.0,14.9,Evora
2025-09-27 12:00:00,24.1,25,0.0,16.7,Evora
2025-09-27 13:00:00,24.7,26,0.0,18.9,Evora
2025-09-27 14:00:00,25.2,28,0.0,20.2,Evora
2025-09-27 15:00:00,25.0,34,0.0,20.5,Evora
2025-09-27 16:00:00,23.5,39,0.0,23.2,Evora
2025-09-27 17:00:00,19.9,69,1.0,16.0,Evora
2025-09-27 18:00:00,19.7,73,0.2,16.1,Evora
2025-09-27 19:00:00,19.2,83,0.4,20.0,Evora
2025-09-27 20:00:00,18.3,94,0.6,22.6,Evora
2025-09-27 21:00:00,17.7,95,0.0,19.9,Evora
2025-09-27 22:00:00,17.3,96,0.1,20.9,Evora
2025-09-27 23:00:00,17.2,97,0.5,25.1,Evora
2025-09-28 00:00:00,17.1,98,0.5,26.6,Evora
2025-09-28 01:00:00,16.9,98,0.5,26.3,Evora
2025-09-28 02:00:00,16.9,98,0.7,23.6,Evora
2025-09-28 03:00:00,16.8,98,0.9,24.1,Evora
2025-09-28 04:00:00,16.8,96,0.3,22.6,Evora
2025-09-28 05:00:00,16.6,96,0.3,23.0,Evora
2025-09-28 06:00:00,16.5,96,0.1,23.1,Evora
2025-09-28 07:00:00,16.7,93,0.0,23.0,Evora
2025-09-28 08:00:00,17.3,88,0.0,23.3,Evora
2025-09-28 09:00:00,17.5,86,0.1,26.4,Evora
2025-09-28 10:00:00,18.9,74,0.0,27.9,Evora
2025-09-28 11:00:00,19.7,69,0.0,30.1,Evora
2025-09-28 12:00:00,20.1,68,0.0,29.0,Evora
2025-09-28 13:00:00,19.3,73,0.1,26.5,Evora
2025-09-28 14:00:00,19.8,72,0.1,24.6,Evora
2025-09-28 15:00:00,18.9,79,0.3,20.1,Evora
2025-09-28 16:00:00,20.2,73,0.1,20.6,Evora
2025-09-28 17:00:00,20.2,77,0.1,16.1,Evora
2025-09-28 18:00:00,20.8,67,0.0,14.0,Evora
2025-09-28 19:00:00,19.8,69,0.0,15.7,Evora
2025-09-28 20:00:00,19.0,73,0.0,14.2,Evora
2025-09-28 21:00:00,17.9,78,0.0,10.9,Evora
2025-09-28 22:00:00,17.2,82,0.0,10.0,Evora
2025-09-28 23:00:00,16.7,85,0.0,9.9,Evora
2025-09-29 00:00:00,16.2,91,0.0,9.0,Evora
2025-09-29 01:00:00,16.0,93,0.0,9.4,Evora
2025-09-29 02:00:00,15.7,91,0.0,10.9,Evora
2025-09-29 03:00:00,15.6,90,0.0,12.0,Evora
2025-09-29 04:00:00,15.5,90,0.0,12.1,Evora
2025-09-29 05:00:00,15.5,91,0.0,11.7,Evora
2025-09-29 06:00:00,15.2,93,0.0,10.9,Evora
2025-09-29 07:00:00,15.4,91,0.0,10.8,Evora
2025-09-29 08:00:00,17.6,81,0.0,8.5,Evora
2025-09-29 09:00:00,20.1,69,0.0,9.2,Evora
2025-09-29 10:00:00,22.6,56,0.0,11.8,Evora
2025-09-29 11:00:00,24.1,49,0.0,12.9,Evora
2025-09-29 12:00:00,25.2,45,0.0,12.7,Evora
2025-09-29 13:00:00,26.3,42,0.0,16.5,Evora
2025-09-29 14:00:00,26.6,40,0.0,16.9,Evora
2025-09-29 15:00:00,26.6,39,0.0,15.9,Evora
2025-09-29 16:00:00,26.3,38,0.0,16.1,Evora
2025-09-29 17:00:00,25.5,42,0.0,11.3,Evora
2025-09-29 18:00:00,23.4,50,0.0,6.9,Evora
2025-09-29 19:00:00,20.9,60,0.0,6.4,Evora
2025-09-29 20:00:00,19.5,68,0.0,4.8,Evora
2025-09-29 21:00:00,19.2,68,0.0,3.5,Evora
2025-09-29 22:00:00,18.1,74,0.0,6.2,Evora
2025-09-29 23:00:00,17.7,74,0.0,7.1,Evora
2025-09-30 00:00:00,17.3,76,0.0,8.0,Evora
2025-09-30 01:00:00,17.6,75,0.0,9.4,Evora
2025-09-30 02:00:00,17.4,75,0.0,8.3,Evora
2025-09-30 03:00:00,17.1,77,0.0,7.6,Evora
2025-09-30 04:00:00,16.6,78,0.0,6.9,Evora
2025-09-30 05:00:00,16.0,81,0.0,6.9,Evora
2025-09-30 06:00:00,15.5,83,0.0,5.8,Evora
2025-09-30 07:00:00,16.0,79,0.0,7.2,Evora
2025-09-30 08:00:00,18.5,71,0.0,9.0,Evora
2025-09-30 09:00:00,21.1,65,0.0,8.8,Evora
2025-09-30 10:00:00,23.5,55,0.0,10.4,Evora
2025-09-30 11:00:00,25.3,47,0.0,10.0,Evora
2025-09-30 12:00:00,26.5,41,0.0,8.3,Evora
2025-09-30 13:00:00,27.5,37,0.0,6.9,Evora
2025-09-30 14:00:00,27.7,35,0.0,5.7,Evora
2025-09-30 15:00:00,27.2,35,0.0,6.3,Evora
2025-09-30 16:00:00,27.2,34,0.0,6.7,Evora
2025-09-30 17:00:00,26.2,38,0.0,10.1,Evora
2025-09-30 18:00:00,24.2,43,0.0,9.6,Evora
2025-09-30 19:00:00,22.1,50,0.0,7.4,Evora
2025-09-30 20:00:00,20.4,59,0.0,5.8,Evora
2025-09-30 21:00:00,19.1,65,0.0,5.6,Evora
2025-09-30 22:00:00,18.3,66,0.0,5.9,Evora
2025-09-30 23:00:00,18.0,65,0.0,6.1,Evora
2025-10-01 00:00:00,18.4,61,0.0,6.9,Evora
2025-10-01 01:00:00,17.9,64,0.0,6.0,Evora
2025-10-01 02:00:00,17.4,67,0.0,5.6,Evora
2025-10-01 03:00:00,17.0,70,0.0,5.7,Evora
2025-10-01 04:00:00,16.4,74,0.0,5.0,Evora
2025-10-01 05:00:00,15.9,76,0.0,4.2,Evora
2025-10-01 06:00:00,15.6,78,0.0,3.9,Evora
2025-10-01 07:00:00,15.8,77,0.0,4.5,Evora
2025-10-01 08:00:00,19.0,66,0.0,6.6,Evora
2025-10-01 09:00:00,22.2,55,0.0,5.5,Evora
2025-10-01 10:00:00,25.0,46,0.0,6.9,Evora
2025-10-01 11:00:00,26.5,40,0.0,7.5,Evora
2025-10-01 12:00:00,27.8,36,0.0,8.5,Evora
2025-10-01 13:00:00,28.5,34,0.0,9.5,Evora
2025-10-01 14:00:00,28.8,32,0.0,8.9,Evora
2025-10-01 15:00:00,28.6,32,0.0,8.7,Evora
2025-10-01 16:00:00,28.1,32,0.0,9.1,Evora
2025-10-01 17:00:00,27.4,35,0.0,10.1,Evora
2025-10-01 18:00:00,25.2,44,0.0,4.5,Evora
2025-10-01 19:00:00,23.6,49,0.0,3.6,Evora
2025-10-01 20:00:00,22.3,52,0.0,4.5,Evora
2025-10-01 21:00:00,21.5,55,0.0,9.1,Evora
2025-10-01 22:00:00,20.7,56,0.0,16.4,Evora
2025-10-01 23:00:00,19.6,63,0.0,13.8,Evora
2025-10-02 00:00:00,18.7,67,0.0,13.1,Evora
2025-10-02 01:00:00,18.2,70,0.0,11.1,Evora
2025-10-02 02:00:00,17.5,73,0.0,8.3,Evora
2025-10-02 03:00:00,17.1,74,0.0,7.6,Evora
2025-10-02 04:00:00,17.1,73,0.0,7.6,Evora
2025-10-02 05:00:00,17.0,72,0.0,6.9,Evora
2025-10-02 06:00:00,16.4,75,0.0,5.1,Evora
2025-10-02 07:00:00,17.0,73,0.0,4.6,Evora
2025-10-02 08:00:00,19.9,64,0.0,6.5,Evora
2025-10-02 09:00:00,22.5,54,0.0,4.7,Evora
2025-10-02 10:00:00,25.4,45,0.0,4.8,Evora
2025-10-02 11:00:00,27.6,38,0.0,3.8,Evora
2025-10-02 12:00:00,28.9,33,0.0,4.4,Evora
2025-10-02 13:00:00,29.8,31,0.0,5.4,Evora
2025-10-02 14:00:00,30.0,30,0.0,5.0,Evora
2025-10-02 15:00:00,30.2,30,0.0,4.7,Evora
2025-10-02 16:00:00,29.9,29,0.0,4.5,Evora
2025-10-02 17:00:00,29.2,31,0.0,4.5,Evora
2025-10-02 18:00:00,25.9,42,0.0,5.1,Evora
2025-10-02 19:00:00,24.6,44,0.0,15.3,Evora
2025-10-02 20:00:00,23.1,52,0.0,17.0,Evora
2025-10-02 21:00:00,22.1,56,0.0,16.3,Evora
2025-10-02 22:00:00,21.0,60,0.0,13.9,Evora
2025-10-02 23:00:00,19.8,65,0.0,12.2,Evora
2025-10-03 00:00:00,19.0,66,0.0,13.0,Evora
2025-10-03 01:00:00,18.7,65,0.0,12.0,Evora
2025-10-03 02:00:00,18.2,66,0.0,10.8,Evora
2025-10-03 03:00:00,17.6,68,0.0,9.3,Evora
2025-10-03 04:00:00,17.0,70,0.0,7.6,Evora
2025-10-03 05:00:00,16.1,74,0.0,6.5,Evora
2025-10-03 06:00:00,15.6,78,0.0,5.0,Evora
2025-10-03 07:00:00,16.0,76,0.0,5.6,Evora
2025-10-03 08:00:00,19.4,63,0.0,5.9,Evora
2025-10-03 09:00:00,23.2,50,0.0,3.4,Evora
2025-10-03 10:00:00,26.2,39,0.0,1.5,Evora
2025-10-03 11:00:00,28.0,33,0.0,4.2,Evora
2025-10-03 12:00:00,29.3,31,0.0,7.8,Evora
2025-10-03 13:00:00,29.9,29,0.0,10.5,Evora
2025-10-03 14:00:00,30.0,29,0.0,12.7,Evora
2025-10-03 15:00:00,29.7,29,0.0,14.2,Evora
2025-10-03 16:00:00,28.8,30,0.0,14.9,Evora
2025-10-03 17:00:00,27.5,32,0.0,14.6,Evora
2025-10-03 18:00:00,25.4,35,0.0,12.3,Evora
2025-10-03 19:00:00,23.3,42,0.0,13.5,Evora
2025-10-03 20:00:00,21.3,51,0.0,14.9,Evora
2025-10-03 21:00:00,19.7,61,0.0,14.1,Evora
2025-10-03 22:00:00,18.5,68,0.0,13.5,Evora
2025-10-03 23:00:00,17.1,71,0.0,14.1,Evora
2025-10-04 00:00:00,16.0,71,0.0,13.7,Evora
2025-10-04 01:00:00,15.1,77,0.0,13.9,Evora
2025-10-04 02:00:00,14.2,88,0.0,13.1,Evora
2025-10-04 03:00:00,13.7,96,0.0,13.1,Evora
2025-10-04 04:00:00,14.0,98,0.0,15.7,Evora
2025-10-04 05:00:00,14.2,99,0.0,15.9,Evora
2025-10-04 06:00:00,14.1,99,0.0,16.0,Evora
2025-10-04 07:00:00,14.6,95,0.0,15.7,Evora
2025-10-04 08:00:00,15.3,91,0.0,14.3,Evora
2025-10-04 09:00:00,16.8,80,0.0,12.0,Evora
2025-10-04 10:00:00,19.7,65,0.0,9.8,Evora
2025-10-04 11:00:00,22.7,53,0.0,10.5,Evora
2025-10-04 12:00:00,25.2,44,0.0,11.0,Evora
2025-10-04 13:00:00,26.6,39,0.0,12.1,Evora
2025-10-04 14:00:00,27.6,35,0.0,12.9,Evora
2025-10-04 15:00:00,27.9,33,0.0,13.1,Evora
2025-10-04 16:00:00,27.5,36,0.0,15.0,Evora
2025-10-04 17:00:00,25.9,47,0.0,16.7,Evora
2025-10-04 18:00:00,24.0,56,0.0,15.4,Evora
2025-10-04 19:00:00,21.9,66,0.0,19.7,Evora
2025-10-04 20:00:00,19.9,74,0.0,20.9,Evora
2025-10-04 21:00:00,18.4,82,0.0,20.3,Evora
2025-10-04 22:00:00,17.6,87,0.0,19.4,Evora
2025-10-04 23:00:00,17.2,90,0.0,19.6,Evora
2025-10-05 00:00:00,17.3,90,0.0,19.4,Evora
2025-10-05 01:00:00,17.4,91,0.0,19.6,Evora
2025-10-05 02:00:00,17.1,94,0.0,18.1,Evora
2025-10-05 03:00:00,16.7,97,0.0,15.7,Evora
2025-10-05 04:00:00,16.3,100,0.0,14.4,Evora
2025-10-05 05:00:00,16.2,99,0.0,14.1,Evora
2025-10-05 06:00:00,16.1,97,0.0,13.4,Evora
2025-10-05 07:00:00,15.8,94,0.0,12.6,Evora
2025-10-05 08:00:00,16.3,90,0.0,11.3,Evora
2025-10-05 09:00:00,18.1,81,0.0,9.3,Evora
2025-10-05 10:00:00,20.6,70,0.0,7.4,Evora
2025-10-05 11:00:00,23.0,61,0.0,5.2,Evora
2025-10-05 12:00:00,24.6,56,0.0,3.6,Evora
2025-10-05 13:00:00,26.3,49,0.0,4.5,Evora
2025-10-05 14:00:00,27.3,45,0.0,4.7,Evora
2025-10-05 15:00:00,27.8,43,0.0,4.1,Evora
2025-10-05 16:00:00,27.8,42,0.0,4.3,Evora
2025-10-05 17:00:00,27.2,43,0.0,4.9,Evora
2025-10-05 18:00:00,25.5,48,0.0,4.2,Evora
2025-10-05 19:00:00,24.0,49,0.0,7.6,Evora
2025-10-05 20:00:00,23.1,51,0.0,8.2,Evora
2025-10-05 21:00:00,22.0,55,0.0,9.3,Evora
2025-10-05 22:00:00,20.8,64,0.0,9.9,Evora
2025-10-05 23:00:00,19.9,68,0.0,8.8,Evora
2025-10-06 00:00:00,19.0,73,0.0,8.6,Evora
2025-10-06 01:00:00,18.3,74,0.0,5.8,Evora
2025-10-06 02:00:00,17.6,76,0.0,4.1,Evora
2025-10-06 03:00:00,17.7,74,0.0,3.8,Evora
2025-10-06 04:00:00,17.4,75,0.0,4.4,Evora
2025-10-06 05:00:00,16.7,79,0.0,5.6,Evora
2025-10-06 06:00:00,16.7,79,0.0,7.2,Evora
2025-10-06 07:00:00,16.5,76,0.0,10.7,Evora
2025-10-06 08:00:00,18.3,67,0.0,9.7,Evora
2025-10-06 09:00:00,21.6,60,0.0,7.2,Evora
2025-10-06 10:00:00,24.8,51,0.0,10.4,Evora
2025-10-06 11:00:00,27.1,41,0.0,13.0,Evora
2025-10-06 12:00:00,28.5,35,0.0,12.5,Evora
2025-10-06 13:00:00,29.4,33,0.0,12.5,Evora
2025-10-06 14:00:00,30.0,32,0.0,12.7,Evora
2025-10-06 15:00:00,30.2,32,0.0,12.2,Evora
2025-10-06 16:00:00,29.7,32,0.0,11.1,Evora
2025-10-06 17:00:00,29.0,33,0.0,11.2,Evora
2025-10-06 18:00:00,27.2,40,0.0,9.7,Evora
2025-10-06 19:00:00,24.1,58,0.0,12.4,Evora
2025-10-06 20:00:00,22.4,68,0.0,11.5,Evora
2025-10-06 21:00:00,21.3,73,0.0,8.9,Evora
2025-10-06 22:00:00,20.4,77,0.0,7.6,Evora
2025-10-06 23:00:00,19.5,81,0.0,4.8,Evora
2025-10-07 00:00:00,18.8,85,0.0,4.6,Evora
2025-10-07 01:00:00,17.9,89,0.0,3.6,Evora
2025-10-07 02:00:00,17.1,93,0.0,3.3,Evora
2025-10-07 03:00:00,16.6,94,0.0,3.1,Evora
2025-10-07 04:00:00,16.2,95,0.0,2.8,Evora
2025-10-07 05:00:00,15.9,96,0.0,2.5,Evora
2025-10-07 06:00:00,15.7,96,0.0,0.9,Evora
2025-10-07 07:00:00,15.8,95,0.0,1.3,Evora
2025-10-07 08:00:00,19.0,81,0.0,2.0,Evora
2025-10-07 09:00:00,21.9,67,0.0,1.5,Evora
2025-10-07 10:00:00,24.0,54,0.0,3.7,Evora
2025-10-07 11:00:00,25.7,45,0.0,5.2,Evora
2025-10-07 12:00:00,26.9,41,0.0,6.2,Evora
2025-10-07 13:00:00,27.7,38,0.0,6.5,Evora
2025-10-07 14:00:00,28.2,37,0.0,6.0,Evora
2025-10-07 15:00:00,28.2,37,0.0,5.9,Evora
2025-10-07 16:00:00,27.6,37,0.0,6.0,Evora
2025-10-07 17:00:00,27.3,38,0.0,6.6,Evora
2025-10-07 18:00:00,23.8,57,0.0,18.9,Evora
2025-10-07 19:00:00,22.1,64,0.0,15.9,Evora
2025-10-07 20:00:00,20.4,71,0.0,19.0,Evora
2025-10-07 21:00:00,18.7,79,0.0,16.4,Evora
2025-10-07 22:00:00,17.9,82,0.0,12.6,Evora
2025-10-07 23:00:00,17.4,84,0.0,11.6,Evora
2025-10-08 00:00:00,16.7,85,0.0,11.9,Evora
2025-10-08 01:00:00,15.8,90,0.0,11.9,Evora
2025-10-08 02:00:00,15.1,92,0.0,11.4,Evora
2025-10-08 03:00:00,15.0,90,0.0,11.1,Evora
2025-10-08 04:00:00,14.8,90,0.0,13.2,Evora
2025-10-08 05:00:00,14.5,90,0.0,12.2,Evora
2025-10-08 06:00:00,14.2,90,0.0,12.3,Evora
2025-10-08 07:00:00,14.1,90,0.0,13.2,Evora
2025-10-08 08:00:00,15.2,82,0.0,14.0,Evora
2025-10-08 09:00:00,17.1,71,0.0,13.0,Evora
2025-10-08 10:00:00,18.9,61,0.0,12.6,Evora
2025-10-08 11:00:00,20.4,52,0.0,12.0,Evora
2025-10-08 12:00:00,21.5,46,0.0,13.2,Evora
2025-10-08 13:00:00,22.1,46,0.0,11.8,Evora
2025-10-08 14:00:00,22.6,45,0.0,12.2,Evora
2025-10-08 15:00:00,22.5,46,0.0,15.1,Evora
2025-10-08 16:00:00,21.9,47,0.0,14.6,Evora
2025-10-08 17:00:00,21.2,48,0.0,13.5,Evora
2025-10-08 18:00:00,20.2,52,0.0,10.5,Evora
2025-10-08 19:00:00,18.2,64,0.0,15.9,Evora
2025-10-08 20:00:00,16.3,77,0.0,16.6,Evora
2025-10-08 21:00:00,15.2,87,0.0,16.0,Evora
2025-10-08 22:00:00,14.5,92,0.0,13.8,Evora
2025-10-08 23:00:00,13.9,95,0.0,12.0,Evora
2025-10-09 00:00:00,13.4,95,0.0,9.8,Evora
2025-10-09 01:00:00,13.5,96,0.0,10.8,Evora
2025-10-09 02:00:00,13.8,97,0.0,9.4,Evora
2025-10-09 03:00:00,14.2,96,0.0,9.2,Evora
2025-10-09 04:00:00,14.6,96,0.0,10.7,Evora
2025-10-09 05:00:00,14.7,95,0.0,10.9,Evora
2025-10-09 06:00:00,15.3,94,0.0,9.1,Evora
2025-10-09 07:00:00,15.4,93,0.0,8.5,Evora
2025-10-09 08:00:00,16.1,89,0.0,8.3,Evora
2025-10-09 09:00:00,17.3,82,0.0,5.7,Evora
2025-10-09 10:00:00,19.6,71,0.0,2.8,Evora
2025-10-09 11:00:00,21.6,64,0.0,1.9,Evora
2025-10-09 12:00:00,22.4,60,0.0,4.3,Evora
2025-10-09 13:00:00,24.5,52,0.0,4.6,Evora
2025-10-09 14:00:00,25.6,47,0.0,5.7,Evora
2025-10-09 15:00:00,26.0,44,0.0,8.2,Evora
2025-10-09 16:00:00,25.7,43,0.0,10.5,Evora
2025-10-09 17:00:00,24.8,47,0.0,12.3,Evora
2025-10-09 18:00:00,23.6,48,0.0,8.1,Evora
2025-10-09 19:00:00,22.4,53,0.0,8.6,Evora
2025-10-09 20:00:00,21.5,59,0.0,11.3,Evora
2025-10-09 21:00:00,20.6,64,0.0,11.7,Evora
2025-10-09 22:00:00,19.4,72,0.0,12.1,Evora
2025-10-09 23:00:00,18.8,77,0.0,11.8,Evora
2025-10-10 00:00:00,18.2,79,0.0,9.6,Evora
2025-10-10 01:00:00,17.7,80,0.0,8.3,Evora
2025-10-10 02:00:00,17.5,78,0.0,7.0,Evora
2025-10-10 03:00:00,17.3,77,0.0,8.8,Evora
2025-10-10 04:00:00,17.0,76,0.0,7.6,Evora
2025-10-10 05:00:00,16.7,75,0.0,7.7,Evora
2025-10-10 06:00:00,16.9,73,0.0,9.7,Evora
2025-10-10 07:00:00,16.8,74,0.0,9.8,Evora
2025-10-10 08:00:00,18.7,68,0.0,10.4,Evora
2025-10-10 09:00:00,21.4,57,0.0,10.8,Evora
2025-10-10 10:00:00,23.6,49,0.0,13.1,Evora
2025-10-10 11:00:00,25.3,44,0.0,12.1,Evora
2025-10-10 12:00:00,26.5,40,0.0,11.3,Evora
2025-10-10 13:00:00,27.3,36,0.0,9.7,Evora
2025-10-10 14:00:00,27.7,34,0.0,9.4,Evora
2025-10-10 15:00:00,27.9,33,0.0,8.8,Evora
2025-10-10 16:00:00,27.6,33,0.0,9.0,Evora
2025-10-10 17:00:00,26.7,33,0.0,11.9,Evora
2025-10-10 18:00:00,25.0,36,0.0,9.2,Evora
2025-10-10 19:00:00,23.3,40,0.0,9.5,Evora
2025-10-10 20:00:00,22.2,44,0.0,9.2,Evora
2025-10-10 21:00:00,21.1,48,0.0,8.0,Evora
2025-10-10 22:00:00,20.2,51,0.0,11.5,Evora
2025-10-10 23:00:00,19.8,51,0.0,11.2,Evora
2025-10-11 00:00:00,19.7,50,0.0,14.7,Evora
2025-10-11 01:00:00,19.0,56,0.0,14.5,Evora
2025-10-11 02:00:00,18.4,61,0.0,14.3,Evora
2025-10-11 03:00:00,17.8,65,0.0,13.7,Evora
2025-10-11 04:00:00,17.2,69,0.0,13.1,Evora
2025-10-11 05:00:00,16.8,72,0.0,13.1,Evora
2025-10-11 06:00:00,16.5,74,0.0,12.7,Evora
2025-10-11 07:00:00,16.3,76,0.0,13.2,Evora
2025-10-11 08:00:00,17.9,70,0.0,13.1,Evora
2025-10-11 09:00:00,20.0,61,0.0,16.3,Evora
2025-10-11 10:00:00,21.7,54,0.0,17.4,Evora
2025-10-11 11:00:00,23.2,46,0.0,16.0,Evora
2025-10-11 12:00:00,24.8,39,0.0,17.3,Evora
2025-10-11 13:00:00,25.5,37,0.0,16.9,Evora
2025-10-11 14:00:00,26.0,36,0.0,17.1,Evora
2025-10-11 15:00:00,26.2,35,0.0,17.3,Evora
2025-10-11 16:00:00,26.0,36,0.0,17.7,Evora
2025-10-11 17:00:00,25.2,37,0.0,16.3,Evora
2025-10-11 18:00:00,23.5,41,0.0,8.2,Evora
2025-10-11 19:00:00,22.3,44,0.0,9.7,Evora
2025-10-11 20:00:00,21.8,44,0.0,11.1,Evora
2025-10-11 21:00:00,21.3,44,0.0,12.5,Evora
2025-10-11 22:00:00,20.6,46,0.0,12.3,Evora
2025-10-11 23:00:00,19.9,49,0.0,11.9,Evora
2025-10-12 00:00:00,19.4,52,0.0,11.5,Evora
2025-10-12 01:00:00,19.0,53,0.0,12.7,Evora
2025-10-12 02:00:00,18.4,56,0.0,12.5,Evora
2025-10-12 03:00:00,17.8,60,0.0,12.6,Evora
2025-10-12 04:00:00,17.3,63,0.0,12.5,Evora
2025-10-12 05:00:00,16.8,67,0.0,12.7,Evora
2025-10-12 06:00:00,16.2,71,0.0,12.9,Evora
2025-10-12 07:00:00,16.0,73,0.0,12.2,Evora
2025-10-12 08:00:00,17.5,68,0.0,11.6,Evora
2025-10-12 09:00:00,19.9,60,0.0,11.1,Evora
2025-10-12 10:00:00,22.1,52,0.0,11.7,Evora
2025-10-12 11:00:00,23.9,45,0.0,10.3,Evora
2025-10-12 12:00:00,25.6,41,0.0,8.0,Evora
2025-10-12 13:00:00,26.6,37,0.0,6.4,Evora
2025-10-12 14:00:00,26.9,35,0.0,5.1,Evora
2025-10-12 15:00:00,27.0,34,0.0,5.8,Evora
2025-10-12 16:00:00,26.7,34,0.0,7.3,Evora
2025-10-12 17:00:00,26.0,34,0.0,7.5,Evora
2025-10-12 18:00:00,24.4,37,0.0,4.8,Evora
2025-10-12 19:00:00,23.9,41,0.0,2.6,Evora
2025-10-12 20:00:00,22.7,44,0.0,1.5,Evora
2025-10-12 21:00:00,21.3,49,0.0,3.2,Evora
2025-10-12 22:00:00,20.4,52,0.0,2.9,Evora
2025-10-12 23:00:00,19.1,56,0.0,3.5,Evora
2025-10-13 00:00:00,18.2,60,0.0,4.7,Evora
2025-10-13 01:00:00,17.7,61,0.0,5.4,Evora
2025-10-13 02:00:00,17.2,63,0.0,5.2,Evora
2025-10-13 03:00:00,17.2,63,0.0,5.6,Evora
2025-10-13 04:00:00,17.7,61,0.0,5.8,Evora
2025-10-13 05:00:00,17.8,60,0.0,8.2,Evora
2025-10-13 06:00:00,17.4,64,0.0,4.9,Evora
2025-10-13 07:00:00,16.7,69,0.0,5.9,Evora
2025-10-13 08:00:00,19.0,62,0.0,9.7,Evora
2025-10-13 09:00:00,21.2,57,0.0,6.8,Evora
2025-10-13 10:00:00,24.0,47,0.0,5.8,Evora
2025-10-13 11:00:00,26.1,39,0.0,4.0,Evora
2025-10-13 12:00:00,26.7,37,0.0,3.2,Evora
2025-10-13 13:00:00,27.6,35,0.0,2.2,Evora
2025-10-13 14:00:00,27.9,33,0.0,3.1,Evora
2025-10-13 15:00:00,27.9,33,0.0,2.7,Evora
2025-10-13 16:00:00,27.7,33,0.0,5.4,Evora
2025-10-13 17:00:00,26.8,34,0.0,6.9,Evora
2025-10-13 18:00:00,25.2,39,0.0,3.8,Evora
2025-10-13 19:00:00,23.7,41,0.0,4.1,Evora
2025-10-13 20:00:00,22.8,42,0.0,2.4,Evora
2025-10-13 21:00:00,21.9,43,0.0,11.5,Evora
2025-10-13 22:00:00,21.2,48,0.0,15.3,Evora
2025-10-13 23:00:00,20.3,53,0.0,13.1,Evora
2025-10-14 00:00:00,19.4,59,0.0,13.2,Evora
2025-10-14 01:00:00,18.8,61,0.0,12.3,Evora
2025-10-14 02:00:00,18.4,62,0.0,11.4,Evora
2025-10-14 03:00:00,17.9,64,0.0,9.9,Evora
2025-10-14 04:00:00,17.4,65,0.0,8.2,Evora
2025-10-14 05:00:00,16.8,67,0.0,6.3,Evora
2025-10-14 06:00:00,16.2,70,0.0,3.9,Evora
2025-10-14 07:00:00,16.0,72,0.0,3.2,Evora
2025-10-14 08:00:00,18.4,62,0.0,5.3,Evora
2025-10-14 09:00:00,21.2,54,0.0,4.0,Evora
2025-10-14 10:00:00,24.1,46,0.0,5.9,Evora
2025-10-14 11:00:00,26.4,40,0.0,6.5,Evora
2025-10-14 12:00:00,27.9,32,0.0,4.4,Evora
2025-10-14 13:00:00,28.5,30,0.0,4.2,Evora
2025-10-14 14:00:00,28.5,28,0.0,5.4,Evora
2025-10-14 15:00:00,28.1,28,0.0,7.5,Evora
2025-10-14 16:00:00,27.7,28,0.0,8.3,Evora
2025-10-14 17:00:00,27.0,30,0.0,6.1,Evora
2025-10-14 18:00:00,24.0,38,0.0,4.1,Evora
2025-10-14 19:00:00,23.3,41,0.0,6.7,Evora
2025-10-14 20:00:00,22.1,45,0.0,7.9,Evora
2025-10-14 21:00:00,21.6,46,0.0,12.7,Evora
2025-10-14 22:00:00,20.7,51,0.0,11.2,Evora
2025-10-14 23:00:00,19.9,55,0.0,11.0,Evora
2025-10-15 00:00:00,18.5,61,0.0,5.1,Evora
2025-10-15 01:00:00,17.4,66,0.0,3.4,Evora
2025-10-15 02:00:00,17.1,66,0.0,4.0,Evora
2025-10-15 03:00:00,16.8,66,0.0,4.2,Evora
2025-10-15 04:00:00,17.0,62,0.0,3.4,Evora
2025-10-15 05:00:00,17.0,59,0.0,2.7,Evora
2025-10-15 06:00:00,16.2,64,0.0,4.5,Evora
2025-10-15 07:00:00,15.4,69,0.0,4.9,Evora
2025-10-15 08:00:00,18.0,56,0.0,6.7,Evora
2025-10-15 09:00:00,20.7,47,0.0,4.6,Evora
2025-10-15 10:00:00,23.5,39,0.0,6.2,Evora
2025-10-15 11:00:00,26.1,33,0.0,5.1,Evora
2025-10-15 12:00:00,27.9,30,0.0,5.0,Evora
2025-10-15 13:00:00,28.9,27,0.0,3.1,Evora
2025-10-15 14:00:00,29.0,26,0.0,1.3,Evora
2025-10-15 15:00:00,29.1,25,0.0,0.3,Evora
2025-10-15 16:00:00,28.8,25,0.0,1.7,Evora
2025-10-15 17:00:00,27.5,41,0.0,0.5,Evora
2025-10-15 18:00:00,25.6,34,0.0,0.7,Evora
2025-10-15 19:00:00,23.3,37,0.0,5.7,Evora
2025-10-15 20:00:00,23.4,43,0.0,14.7,Evora
2025-10-15 21:00:00,22.5,47,0.0,16.6,Evora
2025-10-15 22:00:00,21.6,49,0.0,17.3,Evora
2025-10-15 23:00:00,21.3,48,0.0,13.3,Evora
2025-10-16 00:00:00,20.7,47,0.0,8.7,Evora
2025-10-16 01:00:00,20.2,47,0.0,8.7,Evora
2025-10-16 02:00:00,19.9,47,0.0,11.1,Evora
2025-10-16 03:00:00,19.6,47,0.0,11.2,Evora
2025-10-16 04:00:00,19.3,49,0.0,8.7,Evora
2025-10-16 05:00:00,19.2,49,0.0,6.8,Evora
2025-10-16 06:00:00,18.8,51,0.0,8.5,Evora
2025-10-16 07:00:00,18.3,54,0.0,4.2,Evora
2025-10-16 08:00:00,19.0,54,0.0,2.8,Evora
2025-10-16 09:00:00,20.6,50,0.0,2.2,Evora
2025-10-16 10:00:00,22.5,46,0.0,4.0,Evora
2025-10-16 11:00:00,24.4,41,0.0,6.5,Evora
2025-10-16 12:00:00,27.0,38,0.0,8.6,Evora
2025-10-16 13:00:00,28.0,35,0.0,7.8,Evora
2025-10-16 14:00:00,28.3,33,0.0,6.9,Evora
2025-10-16 15:00:00,28.5,33,0.0,5.2,Evora
2025-10-16 16:00:00,27.9,33,0.0,6.9,Evora
2025-10-16 17:00:00,26.9,34,0.0,8.5,Evora
2025-10-16 18:00:00,25.2,38,0.0,8.3,Evora
2025-10-16 19:00:00,22.7,45,0.0,12.4,Evora
2025-10-16 20:00:00,21.0,50,0.0,11.7,Evora
2025-10-16 21:00:00,19.8,54,0.0,4.3,Evora
2025-10-16 22:00:00,18.5,60,0.0,2.9,Evora
2025-10-16 23:00:00,18.2,60,0.0,6.8,Evora
2025-10-17 00:00:00,17.5,63,0.0,6.7,Evora
2025-10-17 01:00:00,16.8,67,0.0,5.4,Evora
2025-10-17 02:00:00,15.9,72,0.0,3.6,Evora
2025-10-17 03:00:00,15.7,73,0.0,1.3,Evora
2025-10-17 04:00:00,15.1,75,0.0,2.8,Evora
2025-10-17 05:00:00,15.2,77,0.0,1.3,Evora
2025-10-17 06:00:00,14.5,79,0.0,1.9,Evora
2025-10-17 07:00:00,13.8,83,0.0,3.2,Evora
2025-10-17 08:00:00,16.5,70,0.0,3.5,Evora
2025-10-17 09:00:00,19.6,57,0.0,4.5,Evora
2025-10-17 10:00:00,22.3,49,0.0,4.8,Evora
2025-10-17 11:00:00,24.2,45,0.0,5.6,Evora
2025-10-17 12:00:00,25.8,41,0.0,5.2,Evora
2025-10-17 13:00:00,26.8,37,0.0,5.4,Evora
2025-10-17 14:00:00,27.3,35,0.0,6.6,Evora
2025-10-17 15:00:00,27.5,33,0.0,6.8,Evora
2025-10-17 16:00:00,27.1,33,0.0,8.3,Evora
2025-10-17 17:00:00,26.1,35,0.0,7.8,Evora
2025-10-17 18:00:00,23.9,42,0.0,8.0,Evora
2025-10-17 19:00:00,22.4,49,0.0,4.9,Evora
2025-10-17 20:00:00,21.7,52,0.0,3.2,Evora
2025-10-17 21:00:00,21.5,53,0.0,2.2,Evora
2025-10-17 22:00:00,20.8,55,0.0,1.8,Evora
2025-10-17 23:00:00,19.3,62,0.0,1.1,Evora
2025-10-18 00:00:00,18.2,65,0.0,1.3,Evora
2025-10-18 01:00:00,17.2,70,0.0,0.5,Evora
2025-10-18 02:00:00,16.0,77,0.0,4.8,Evora
2025-10-18 03:00:00,15.1,82,0.0,4.2,Evora
2025-10-18 04:00:00,14.7,86,0.0,4.0,Evora
2025-10-18 05:00:00,14.6,87,0.0,3.0,Evora
2025-10-18 06:00:00,14.1,92,0.0,3.6,Evora
2025-10-18 07:00:00,13.7,94,0.0,4.7,Evora
2025-10-18 08:00:00,16.3,83,0.0,4.9,Evora
2025-10-18 09:00:00,19.3,70,0.0,4.5,Evora
2025-10-18 10:00:00,22.3,58,0.0,6.5,Evora
2025-10-18 11:00:00,24.4,49,0.0,7.6,Evora
2025-10-18 12:00:00,26.1,42,0.0,9.9,Evora
2025-10-18 13:00:00,27.1,36,0.0,9.7,Evora
2025-10-18 14:00:00,27.7,32,0.0,10.2,Evora
2025-10-18 15:00:00,27.7,31,0.0,9.4,Evora
2025-10-18 16:00:00,27.2,31,0.0,8.4,Evora
2025-10-18 17:00:00,26.2,35,0.0,4.9,Evora
2025-10-18 18:00:00,23.5,43,0.0,4.1,Evora
2025-10-18 19:00:00,21.7,47,0.0,6.6,Evora
2025-10-18 20:00:00,21.4,47,0.0,13.6,Evora
2025-10-18 21:00:00,19.4,62,0.0,10.6,Evora
2025-10-18 22:00:00,18.9,67,0.0,10.2,Evora
2025-10-18 23:00:00,18.5,71,0.0,5.9,Evora
2025-10-19 00:00:00,18.7,74,0.0,0.3,Evora
2025-10-19 01:00:00,17.7,76,0.0,4.8,Evora
2025-10-19 02:00:00,17.0,81,0.0,3.1,Evora
2025-10-19 03:00:00,16.8,82,0.0,5.1,Evora
2025-10-19 04:00:00,16.6,82,0.0,9.0,Evora
2025-10-19 05:00:00,16.9,80,0.0,8.3,Evora
2025-10-19 06:00:00,17.2,79,0.0,10.3,Evora
2025-10-19 07:00:00,17.0,84,0.0,11.7,Evora
2025-10-19 08:00:00,18.1,81,0.0,10.8,Evora
2025-10-19 09:00:00,20.1,71,0.0,13.9,Evora
2025-10-19 10:00:00,21.8,61,0.0,14.0,Evora
2025-10-19 11:00:00,23.4,52,0.0,14.6,Evora
2025-10-19 12:00:00,24.5,48,0.0,16.7,Evora
2025-10-19 13:00:00,25.2,46,0.0,16.7,Evora
2025-10-19 14:00:00,25.8,44,0.0,16.5,Evora
2025-10-19 15:00:00,25.7,41,0.0,17.7,Evora
2025-10-19 16:00:00,24.4,46,0.0,18.8,Evora
2025-10-19 17:00:00,22.1,58,0.0,18.0,Evora
2025-10-19 18:00:00,20.6,67,0.0,15.9,Evora
2025-10-19 19:00:00,19.5,75,0.0,15.7,Evora
2025-10-19 20:00:00,19.1,84,0.0,14.8,Evora
2025-10-19 21:00:00,18.5,90,0.0,15.0,Evora
2025-10-19 22:00:00,18.2,93,0.0,14.5,Evora
2025-10-19 23:00:00,18.3,94,0.0,13.7,Evora
2025-10-20 00:00:00,18.2,96,0.2,14.2,Evora
2025-10-20 01:00:00,18.2,98,0.1,16.6,Evora
2025-10-20 02:00:00,18.1,98,0.0,13.2,Evora
2025-10-20 03:00:00,17.9,98,0.0,12.4,Evora
2025-10-20 04:00:00,17.9,97,0.2,13.3,Evora
2025-10-20 05:00:00,17.9,95,0.1,13.5,Evora
2025-10-20 06:00:00,17.3,96,0.0,12.1,Evora
2025-10-20 07:00:00,16.5,97,0.0,10.6,Evora
2025-10-20 08:00:00,16.9,92,0.0,10.6,Evora
2025-10-20 09:00:00,18.2,79,0.0,10.8,Evora
2025-10-20 10:00:00,19.9,66,0.0,15.2,Evora
2025-10-20 11:00:00,21.2,56,0.0,15.2,Evora
2025-10-20 12:00:00,21.8,52,0.0,14.6,Evora
2025-10-20 13:00:00,22.6,50,0.0,13.2,Evora
2025-10-20 14:00:00,23.1,48,0.0,13.8,Evora
2025-10-20 15:00:00,23.2,47,0.0,14.1,Evora
2025-10-20 16:00:00,22.7,50,0.0,14.2,Evora
2025-10-20 17:00:00,21.4,56,0.0,15.0,Evora
2025-10-20 18:00:00,20.0,65,0.0,12.6,Evora
2025-10-20 19:00:00,18.2,83,0.0,13.6,Evora
2025-10-20 20:00:00,17.3,90,0.0,13.0,Evora
2025-10-20 21:00:00,16.8,94,0.0,11.6,Evora
2025-10-20 22:00:00,16.6,97,0.0,11.0,Evora
2025-10-20 23:00:00,16.9,98,0.0,9.2,Evora
2025-10-21 00:00:00,17.8,96,0.0,10.7,Evora
2025-10-21 01:00:00,17.9,97,0.0,11.1,Evora
2025-10-21 02:00:00,17.9,98,0.0,13.0,Evora
2025-10-21 03:00:00,18.0,97,0.0,15.8,Evora
2025-10-21 04:00:00,18.1,96,0.0,15.1,Evora
2025-10-21 05:00:00,18.0,97,0.1,13.6,Evora
2025-10-21 06:00:00,18.1,98,0.2,13.0,Evora
2025-10-21 07:00:00,18.2,98,0.1,12.2,Evora
2025-10-21 08:00:00,18.4,97,0.4,9.6,Evora
2025-10-21 09:00:00,18.5,100,1.4,11.5,Evora
2025-10-21 10:00:00,18.9,99,0.7,15.5,Evora
2025-10-21 11:00:00,20.0,94,0.4,16.8,Evora
2025-10-21 12:00:00,19.5,93,1.4,20.2,Evora
2025-10-21 13:00:00,21.9,77,0.1,22.7,Evora
2025-10-21 14:00:00,23.1,71,0.1,23.3,Evora
2025-10-21 15:00:00,22.0,76,0.3,23.9,Evora
2025-10-21 16:00:00,20.4,87,0.4,21.6,Evora
2025-10-21 17:00:00,20.3,86,0.0,18.3,Evora
2025-10-21 18:00:00,19.8,89,0.1,16.6,Evora
2025-10-21 19:00:00,18.7,94,0.0,13.9,Evora
2025-10-21 20:00:00,18.2,97,0.0,12.6,Evora
2025-10-21 21:00:00,17.9,98,0.0,11.5,Evora
2025-10-21 22:00:00,17.9,100,0.0,14.5,Evora
2025-10-21 23:00:00,18.1,96,0.0,13.5,Evora
2025-10-22 00:00:00,17.4,97,0.0,12.2,Evora
2025-10-22 01:00:00,17.4,98,0.0,12.8,Evora
2025-10-22 02:00:00,17.6,98,0.0,12.4,Evora
2025-10-22 03:00:00,17.9,98,0.1,14.8,Evora
2025-10-22 04:00:00,17.9,98,0.0,13.7,Evora
2025-10-22 05:00:00,18.0,98,0.1,12.8,Evora
2025-10-22 06:00:00,17.5,100,0.0,10.2,Evora
2025-10-22 07:00:00,18.0,100,0.0,12.8,Evora
2025-10-22 08:00:00,18.5,99,0.1,14.9,Evora
2025-10-22 09:00:00,19.2,95,0.2,17.0,Evora
2025-10-22 10:00:00,19.9,91,0.2,17.8,Evora
2025-10-22 11:00:00,22.0,75,0.1,19.8,Evora
2025-10-22 12:00:00,23.5,65,0.0,19.9,Evora
2025-10-22 13:00:00,24.4,59,0.0,20.3,Evora
2025-10-22 14:00:00,24.0,63,0.0,20.2,Evora
2025-10-22 15:00:00,23.8,65,0.0,20.4,Evora
2025-10-22 16:00:00,23.4,67,0.0,19.3,Evora
2025-10-22 17:00:00,22.0,76,0.0,18.0,Evora
2025-10-22 18:00:00,20.8,82,0.0,15.0,Evora
2025-10-22 19:00:00,19.7,92,0.0,15.7,Evora
2025-10-22 20:00:00,19.3,96,0.0,15.2,Evora
2025-10-22 21:00:00,19.3,98,0.0,17.5,Evora
2025-10-22 22:00:00,19.2,96,0.0,15.9,Evora
2025-10-22 23:00:00,19.2,98,0.1,13.2,Evora
2025-10-23 00:00:00,19.3,97,0.1,12.4,Evora
2025-10-23 01:00:00,19.1,97,0.0,13.0,Evora
2025-10-23 02:00:00,18.9,98,0.0,12.3,Evora
2025-10-23 03:00:00,18.9,98,0.0,12.8,Evora
2025-10-23 04:00:00,18.9,99,0.1,12.1,Evora
2025-10-23 05:00:00,19.1,96,0.1,15.7,Evora
2025-10-23 06:00:00,19.2,98,0.0,12.9,Evora
2025-10-23 07:00:00,19.3,99,0.3,13.8,Evora
2025-10-23 08:00:00,19.6,96,0.2,13.8,Evora
2025-10-23 09:00:00,20.6,88,0.1,14.6,Evora
2025-10-23 10:00:00,21.6,78,0.0,13.6,Evora
2025-10-23 11:00:00,22.6,72,0.0,13.7,Evora
2025-10-23 12:00:00,23.3,68,0.0,15.0,Evora
2025-10-23 13:00:00,24.1,64,0.1,15.7,Evora
2025-10-23 14:00:00,23.9,63,0.0,14.7,Evora
2025-10-23 15:00:00,23.7,65,0.0,14.1,Evora
2025-10-23 16:00:00,23.5,65,0.0,14.5,Evora
2025-10-23 17:00:00,22.0,74,0.0,14.9,Evora
2025-10-23 18:00:00,20.3,83,0.0,12.8,Evora
2025-10-23 19:00:00,19.0,90,0.0,12.5,Evora
2025-10-23 20:00:00,18.4,96,0.0,11.4,Evora
2025-10-23 21:00:00,18.3,96,0.0,9.6,Evora
2025-10-23 22:00:00,18.0,97,0.0,9.7,Evora
2025-10-23 23:00:00,17.6,98,0.0,9.6,Evora
2025-10-24 00:00:00,17.8,96,0.0,11.9,Evora
2025-10-24 01:00:00,17.7,97,0.0,10.8,Evora
2025-10-24 02:00:00,17.6,97,0.0,9.2,Evora
2025-10-24 03:00:00,17.5,97,0.0,7.9,Evora
2025-10-24 04:00:00,17.4,97,0.0,8.7,Evora
2025-10-24 05:00:00,17.3,97,0.0,8.9,Evora
2025-10-24 06:00:00,17.7,98,0.0,10.0,Evora
2025-10-24 07:00:00,17.8,98,0.0,11.7,Evora
2025-10-24 08:00:00,18.0,98,0.0,12.0,Evora
2025-10-24 09:00:00,18.4,96,0.1,12.6,Evora
2025-10-24 10:00:00,19.3,93,0.1,13.7,Evora
2025-10-24 11:00:00,20.4,86,0.3,17.1,Evora
2025-10-24 12:00:00,21.8,77,0.1,18.7,Evora
2025-10-24 13:00:00,22.8,71,0.1,16.8,Evora
2025-10-24 14:00:00,23.5,67,0.1,18.5,Evora
2025-10-24 15:00:00,22.8,72,0.0,18.3,Evora
2025-10-24 16:00:00,22.6,72,0.0,16.0,Evora
2025-10-24 17:00:00,21.5,76,0.0,13.3,Evora
2025-10-24 18:00:00,20.1,85,0.0,13.1,Evora
2025-10-24 19:00:00,19.1,95,0.0,11.6,Evora
2025-10-24 20:00:00,18.9,98,0.0,10.8,Evora
2025-10-24 21:00:00,18.8,97,0.0,10.0,Evora
2025-10-24 22:00:00,18.4,99,0.0,7.9,Evora
2025-10-24 23:00:00,18.4,99,0.0,7.4,Evora
2025-10-25 00:00:00,18.6,95,0.0,11.4,Evora
2025-10-25 01:00:00,17.9,97,0.0,9.0,Evora
2025-10-25 02:00:00,17.2,98,0.0,6.9,Evora
2025-10-25 03:00:00,17.0,97,0.0,6.3,Evora
2025-10-25 04:00:00,16.8,97,0.0,4.2,Evora
2025-10-25 05:00:00,16.3,99,0.0,2.0,Evora
2025-10-25 06:00:00,16.6,98,0.0,5.3,Evora
2025-10-25 07:00:00,16.5,99,0.0,6.8,Evora
2025-10-25 08:00:00,16.7,98,0.0,9.6,Evora
2025-10-25 09:00:00,18.2,87,0.0,10.6,Evora
2025-10-25 10:00:00,19.6,80,0.0,12.3,Evora
2025-10-25 11:00:00,20.9,76,0.2,14.9,Evora
2025-10-25 12:00:00,21.6,72,0.1,15.0,Evora
2025-10-25 13:00:00,21.9,72,0.2,15.7,Evora
2025-10-25 14:00:00,21.5,75,0.5,16.9,Evora
2025-10-25 15:00:00,21.7,73,0.1,15.0,Evora
2025-10-25 16:00:00,20.9,75,0.0,15.7,Evora
2025-10-25 17:00:00,20.1,77,0.0,16.4,Evora
2025-10-25 18:00:00,18.6,86,0.0,9.7,Evora
2025-10-25 19:00:00,18.0,92,0.0,8.0,Evora
2025-10-25 20:00:00,17.6,95,0.0,8.1,Evora
2025-10-25 21:00:00,17.2,97,0.0,6.8,Evora
2025-10-25 22:00:00,17.4,96,0.0,8.4,Evora
2025-10-25 23:00:00,17.4,95,0.1,6.2,Evora
2025-10-26 00:00:00,17.2,97,0.4,7.3,Evora
2025-10-26 01:00:00,17.1,98,0.2,7.8,Evora
2025-10-26 02:00:00,17.1,91,0.5,7.5,Evora
2025-10-26 03:00:00,16.8,96,0.3,6.5,Evora
2025-10-26 04:00:00,16.4,99,0.0,2.9,Evora
2025-10-26 05:00:00,15.6,100,0.0,3.6,Evora
2025-10-26 06:00:00,16.0,98,0.0,7.3,Evora
2025-10-26 07:00:00,15.5,97,0.0,8.6,Evora
2025-10-26 08:00:00,15.4,93,0.0,7.2,Evora
2025-10-26 09:00:00,16.4,86,0.0,3.6,Evora
2025-10-26 10:00:00,18.2,76,0.0,5.2,Evora
2025-10-26 11:00:00,19.9,67,0.0,6.1,Evora
2025-10-26 12:00:00,21.6,59,0.0,5.4,Evora
2025-10-26 13:00:00,22.8,52,0.0,4.2,Evora
2025-10-26 14:00:00,23.0,51,0.0,4.9,Evora
2025-10-26 15:00:00,23.1,50,0.0,4.9,Evora
2025-10-26 16:00:00,22.7,51,0.0,6.2,Evora
2025-10-26 17:00:00,21.7,57,0.0,7.2,Evora
2025-10-26 18:00:00,20.2,65,0.0,6.4,Evora
2025-10-26 19:00:00,18.4,74,0.0,4.8,Evora
2025-10-26 20:00:00,17.3,76,0.0,6.8,Evora
2025-10-26 21:00:00,16.7,74,0.0,6.9,Evora
2025-10-26 22:00:00,16.3,72,0.0,10.1,Evora
2025-10-26 23:00:00,15.9,70,0.0,10.4,Evora
2025-10-27 00:00:00,15.4,70,0.0,9.3,Evora
2025-10-27 01:00:00,14.9,72,0.0,8.7,Evora
2025-10-27 02:00:00,14.5,75,0.0,9.0,Evora
2025-10-27 03:00:00,14.4,76,0.0,8.9,Evora
2025-10-27 04:00:00,13.9,80,0.0,8.3,Evora
2025-10-27 05:00:00,14.7,77,0.0,9.1,Evora
2025-10-27 06:00:00,14.3,87,0.0,8.8,Evora
2025-10-27 07:00:00,14.2,89,0.0,11.1,Evora
2025-10-27 08:00:00,15.2,86,0.0,11.1,Evora
2025-10-27 09:00:00,16.9,81,0.0,13.6,Evora
2025-10-27 10:00:00,18.9,75,0.0,13.0,Evora
2025-10-27 11:00:00,21.3,65,0.0,11.7,Evora
2025-10-27 12:00:00,22.5,62,0.0,11.2,Evora
2025-10-27 13:00:00,22.8,63,0.1,9.9,Evora
2025-10-27 14:00:00,22.7,65,0.1,6.2,Evora
2025-10-27 15:00:00,23.7,59,0.0,3.7,Evora
2025-10-27 16:00:00,20.6,78,0.5,7.2,Evora
2025-10-27 17:00:00,19.4,87,0.6,4.1,Evora
2025-10-27 18:00:00,18.5,89,0.0,6.7,Evora
2025-10-27 19:00:00,17.5,94,0.1,3.8,Evora
2025-10-27 20:00:00,17.2,94,0.0,4.7,Evora
2025-10-27 21:00:00,16.7,96,0.0,4.4,Evora
2025-10-27 22:00:00,16.1,98,0.0,4.0,Evora
2025-10-27 23:00:00,16.1,99,0.0,4.9,Evora
2025-10-28 00:00:00,16.7,98,0.0,8.8,Evora
2025-10-28 01:00:00,16.5,100,0.0,7.7,Evora
2025-10-28 02:00:00,16.4,100,0.0,7.2,Evora
2025-10-28 03:00:00,16.7,100,0.0,10.1,Evora
2025-10-28 04:00:00,16.7,100,0.0,10.2,Evora
2025-10-28 05:00:00,16.6,100,0.0,10.4,Evora
2025-10-28 06:00:00,16.9,99,0.0,12.9,Evora
2025-10-28 07:00:00,16.9,99,0.0,13.2,Evora
2025-10-28 08:00:00,17.0,98,0.0,13.7,Evora
2025-10-28 09:00:00,17.5,94,0.0,15.2,Evora
2025-10-28 10:00:00,18.3,89,0.1,16.5,Evora
2025-10-28 11:00:00,20.3,74,0.2,17.3,Evora
2025-10-28 12:00:00,20.4,75,0.2,17.7,Evora
2025-10-28 13:00:00,21.1,69,0.0,16.3,Evora
2025-10-28 14:00:00,21.2,68,0.2,17.9,Evora
2025-10-28 15:00:00,18.6,83,1.0,20.7,Evora
2025-10-28 16:00:00,16.8,95,1.0,16.5,Evora
2025-10-28 17:00:00,16.6,97,2.0,10.8,Evora
2025-10-28 18:00:00,16.4,97,1.3,18.2,Evora
2025-10-28 19:00:00,16.8,97,0.3,12.3,Evora
2025-10-28 20:00:00,16.6,95,0.1,15.3,Evora
2025-10-28 21:00:00,16.2,95,0.2,14.1,Evora
2025-10-28 22:00:00,15.9,95,0.1,11.8,Evora
2025-10-28 23:00:00,16.0,96,0.1,14.1,Evora
2025-10-29 00:00:00,15.3,96,0.0,16.4,Evora
2025-10-29 01:00:00,15.4,97,0.1,12.9,Evora
2025-10-29 02:00:00,15.3,97,0.1,12.4,Evora
2025-10-29 03:00:00,15.1,98,0.1,10.6,Evora
2025-10-29 04:00:00,15.3,99,0.0,10.0,Evora
2025-10-29 05:00:00,15.5,97,0.1,9.9,Evora
2025-10-29 06:00:00,15.5,99,0.1,8.0,Evora
2025-10-29 07:00:00,15.1,99,0.0,3.5,Evora
2025-10-29 08:00:00,15.7,96,0.0,7.4,Evora
2025-10-29 09:00:00,17.3,89,0.0,8.4,Evora
2025-10-29 10:00:00,18.3,83,0.1,5.5,Evora
2025-10-29 11:00:00,19.7,74,0.2,5.2,Evora
2025-10-29 12:00:00,20.9,64,0.2,7.3,Evora
2025-10-29 13:00:00,20.5,67,0.1,11.7,Evora
2025-10-29 14:00:00,21.5,62,0.2,12.0,Evora
2025-10-29 15:00:00,21.7,60,0.0,13.1,Evora
2025-10-29 16:00:00,20.9,61,0.0,13.9,Evora
2025-10-29 17:00:00,19.6,68,0.0,12.8,Evora
2025-10-29 18:00:00,18.0,78,0.0,12.0,Evora
2025-10-29 19:00:00,17.2,81,0.0,11.1,Evora
2025-10-29 20:00:00,16.3,87,0.0,11.5,Evora
2025-10-29 21:00:00,15.4,94,0.0,10.8,Evora
2025-10-29 22:00:00,14.8,96,0.0,9.4,Evora
2025-10-29 23:00:00,14.1,97,0.0,5.5,Evora
2025-10-30 00:00:00,14.7,100,0.0,7.1,Evora
2025-10-30 01:00:00,14.7,99,0.0,7.4,Evora
2025-10-30 02:00:00,14.7,97,0.0,5.8,Evora
2025-10-30 03:00:00,14.7,95,0.0,4.2,Evora
2025-10-30 04:00:00,14.6,93,0.0,4.7,Evora
2025-10-30 05:00:00,14.4,94,0.0,5.2,Evora
2025-10-30 06:00:00,13.4,99,0.0,3.4,Evora
2025-10-30 07:00:00,12.2,100,0.0,2.7,Evora
2025-10-30 08:00:00,13.4,99,0.0,5.0,Evora
2025-10-30 09:00:00,15.4,88,0.0,6.6,Evora
2025-10-30 10:00:00,17.2,76,0.1,9.3,Evora
2025-10-30 11:00:00,17.9,71,0.1,12.2,Evora
2025-10-30 12:00:00,18.7,64,0.1,16.1,Evora
2025-10-30 13:00:00,19.2,63,0.0,16.5,Evora
2025-10-30 14:00:00,19.8,60,0.1,17.9,Evora
2025-10-30 15:00:00,19.5,60,0.0,17.2,Evora
2025-10-30 16:00:00,19.0,63,0.0,15.4,Evora
2025-10-30 17:00:00,17.7,72,0.0,9.3,Evora
2025-10-30 18:00:00,16.6,75,0.0,7.9,Evora
2025-10-30 19:00:00,15.9,82,0.0,6.3,Evora
2025-10-30 20:00:00,14.8,88,0.0,6.4,Evora
2025-10-30 21:00:00,14.9,86,0.0,8.8,Evora
2025-10-30 22:00:00,14.7,85,0.0,11.7,Evora
2025-10-30 23:00:00,14.2,88,0.0,11.7,Evora
2025-10-31 00:00:00,15.2,98,0.0,13.9,Evora
2025-10-31 01:00:00,15.4,97,0.0,15.3,Evora
2025-10-31 02:00:00,15.4,96,0.0,16.3,Evora
2025-10-31 03:00:00,15.3,96,0.0,17.0,Evora
2025-10-31 04:00:00,15.3,95,0.0,16.2,Evora
2025-10-31 05:00:00,15.3,94,0.0,17.2,Evora
2025-10-31 06:00:00,15.6,95,0.1,17.3,Evora
2025-10-31 07:00:00,15.7,93,0.0,17.3,Evora
2025-10-31 08:00:00,16.3,89,0.0,18.7,Evora
2025-10-31 09:00:00,17.5,81,0.0,18.9,Evora
2025-10-31 10:00:00,18.1,78,0.2,27.3,Evora
2025-10-31 11:00:00,18.9,73,0.1,25.3,Evora
2025-10-31 12:00:00,20.3,61,0.0,27.2,Evora
2025-10-31 13:00:00,20.2,65,0.0,24.1,Evora
2025-10-31 14:00:00,20.6,61,0.0,24.4,Evora
2025-10-31 15:00:00,20.7,60,0.0,20.0,Evora
2025-10-31 16:00:00,20.7,60,0.0,19.6,Evora
2025-10-31 17:00:00,20.1,62,0.0,16.6,Evora
2025-10-31 18:00:00,19.6,68,0.0,17.3,Evora
2025-10-31 19:00:00,18.9,75,0.0,18.9,Evora
2025-10-31 20:00:00,18.4,80,0.0,17.6,Evora
2025-10-31 21:00:00,18.0,83,0.0,17.0,Evora
2025-10-31 22:00:00,17.8,86,0.0,18.4,Evora
2025-10-31 23:00:00,17.1,89,0.0,17.4,Evora
2025-11-01 00:00:00,17.1,88,0.0,16.5,Evora
2025-11-01 01:00:00,16.8,89,0.0,15.7,Evora
2025-11-01 02:00:00,16.6,89,0.0,15.8,Evora
2025-11-01 03:00:00,16.4,89,0.0,15.5,Evora
2025-11-01 04:00:00,16.4,89,0.0,14.9,Evora
2025-11-01 05:00:00,15.9,92,0.0,15.7,Evora
2025-11-01 06:00:00,15.5,92,0.0,15.4,Evora
2025-11-01 07:00:00,16.0,89,0.0,17.0,Evora
2025-11-01 08:00:00,16.6,85,0.0,19.1,Evora
2025-11-01 09:00:00,17.7,78,0.1,19.3,Evora
2025-11-01 10:00:00,17.3,84,0.5,20.5,Evora
2025-11-01 11:00:00,17.8,83,0.4,20.1,Evora
2025-11-01 12:00:00,17.2,96,0.4,22.0,Evora
2025-11-01 13:00:00,19.6,84,0.0,16.8,Evora
2025-11-01 14:00:00,19.8,78,0.1,15.0,Evora
2025-11-01 15:00:00,19.3,77,0.1,12.5,Evora
2025-11-01 16:00:00,18.7,82,0.1,9.0,Evora
2025-11-01 17:00:00,18.4,82,0.0,7.7,Evora
2025-11-01 18:00:00,17.3,93,0.4,8.5,Evora
2025-11-01 19:00:00,17.2,92,0.2,9.7,Evora
2025-11-01 20:00:00,16.6,97,0.5,6.3,Evora
2025-11-01 21:00:00,16.3,98,0.2,7.0,Evora
2025-11-01 22:00:00,16.0,99,0.2,2.2,Evora
2025-11-01 23:00:00,15.9,100,0.7,1.6,Evora
2025-11-02 00:00:00,15.8,97,0.2,8.0,Evora
2025-11-02 01:00:00,15.7,95,0.0,8.3,Evora
2025-11-02 02:00:00,14.6,97,0.0,9.8,Evora
2025-11-02 03:00:00,13.6,95,0.0,11.0,Evora
2025-11-02 04:00:00,12.9,94,0.0,11.3,Evora
2025-11-02 05:00:00,12.2,91,0.0,11.9,Evora
2025-11-02 06:00:00,11.6,89,0.0,12.0,Evora
2025-11-02 07:00:00,11.2,89,0.0,13.0,Evora
2025-11-02 08:00:00,11.9,85,0.0,13.8,Evora
2025-11-02 09:00:00,13.8,75,0.0,11.5,Evora
2025-11-02 10:00:00,15.6,61,0.0,13.8,Evora
2025-11-02 11:00:00,16.8,56,0.0,13.9,Evora
2025-11-02 12:00:00,17.9,54,0.0,12.3,Evora
2025-11-02 13:00:00,18.5,53,0.0,11.5,Evora
2025-11-02 14:00:00,18.9,52,0.0,11.6,Evora
2025-11-02 15:00:00,18.8,53,0.0,11.5,Evora
2025-11-02 16:00:00,18.3,55,0.0,10.8,Evora
2025-11-02 17:00:00,16.8,61,0.0,7.6,Evora
2025-11-02 18:00:00,14.6,71,0.0,8.3,Evora
2025-11-02 19:00:00,14.2,71,0.0,9.4,Evora
2025-11-02 20:00:00,13.3,75,0.0,9.1,Evora
2025-11-02 21:00:00,12.4,79,0.0,8.1,Evora
2025-11-02 22:00:00,11.7,82,0.0,7.1,Evora
2025-11-02 23:00:00,11.1,85,0.0,7.1,Evora
2025-11-03 00:00:00,10.6,87,0.0,7.4,Evora
2025-11-03 01:00:00,10.4,88,0.0,8.9,Evora
2025-11-03 02:00:00,10.0,89,0.0,7.8,Evora
2025-11-03 03:00:00,9.6,91,0.0,6.3,Evora
2025-11-03 04:00:00,9.2,91,0.0,5.6,Evora
2025-11-03 05:00:00,8.9,91,0.0,5.3,Evora
2025-11-03 06:00:00,8.9,92,0.0,5.1,Evora
2025-11-03 07:00:00,8.7,92,0.0,5.5,Evora
2025-11-03 08:00:00,10.1,88,0.0,9.0,Evora
2025-11-03 09:00:00,12.5,76,0.0,6.5,Evora
2025-11-03 10:00:00,15.0,64,0.0,7.2,Evora
2025-11-03 11:00:00,17.3,55,0.0,9.5,Evora
2025-11-03 12:00:00,18.8,50,0.0,9.3,Evora
2025-11-03 13:00:00,19.9,46,0.0,7.9,Evora
2025-11-03 14:00:00,20.4,45,0.0,5.3,Evora
2025-11-03 15:00:00,20.5,47,0.0,3.4,Evora
2025-11-03 16:00:00,20.1,49,0.0,4.2,Evora
2025-11-03 17:00:00,17.9,65,0.0,2.0,Evora
2025-11-03 18:00:00,16.0,67,0.0,3.3,Evora
2025-11-03 19:00:00,15.3,67,0.0,2.9,Evora
2025-11-03 20:00:00,15.0,66,0.0,0.6,Evora
2025-11-03 21:00:00,14.8,66,0.0,0.9,Evora
2025-11-03 22:00:00,13.5,72,0.0,4.5,Evora
2025-11-03 23:00:00,12.7,78,0.0,6.4,Evora
2025-11-04 00:00:00,12.2,84,0.0,5.2,Evora
2025-11-04 01:00:00,11.6,88,0.0,5.6,Evora
2025-11-04 02:00:00,11.4,88,0.0,5.8,Evora
2025-11-04 03:00:00,11.2,87,0.0,5.7,Evora
2025-11-04 04:00:00,11.4,88,0.0,6.4,Evora
2025-11-04 05:00:00,12.0,89,0.0,10.1,Evora
2025-11-04 06:00:00,12.3,91,0.0,10.9,Evora
2025-11-04 07:00:00,12.5,95,0.0,11.4,Evora
2025-11-04 08:00:00,13.6,95,0.0,13.1,Evora
2025-11-04 09:00:00,15.9,87,0.0,12.0,Evora
2025-11-04 10:00:00,17.1,84,0.7,12.9,Evora
2025-11-04 11:00:00,17.8,77,0.3,20.0,Evora
2025-11-04 12:00:00,19.7,65,0.0,18.6,Evora
2025-11-04 13:00:00,21.1,62,0.0,19.5,Evora
2025-11-04 14:00:00,22.0,60,0.0,19.4,Evora
2025-11-04 15:00:00,21.7,63,0.0,19.4,Evora
2025-11-04 16:00:00,21.0,66,0.0,19.5,Evora
2025-11-04 17:00:00,19.9,69,0.0,17.1,Evora
2025-11-04 18:00:00,18.7,72,0.0,14.9,Evora
2025-11-04 19:00:00,18.7,72,0.0,16.5,Evora
2025-11-04 20:00:00,18.4,75,0.0,16.5,Evora
2025-11-04 21:00:00,18.1,77,0.0,17.8,Evora
2025-11-04 22:00:00,18.1,75,0.0,19.9,Evora
2025-11-04 23:00:00,17.9,72,0.0,23.3,Evora
2025-11-05 00:00:00,17.7,71,0.0,27.9,Evora
2025-11-05 01:00:00,17.8,70,0.0,25.8,Evora
2025-11-05 02:00:00,17.6,74,0.0,23.9,Evora
2025-11-05 03:00:00,17.6,78,0.0,22.0,Evora
2025-11-05 04:00:00,17.7,80,0.0,23.3,Evora
2025-11-05 05:00:00,17.7,84,0.7,30.1,Evora
2025-11-05 06:00:00,19.2,83,0.5,29.7,Evora
2025-11-05 07:00:00,17.5,94,7.5,25.2,Evora
2025-11-05 08:00:00,16.8,97,7.4,28.4,Evora
2025-11-05 09:00:00,17.1,91,1.6,30.2,Evora
2025-11-05 10:00:00,15.8,95,0.8,25.6,Evora
2025-11-05 11:00:00,15.9,91,2.8,24.3,Evora
2025-11-05 12:00:00,15.2,91,0.5,16.2,Evora
2025-11-05 13:00:00,15.4,93,1.5,16.7,Evora
2025-11-05 14:00:00,17.7,83,0.2,15.1,Evora
2025-11-05 15:00:00,17.8,64,0.2,29.7,Evora
2025-11-05 16:00:00,17.1,62,0.0,28.8,Evora
2025-11-05 17:00:00,14.3,78,0.0,28.6,Evora
2025-11-05 18:00:00,12.9,89,0.0,19.1,Evora
2025-11-05 19:00:00,12.1,90,0.0,16.4,Evora
2025-11-05 20:00:00,11.4,91,0.2,21.4,Evora
2025-11-05 21:00:00,11.0,93,0.0,14.3,Evora
2025-11-05 22:00:00,10.7,93,0.0,13.2,Evora
2025-11-05 23:00:00,10.4,96,0.0,12.0,Evora
2025-11-06 00:00:00,11.0,90,0.0,11.5,Evora
2025-11-06 01:00:00,10.3,94,0.0,9.7,Evora
2025-11-06 02:00:00,10.5,92,0.1,13.7,Evora
2025-11-06 03:00:00,10.3,93,0.0,9.2,Evora
2025-11-06 04:00:00,9.5,95,0.0,8.1,Evora
2025-11-06 05:00:00,9.3,95,0.0,7.9,Evora
2025-11-06 06:00:00,9.4,95,0.0,7.7,Evora
2025-11-06 07:00:00,9.2,95,0.0,7.2,Evora
2025-11-06 08:00:00,10.1,93,0.0,9.5,Evora
2025-11-06 09:00:00,12.6,84,0.0,8.7,Evora
2025-11-06 10:00:00,14.7,72,0.0,10.8,Evora
2025-11-06 11:00:00,15.6,64,0.1,16.2,Evora
2025-11-06 12:00:00,16.3,62,0.1,16.4,Evora
2025-11-06 13:00:00,17.4,56,0.0,16.1,Evora
2025-11-06 14:00:00,17.7,53,0.0,15.1,Evora
2025-11-06 15:00:00,17.4,52,0.0,14.8,Evora
2025-11-06 16:00:00,16.9,55,0.0,14.4,Evora
2025-11-06 17:00:00,15.6,63,0.0,10.3,Evora
2025-11-06 18:00:00,13.8,74,0.0,9.0,Evora
2025-11-06 19:00:00,13.3,79,0.0,8.7,Evora
2025-11-06 20:00:00,13.6,79,0.0,7.9,Evora
2025-11-06 21:00:00,11.8,89,0.0,7.3,Evora
2025-11-06 22:00:00,11.4,91,0.0,8.4,Evora
2025-11-06 23:00:00,11.2,92,0.0,9.5,Evora
2025-11-07 00:00:00,11.2,93,0.0,8.0,Evora
2025-11-07 01:00:00,11.5,93,0.0,9.0,Evora
2025-11-07 02:00:00,11.6,92,0.0,10.2,Evora
2025-11-07 03:00:00,11.9,91,0.0,10.1,Evora
2025-11-07 04:00:00,11.4,93,0.0,10.0,Evora
2025-11-07 05:00:00,11.3,92,0.0,8.9,Evora
2025-11-07 06:00:00,11.8,92,0.0,10.5,Evora
2025-11-07 07:00:00,11.5,92,0.0,8.5,Evora
2025-11-07 08:00:00,12.5,87,0.0,11.0,Evora
2025-11-07 09:00:00,14.6,79,0.0,11.3,Evora
2025-11-07 10:00:00,15.8,75,0.0,13.6,Evora
2025-11-07 11:00:00,17.9,69,0.0,16.8,Evora
2025-11-07 12:00:00,18.1,73,0.0,22.0,Evora
2025-11-07 13:00:00,17.6,82,0.6,17.3,Evora
2025-11-07 14:00:00,17.9,86,0.8,19.0,Evora
2025-11-07 15:00:00,18.5,78,0.1,24.2,Evora
2025-11-07 16:00:00,17.8,82,0.2,19.2,Evora
2025-11-07 17:00:00,16.1,96,2.1,12.0,Evora
2025-11-07 18:00:00,16.1,99,0.6,12.8,Evora
2025-11-07 19:00:00,15.9,97,0.0,14.8,Evora
2025-11-07 20:00:00,14.7,97,0.0,14.0,Evora
2025-11-07 21:00:00,14.1,98,0.0,12.4,Evora
2025-11-07 22:00:00,13.3,98,0.0,11.9,Evora
2025-11-07 23:00:00,12.8,98,0.0,10.1,Evora
2025-11-08 00:00:00,12.6,98,0.0,9.2,Evora
2025-11-08 01:00:00,12.1,98,0.0,7.9,Evora
2025-11-08 02:00:00,11.6,98,0.0,7.9,Evora
2025-11-08 03:00:00,11.2,98,0.0,8.6,Evora
2025-11-08 04:00:00,10.9,98,0.0,9.0,Evora
2025-11-08 05:00:00,10.9,98,0.0,9.9,Evora
2025-11-08 06:00:00,10.7,98,0.0,10.5,Evora
2025-11-08 07:00:00,10.8,97,0.0,9.3,Evora
2025-11-08 08:00:00,11.4,96,0.0,10.3,Evora
2025-11-08 09:00:00,13.4,92,0.0,8.5,Evora
2025-11-08 10:00:00,15.1,77,0.0,12.1,Evora
2025-11-08 11:00:00,16.3,65,0.0,13.7,Evora
2025-11-08 12:00:00,17.1,55,0.0,14.5,Evora
2025-11-08 13:00:00,17.7,51,0.0,13.7,Evora
2025-11-08 14:00:00,17.8,50,0.0,13.0,Evora
2025-11-08 15:00:00,17.7,50,0.0,12.0,Evora
2025-11-08 16:00:00,17.2,52,0.0,10.5,Evora
2025-11-08 17:00:00,15.4,63,0.0,7.9,Evora
2025-11-08 18:00:00,13.6,72,0.0,9.4,Evora
2025-11-08 19:00:00,12.9,76,0.0,9.2,Evora
2025-11-08 20:00:00,12.4,76,0.0,10.0,Evora
2025-11-08 21:00:00,11.6,78,0.0,8.9,Evora
2025-11-08 22:00:00,10.9,82,0.0,8.8,Evora
2025-11-08 23:00:00,10.1,85,0.0,7.6,Evora
2025-11-09 00:00:00,9.7,88,0.0,7.8,Evora
2025-11-09 01:00:00,9.3,90,0.0,6.7,Evora
2025-11-09 02:00:00,8.8,90,0.0,5.4,Evora
2025-11-09 03:00:00,8.2,90,0.0,4.8,Evora
2025-11-09 04:00:00,8.0,91,0.0,3.5,Evora
2025-11-09 05:00:00,8.0,90,0.0,2.6,Evora
2025-11-09 06:00:00,7.6,94,0.0,3.9,Evora
2025-11-09 07:00:00,7.3,94,0.0,2.4,Evora
2025-11-09 08:00:00,8.7,89,0.0,4.5,Evora
2025-11-09 09:00:00,10.8,80,0.0,3.3,Evora
2025-11-09 10:00:00,12.8,71,0.0,2.8,Evora
2025-11-09 11:00:00,15.0,60,0.0,2.7,Evora
2025-11-09 12:00:00,15.9,53,0.0,1.6,Evora
2025-11-09 13:00:00,16.8,49,0.0,2.2,Evora
2025-11-09 14:00:00,17.1,49,0.0,3.1,Evora
2025-11-09 15:00:00,17.2,50,0.0,4.0,Evora
2025-11-09 16:00:00,16.8,52,0.0,4.7,Evora
2025-11-09 17:00:00,14.4,67,0.0,5.1,Evora
2025-11-09 18:00:00,12.6,76,0.0,6.8,Evora
2025-11-09 19:00:00,12.2,75,0.0,9.2,Evora
2025-11-09 20:00:00,11.5,74,0.0,7.8,Evora
2025-11-09 21:00:00,10.4,79,0.0,5.9,Evora
2025-11-09 22:00:00,9.8,82,0.0,6.3,Evora
2025-11-09 23:00:00,9.6,83,0.0,7.2,Evora
2025-11-10 00:00:00,9.3,85,0.0,5.5,Evora
2025-11-10 01:00:00,9.5,89,0.0,6.6,Evora
2025-11-10 02:00:00,9.3,93,0.0,5.1,Evora
2025-11-10 03:00:00,9.6,94,0.0,4.1,Evora
2025-11-10 04:00:00,10.0,96,0.0,4.2,Evora
2025-11-10 05:00:00,11.1,93,0.0,5.3,Evora
2025-11-10 06:00:00,10.5,97,0.0,4.8,Evora
2025-11-10 07:00:00,9.9,98,0.0,4.4,Evora
2025-11-10 08:00:00,11.5,93,0.0,6.3,Evora
2025-11-10 09:00:00,13.1,87,0.0,6.4,Evora
2025-11-10 10:00:00,14.7,82,0.0,7.2,Evora
2025-11-10 11:00:00,16.5,78,0.0,9.7,Evora
2025-11-10 12:00:00,16.8,75,0.0,7.0,Evora
2025-11-10 13:00:00,18.3,63,0.0,6.8,Evora
2025-11-10 14:00:00,18.7,60,0.0,7.8,Evora
2025-11-10 15:00:00,18.5,61,0.0,8.0,Evora
2025-11-10 16:00:00,18.3,62,0.0,6.6,Evora
2025-11-10 17:00:00,16.7,73,0.0,0.9,Evora
2025-11-10 18:00:00,15.3,78,0.0,2.9,Evora
2025-11-10 19:00:00,14.3,82,0.0,3.9,Evora
2025-11-10 20:00:00,13.2,85,0.0,2.3,Evora
2025-11-10 21:00:00,12.1,91,0.0,4.4,Evora
2025-11-10 22:00:00,12.4,97,0.0,5.5,Evora
2025-11-10 23:00:00,11.9,100,0.0,1.4,Evora
2025-11-11 00:00:00,11.8,100,0.0,0.5,Evora
2025-11-11 01:00:00,12.2,100,0.0,2.0,Evora
2025-11-11 02:00:00,12.2,100,0.0,4.6,Evora
2025-11-11 03:00:00,13.1,98,0.0,6.0,Evora
2025-11-11 04:00:00,13.8,97,0.0,7.4,Evora
2025-11-11 05:00:00,14.1,99,0.0,10.4,Evora
2025-11-11 06:00:00,14.1,100,0.0,11.4,Evora
2025-11-11 07:00:00,14.0,100,0.0,14.0,Evora
2025-11-11 08:00:00,14.1,98,0.0,12.5,Evora
2025-11-11 09:00:00,14.6,95,0.0,13.9,Evora
2025-11-11 10:00:00,15.8,86,0.0,17.7,Evora
2025-11-11 11:00:00,17.4,76,0.1,19.1,Evora
2025-11-11 12:00:00,18.4,70,0.2,20.1,Evora
2025-11-11 13:00:00,19.1,63,0.3,19.9,Evora
2025-11-11 14:00:00,19.9,58,0.0,19.8,Evora
2025-11-11 15:00:00,20.1,56,0.0,17.2,Evora
2025-11-11 16:00:00,19.7,59,0.0,13.5,Evora
2025-11-11 17:00:00,18.0,67,0.0,12.7,Evora
2025-11-11 18:00:00,16.2,70,0.0,13.6,Evora
2025-11-11 19:00:00,15.5,65,0.0,14.3,Evora
2025-11-11 20:00:00,14.5,63,0.0,14.7,Evora
2025-11-11 21:00:00,13.6,68,0.0,14.2,Evora
2025-11-11 22:00:00,13.1,80,0.0,13.9,Evora
2025-11-11 23:00:00,12.9,85,0.0,13.5,Evora
2025-11-12 00:00:00,13.2,87,0.0,16.0,Evora
2025-11-12 01:00:00,13.3,90,0.0,17.5,Evora
2025-11-12 02:00:00,13.6,96,0.0,17.1,Evora
2025-11-12 03:00:00,13.9,98,0.0,16.3,Evora
2025-11-12 04:00:00,14.7,95,0.0,18.9,Evora
2025-11-12 05:00:00,14.6,96,0.0,18.9,Evora
2025-11-12 06:00:00,14.6,97,0.0,20.0,Evora
2025-11-12 07:00:00,14.8,97,0.0,22.7,Evora
2025-11-12 08:00:00,15.4,95,0.0,25.0,Evora
2025-11-12 09:00:00,16.5,89,0.1,27.4,Evora
2025-11-12 10:00:00,17.5,83,0.4,29.5,Evora
2025-11-12 11:00:00,18.6,76,0.3,31.2,Evora
2025-11-12 12:00:00,19.6,69,0.4,32.9,Evora
2025-11-12 13:00:00,19.7,73,0.4,29.0,Evora
2025-11-12 14:00:00,18.7,75,0.4,23.8,Evora
2025-11-12 15:00:00,18.5,75,0.2,22.1,Evora
2025-11-12 16:00:00,17.2,83,0.4,14.7,Evora
2025-11-12 17:00:00,17.3,81,0.2,16.4,Evora
2025-11-12 18:00:00,15.4,93,0.2,11.6,Evora
2025-11-12 19:00:00,15.1,95,6.2,14.9,Evora
2025-11-12 20:00:00,15.2,95,4.7,18.4,Evora
2025-11-12 21:00:00,15.7,96,0.6,21.6,Evora
2025-11-12 22:00:00,15.8,96,0.1,21.1,Evora
2025-11-12 23:00:00,15.5,97,0.4,22.1,Evora
2025-11-13 00:00:00,15.3,97,0.0,21.7,Evora
2025-11-13 01:00:00,15.6,96,0.0,25.0,Evora
2025-11-13 02:00:00,16.2,96,0.0,26.0,Evora
2025-11-13 03:00:00,16.5,94,0.0,27.1,Evora
2025-11-13 04:00:00,16.4,91,0.0,27.4,Evora
2025-11-13 05:00:00,16.7,84,0.0,28.5,Evora
2025-11-13 06:00:00,17.1,80,1.0,32.7,Evora
2025-11-13 07:00:00,16.5,81,0.5,28.4,Evora
2025-11-13 08:00:00,15.2,90,6.8,19.3,Evora
2025-11-13 09:00:00,14.9,94,0.7,16.3,Evora
2025-11-13 10:00:00,16.3,88,0.6,25.9,Evora
2025-11-13 11:00:00,16.9,85,0.1,25.9,Evora
2025-11-13 12:00:00,16.0,91,0.7,35.7,Evora
2025-11-13 13:00:00,16.2,92,0.6,34.9,Evora
2025-11-13 14:00:00,15.5,96,1.9,27.0,Evora
2025-11-13 15:00:00,15.4,97,2.7,24.6,Evora
2025-11-13 16:00:00,15.2,97,2.9,23.8,Evora
2025-11-13 17:00:00,15.5,93,0.7,34.2,Evora
2025-11-13 18:00:00,14.7,95,1.6,27.6,Evora
2025-11-13 19:00:00,14.6,97,1.9,26.4,Evora
2025-11-13 20:00:00,14.4,97,1.4,28.8,Evora
2025-11-13 21:00:00,14.0,94,4.9,31.7,Evora
2025-11-13 22:00:00,13.5,96,1.0,26.4,Evora
2025-11-13 23:00:00,12.5,95,0.7,23.4,Evora
2025-11-14 00:00:00,12.8,92,0.0,19.1,Evora
2025-11-14 01:00:00,12.5,92,0.0,15.8,Evora
2025-11-14 02:00:00,12.1,92,0.0,15.2,Evora
2025-11-14 03:00:00,11.9,92,0.2,17.3,Evora
2025-11-14 04:00:00,11.9,94,0.0,15.4,Evora
2025-11-14 05:00:00,11.8,92,0.2,17.4,Evora
2025-11-14 06:00:00,12.1,92,0.2,18.6,Evora
2025-11-14 07:00:00,11.4,98,2.7,19.7,Evora
2025-11-14 08:00:00,11.5,97,2.0,14.6,Evora
2025-11-14 09:00:00,12.8,92,0.1,17.0,Evora
2025-11-14 10:00:00,13.2,89,0.9,15.2,Evora
2025-11-14 11:00:00,13.6,86,0.6,24.6,Evora
2025-11-14 12:00:00,12.0,96,0.5,18.9,Evora
2025-11-14 13:00:00,13.6,89,0.1,19.6,Evora
2025-11-14 14:00:00,13.0,88,0.9,27.8,Evora
2025-11-14 15:00:00,13.2,92,1.2,18.4,Evora
2025-11-14 16:00:00,13.7,89,0.2,21.3,Evora
2025-11-14 17:00:00,12.1,93,1.8,19.7,Evora
2025-11-14 18:00:00,12.0,88,0.0,16.2,Evora
2025-11-14 19:00:00,12.1,87,0.1,17.9,Evora
2025-11-14 20:00:00,11.6,90,0.1,15.4,Evora
2025-11-14 21:00:00,11.7,90,0.0,18.0,Evora
2025-11-14 22:00:00,11.8,89,0.0,17.5,Evora
2025-11-14 23:00:00,11.5,92,0.0,16.9,Evora
2025-11-15 00:00:00,12.0,94,0.0,17.9,Evora
2025-11-15 01:00:00,12.0,95,0.0,16.3,Evora
2025-11-15 02:00:00,12.3,94,0.0,20.1,Evora
2025-11-15 03:00:00,12.2,94,0.0,18.4,Evora
2025-11-15 04:00:00,11.9,95,0.0,17.0,Evora
2025-11-15 05:00:00,12.2,93,0.0,17.2,Evora
2025-11-15 06:00:00,13.0,94,0.1,15.7,Evora
2025-11-15 07:00:00,13.1,94,1.3,15.8,Evora
2025-11-15 08:00:00,13.2,96,0.9,14.9,Evora
2025-11-15 09:00:00,13.6,95,0.9,16.6,Evora
2025-11-15 10:00:00,13.5,96,3.5,17.7,Evora
2025-11-15 11:00:00,14.2,93,1.7,44.6,Evora
2025-11-15 12:00:00,16.1,93,0.6,36.6,Evora
2025-11-15 13:00:00,16.2,91,0.4,28.1,Evora
2025-11-15 14:00:00,16.9,77,0.0,21.6,Evora
2025-11-15 15:00:00,16.7,75,0.0,20.7,Evora
2025-11-15 16:00:00,15.9,77,0.0,20.7,Evora
2025-11-15 17:00:00,14.6,84,0.0,18.3,Evora
2025-11-15 18:00:00,14.0,83,0.0,15.9,Evora
2025-11-15 19:00:00,13.1,85,0.0,12.9,Evora
2025-11-15 20:00:00,12.4,87,0.0,11.2,Evora
2025-11-15 21:00:00,11.8,90,0.0,10.7,Evora
2025-11-15 22:00:00,11.5,91,0.0,10.6,Evora
2025-11-15 23:00:00,11.7,91,0.0,12.9,Evora
2025-11-16 00:00:00,12.7,86,0.1,16.0,Evora
2025-11-16 01:00:00,12.3,91,0.1,16.1,Evora
2025-11-16 02:00:00,11.7,96,0.0,10.5,Evora
2025-11-16 03:00:00,11.5,98,0.0,10.3,Evora
2025-11-16 04:00:00,11.4,100,0.0,11.1,Evora
2025-11-16 05:00:00,11.5,99,0.1,11.8,Evora
2025-11-16 06:00:00,11.8,99,0.0,8.8,Evora
2025-11-16 07:00:00,11.7,99,0.1,7.3,Evora
2025-11-16 08:00:00,11.8,99,0.0,10.8,Evora
2025-11-16 09:00:00,12.9,93,0.0,16.5,Evora
2025-11-16 10:00:00,14.0,87,0.2,19.3,Evora
2025-11-16 11:00:00,15.1,84,0.1,17.5,Evora
2025-11-16 12:00:00,15.1,76,0.2,18.8,Evora
2025-11-16 13:00:00,16.0,75,0.1,17.1,Evora
2025-11-16 14:00:00,15.6,72,0.4,20.3,Evora
2025-11-16 15:00:00,15.6,72,0.3,19.2,Evora
2025-11-16 16:00:00,14.6,77,0.0,18.2,Evora
2025-11-16 17:00:00,13.8,82,0.0,14.6,Evora
2025-11-16 18:00:00,13.1,84,0.0,13.9,Evora
2025-11-16 19:00:00,12.6,83,0.0,13.0,Evora
2025-11-16 20:00:00,12.0,86,0.0,11.8,Evora
2025-11-16 21:00:00,11.7,89,0.0,10.9,Evora
2025-11-16 22:00:00,11.2,92,0.4,12.7,Evora
2025-11-16 23:00:00,10.7,98,0.2,13.2,Evora
2025-11-17 00:00:00,11.1,97,0.0,14.8,Evora
2025-11-17 01:00:00,10.9,97,0.0,10.3,Evora
2025-11-17 02:00:00,11.1,99,0.1,10.7,Evora
2025-11-17 03:00:00,11.0,99,0.2,10.1,Evora
2025-11-17 04:00:00,10.9,100,0.2,5.5,Evora
2025-11-17 05:00:00,10.9,99,0.1,7.7,Evora
2025-11-17 06:00:00,10.3,99,0.0,10.8,Evora
2025-11-17 07:00:00,10.4,98,0.0,10.1,Evora
2025-11-17 08:00:00,11.1,98,0.0,10.6,Evora
2025-11-17 09:00:00,12.1,92,0.0,12.8,Evora
2025-11-17 10:00:00,13.2,84,0.0,9.6,Evora
2025-11-17 11:00:00,14.3,76,0.0,7.2,Evora
2025-11-17 12:00:00,16.1,67,0.0,8.4,Evora
2025-11-17 13:00:00,15.2,71,0.3,10.8,Evora
2025-11-17 14:00:00,15.1,74,0.1,7.7,Evora
2025-11-17 15:00:00,15.7,72,0.0,6.7,Evora
2025-11-17 16:00:00,15.3,71,0.1,7.4,Evora
2025-11-17 17:00:00,13.8,79,0.0,6.5,Evora
2025-11-17 18:00:00,12.7,90,0.0,7.6,Evora
2025-11-17 19:00:00,12.2,92,0.0,8.4,Evora
2025-11-17 20:00:00,11.6,92,0.0,9.0,Evora
2025-11-17 21:00:00,11.4,91,0.0,10.4,Evora
2025-11-17 22:00:00,11.1,92,0.0,9.7,Evora
2025-11-17 23:00:00,10.7,92,0.0,10.5,Evora
2025-11-18 00:00:00,10.7,90,0.0,12.3,Evora
2025-11-18 01:00:00,10.4,89,0.0,12.2,Evora
2025-11-18 02:00:00,9.9,90,0.0,11.2,Evora
2025-11-18 03:00:00,9.6,90,0.0,11.4,Evora
2025-11-18 04:00:00,9.3,89,0.0,11.0,Evora
2025-11-18 05:00:00,9.0,90,0.0,11.0,Evora
2025-11-18 06:00:00,8.8,91,0.0,9.8,Evora
2025-11-18 07:00:00,8.7,90,0.0,8.7,Evora
2025-11-18 08:00:00,9.4,88,0.0,8.6,Evora
2025-11-18 09:00:00,11.7,83,0.0,6.4,Evora
2025-11-18 10:00:00,13.8,76,0.0,4.1,Evora
2025-11-18 11:00:00,15.5,69,0.0,3.7,Evora
2025-11-18 12:00:00,16.5,64,0.0,2.8,Evora
2025-11-18 13:00:00,17.4,59,0.0,4.1,Evora
2025-11-18 14:00:00,17.7,53,0.0,6.8,Evora
2025-11-18 15:00:00,17.3,49,0.0,11.3,Evora
2025-11-18 16:00:00,16.3,56,0.0,9.6,Evora
2025-11-18 17:00:00,13.5,69,0.0,5.8,Evora
2025-11-18 18:00:00,12.3,73,0.0,4.9,Evora
2025-11-18 19:00:00,12.7,75,0.0,11.2,Evora
2025-11-18 20:00:00,12.2,82,0.0,10.1,Evora
2025-11-18 21:00:00,10.8,90,0.0,7.6,Evora
2025-11-18 22:00:00,10.2,91,0.0,8.4,Evora
2025-11-18 23:00:00,10.1,92,0.0,9.3,Evora
2025-11-19 00:00:00,10.0,93,0.0,10.0,Evora
2025-11-19 01:00:00,9.8,92,0.0,9.1,Evora
2025-11-19 02:00:00,9.3,93,0.0,7.8,Evora
2025-11-19 03:00:00,8.9,94,0.0,8.1,Evora
2025-11-19 04:00:00,8.5,99,0.0,9.1,Evora
2025-11-19 05:00:00,8.7,100,0.0,8.6,Evora
2025-11-19 06:00:00,8.4,100,0.0,6.1,Evora
2025-11-19 07:00:00,8.0,100,0.0,5.1,Evora
2025-11-19 08:00:00,8.2,100,0.0,5.1,Evora
2025-11-19 09:00:00,9.2,98,0.0,6.2,Evora
2025-11-19 10:00:00,11.0,88,0.0,8.4,Evora
2025-11-19 11:00:00,12.1,80,0.0,8.3,Evora
2025-11-19 12:00:00,13.2,74,0.0,10.1,Evora
2025-11-19 13:00:00,13.8,69,0.0,9.8,Evora
2025-11-19 14:00:00,14.2,64,0.0,9.7,Evora
2025-11-19 15:00:00,14.1,61,0.0,9.2,Evora
2025-11-19 16:00:00,13.7,62,0.0,9.1,Evora
2025-11-19 17:00:00,12.0,74,0.0,5.3,Evora
2025-11-19 18:00:00,10.2,84,0.0,5.3,Evora
2025-11-19 19:00:00,9.5,88,0.0,5.8,Evora
2025-11-19 20:00:00,9.0,87,0.0,7.7,Evora
2025-11-19 21:00:00,9.1,82,0.0,10.0,Evora
2025-11-19 22:00:00,8.8,86,0.0,11.5,Evora
2025-11-19 23:00:00,8.4,90,0.0,10.6,Evora
2025-11-20 00:00:00,8.2,88,0.0,10.8,Evora
2025-11-20 01:00:00,7.8,81,0.0,12.3,Evora
2025-11-20 02:00:00,7.1,79,0.0,11.8,Evora
2025-11-20 03:00:00,6.8,77,0.0,12.5,Evora
2025-11-20 04:00:00,6.8,76,0.0,13.2,Evora
2025-11-20 05:00:00,6.4,79,0.0,11.8,Evora
2025-11-20 06:00:00,6.2,87,0.0,12.2,Evora
2025-11-20 07:00:00,6.2,86,0.0,12.0,Evora
2025-11-20 08:00:00,6.7,83,0.0,11.6,Evora
2025-11-20 09:00:00,9.1,77,0.0,10.6,Evora
2025-11-20 10:00:00,11.1,69,0.0,8.8,Evora
2025-11-20 11:00:00,12.4,65,0.0,8.7,Evora
2025-11-20 12:00:00,13.6,59,0.0,8.9,Evora
2025-11-20 13:00:00,13.9,55,0.0,10.1,Evora
2025-11-20 14:00:00,13.8,55,0.0,12.0,Evora
2025-11-20 15:00:00,13.5,54,0.0,10.6,Evora
2025-11-20 16:00:00,13.1,58,0.0,9.4,Evora
2025-11-20 17:00:00,11.1,67,0.0,7.3,Evora
2025-11-20 18:00:00,9.7,73,0.0,7.3,Evora
2025-11-20 19:00:00,9.3,75,0.0,11.3,Evora
2025-11-20 20:00:00,9.0,73,0.0,15.7,Evora
2025-11-20 21:00:00,8.1,76,0.0,15.7,Evora
2025-11-20 22:00:00,7.7,72,0.0,13.7,Evora
2025-11-20 23:00:00,7.0,72,0.0,12.4,Evora
2025-11-21 00:00:00,6.6,80,0.0,12.2,Evora
2025-11-21 01:00:00,6.3,80,0.0,11.9,Evora
2025-11-21 02:00:00,5.9,79,0.0,12.1,Evora
2025-11-21 03:00:00,5.5,78,0.0,13.0,Evora
2025-11-21 04:00:00,5.2,76,0.0,13.2,Evora
2025-11-21 05:00:00,4.9,75,0.0,13.2,Evora
2025-11-21 06:00:00,4.8,74,0.0,14.4,Evora
2025-11-21 07:00:00,4.7,73,0.0,15.0,Evora
2025-11-21 08:00:00,5.1,73,0.0,14.0,Evora
2025-11-21 09:00:00,6.9,71,0.0,12.1,Evora
2025-11-21 10:00:00,8.8,65,0.0,12.4,Evora
2025-11-21 11:00:00,10.6,57,0.0,16.6,Evora
2025-11-21 12:00:00,12.0,50,0.0,19.0,Evora
2025-11-21 13:00:00,12.6,47,0.0,16.9,Evora
2025-11-21 14:00:00,12.9,45,0.0,16.1,Evora
2025-11-21 15:00:00,12.7,47,0.0,16.1,Evora
2025-11-21 16:00:00,12.0,52,0.0,13.9,Evora
2025-11-21 17:00:00,10.2,57,0.0,12.4,Evora
2025-11-21 18:00:00,9.0,59,0.0,12.1,Evora
2025-11-21 19:00:00,8.4,62,0.0,11.5,Evora
2025-11-21 20:00:00,7.7,65,0.0,11.4,Evora
2025-11-21 21:00:00,7.5,63,0.0,12.1,Evora
2025-11-21 22:00:00,7.3,61,0.0,12.4,Evora
2025-11-21 23:00:00,6.7,61,0.0,11.5,Evora
2025-11-22 00:00:00,6.0,64,0.0,11.0,Evora
2025-11-22 01:00:00,5.5,65,0.0,10.1,Evora
2025-11-22 02:00:00,4.9,68,0.0,8.5,Evora
2025-11-22 03:00:00,4.3,71,0.0,7.3,Evora
2025-11-22 04:00:00,4.0,74,0.0,7.1,Evora
2025-11-22 05:00:00,3.9,75,0.0,8.0,Evora
2025-11-22 06:00:00,3.8,76,0.0,8.5,Evora
2025-11-22 07:00:00,3.6,75,0.0,8.7,Evora
2025-11-22 08:00:00,4.0,75,0.0,7.5,Evora
2025-11-22 09:00:00,6.2,70,0.0,7.4,Evora
2025-11-22 10:00:00,8.4,63,0.0,6.9,Evora
2025-11-22 11:00:00,10.4,56,0.0,6.7,Evora
2025-11-22 12:00:00,12.0,46,0.0,8.5,Evora
2025-11-22 13:00:00,12.7,42,0.0,7.5,Evora
2025-11-22 14:00:00,13.0,43,0.0,5.0,Evora
2025-11-22 15:00:00,13.0,44,0.0,4.2,Evora
2025-11-22 16:00:00,12.5,52,0.0,4.7,Evora
2025-11-22 17:00:00,9.7,65,0.0,5.5,Evora
2025-11-22 18:00:00,8.8,65,0.0,9.5,Evora
2025-11-22 19:00:00,8.3,62,0.0,7.1,Evora
2025-11-22 20:00:00,7.7,65,0.0,7.6,Evora
2025-11-22 21:00:00,7.3,67,0.0,9.1,Evora
2025-11-22 22:00:00,7.0,67,0.0,10.1,Evora
2025-11-22 23:00:00,6.8,68,0.0,9.5,Evora
2025-11-23 00:00:00,6.5,71,0.0,8.5,Evora
2025-11-23 01:00:00,6.0,77,0.0,6.4,Evora
2025-11-23 02:00:00,5.6,80,0.0,7.0,Evora
2025-11-23 03:00:00,6.1,83,0.0,8.5,Evora
2025-11-23 04:00:00,6.2,87,0.0,10.5,Evora
2025-11-23 05:00:00,6.2,90,0.0,11.2,Evora
2025-11-23 06:00:00,6.6,90,0.0,11.4,Evora
2025-11-23 07:00:00,6.8,90,0.0,11.3,Evora
2025-11-23 08:00:00,7.3,90,0.0,10.0,Evora
2025-11-23 09:00:00,9.7,84,0.0,7.9,Evora
2025-11-23 10:00:00,12.1,78,0.0,2.5,Evora
2025-11-23 11:00:00,13.8,73,0.0,5.5,Evora
2025-11-23 12:00:00,14.7,70,0.0,5.3,Evora
2025-11-23 13:00:00,15.5,66,0.0,6.6,Evora
2025-11-23 14:00:00,15.7,65,0.0,8.0,Evora
2025-11-23 15:00:00,15.5,65,0.0,11.1,Evora
2025-11-23 16:00:00,15.0,66,0.0,9.6,Evora
2025-11-23 17:00:00,13.3,75,0.0,9.0,Evora
2025-11-23 18:00:00,12.5,81,0.0,11.7,Evora
2025-11-23 19:00:00,11.7,89,0.0,12.0,Evora
2025-11-23 20:00:00,11.1,94,0.0,11.5,Evora
2025-11-23 21:00:00,11.1,94,0.0,9.2,Evora
2025-11-23 22:00:00,10.8,96,0.0,9.3,Evora
2025-11-23 23:00:00,10.3,97,0.0,10.5,Evora
2025-11-24 00:00:00,10.6,97,0.0,10.8,Evora
2025-11-24 01:00:00,11.3,95,0.0,11.0,Evora
2025-11-24 02:00:00,11.9,94,0.0,12.4,Evora
2025-11-24 03:00:00,11.7,96,0.0,13.0,Evora
2025-11-24 04:00:00,11.9,97,0.0,14.7,Evora
2025-11-24 05:00:00,11.5,98,0.0,15.4,Evora
2025-11-24 06:00:00,11.6,97,0.0,15.0,Evora
2025-11-24 07:00:00,11.5,98,0.0,14.4,Evora
2025-11-24 08:00:00,12.1,97,0.0,15.7,Evora
2025-11-24 09:00:00,12.7,96,0.0,16.7,Evora
2025-11-24 10:00:00,13.8,91,0.0,23.0,Evora
2025-11-24 11:00:00,14.6,87,0.3,23.7,Evora
2025-11-24 12:00:00,15.6,79,0.3,27.5,Evora
2025-11-24 13:00:00,16.4,74,0.1,28.6,Evora
2025-11-24 14:00:00,15.6,80,0.1,30.6,Evora
2025-11-24 15:00:00,14.8,93,0.3,25.1,Evora
2025-11-24 16:00:00,14.6,96,0.5,25.5,Evora
2025-11-24 17:00:00,14.6,96,0.4,21.9,Evora
2025-11-24 18:00:00,14.7,96,1.2,23.4,Evora
2025-11-24 19:00:00,14.5,99,0.1,19.3,Evora
2025-11-24 20:00:00,14.6,99,0.0,16.7,Evora
2025-11-24 21:00:00,14.6,98,0.2,18.3,Evora
2025-11-24 22:00:00,14.2,98,0.2,18.9,Evora
2025-11-24 23:00:00,13.6,95,0.0,17.6,Evora
2025-11-25 00:00:00,12.0,95,0.0,18.4,Evora
2025-11-25 01:00:00,11.0,91,0.0,19.3,Evora
2025-11-25 02:00:00,10.6,84,0.0,20.5,Evora
2025-11-25 03:00:00,9.7,84,0.0,19.8,Evora
2025-11-25 04:00:00,9.3,83,0.0,20.6,Evora
2025-11-25 05:00:00,8.8,81,0.0,21.7,Evora
2025-11-25 06:00:00,8.3,78,0.0,21.1,Evora
2025-11-25 07:00:00,8.1,76,0.0,19.1,Evora
2025-11-25 08:00:00,7.9,77,0.0,18.0,Evora
2025-11-25 09:00:00,9.0,75,0.0,14.5,Evora
2025-11-25 10:00:00,10.5,69,0.0,17.1,Evora
2025-11-25 11:00:00,11.9,62,0.0,19.1,Evora
2025-11-25 12:00:00,13.2,55,0.0,19.2,Evora
2025-11-25 13:00:00,13.7,51,0.0,17.6,Evora
2025-11-25 14:00:00,13.9,49,0.0,15.8,Evora
2025-11-25 15:00:00,13.8,51,0.0,15.0,Evora
2025-11-25 16:00:00,13.2,57,0.0,12.9,Evora
2025-11-25 17:00:00,11.4,65,0.0,11.0,Evora
2025-11-25 18:00:00,10.4,69,0.0,14.2,Evora
2025-11-25 19:00:00,10.3,70,0.0,17.3,Evora
2025-11-25 20:00:00,9.8,73,0.0,16.8,Evora
2025-11-25 21:00:00,9.2,78,0.0,15.7,Evora
2025-11-25 22:00:00,8.5,82,0.0,14.0,Evora
2025-11-25 23:00:00,8.1,84,0.0,13.0,Evora
2025-11-26 00:00:00,7.8,84,0.0,13.4,Evora
2025-11-26 01:00:00,7.6,84,0.0,12.6,Evora
2025-11-26 02:00:00,7.2,84,0.0,11.5,Evora
2025-11-26 03:00:00,6.7,86,0.0,10.1,Evora
2025-11-26 04:00:00,6.4,86,0.0,10.1,Evora
2025-11-26 05:00:00,6.2,85,0.0,10.5,Evora
2025-11-26 06:00:00,6.1,85,0.0,10.6,Evora
2025-11-26 07:00:00,5.6,86,0.0,9.4,Evora
2025-11-26 08:00:00,5.7,86,0.0,9.0,Evora
2025-11-26 09:00:00,8.1,80,0.0,9.2,Evora
2025-11-26 10:00:00,10.5,68,0.0,8.5,Evora
2025-11-26 11:00:00,12.2,56,0.0,12.5,Evora
2025-11-26 12:00:00,13.8,51,0.0,12.4,Evora
2025-11-26 13:00:00,14.5,45,0.0,12.0,Evora
2025-11-26 14:00:00,14.7,44,0.0,12.1,Evora
2025-11-26 15:00:00,14.5,45,0.0,11.6,Evora
2025-11-26 16:00:00,13.6,52,0.0,9.2,Evora
2025-11-26 17:00:00,11.2,61,0.0,7.5,Evora
2025-11-26 18:00:00,10.0,65,0.0,8.2,Evora
2025-11-26 19:00:00,9.5,66,0.0,8.7,Evora
2025-11-26 20:00:00,9.1,65,0.0,10.7,Evora
2025-11-26 21:00:00,8.8,64,0.0,11.2,Evora
2025-11-26 22:00:00,8.2,66,0.0,9.5,Evora
2025-11-26 23:00:00,7.8,69,0.0,9.0,Evora
2025-11-27 00:00:00,7.3,71,0.0,8.3,Evora
2025-11-27 01:00:00,7.2,73,0.0,8.7,Evora
2025-11-27 02:00:00,6.6,76,0.0,7.2,Evora
2025-11-27 03:00:00,5.9,79,0.0,6.2,Evora
2025-11-27 04:00:00,5.9,77,0.0,7.0,Evora
2025-11-27 05:00:00,5.8,73,0.0,8.1,Evora
2025-11-27 06:00:00,5.5,73,0.0,7.8,Evora
2025-11-27 07:00:00,5.2,73,0.0,7.5,Evora
2025-11-27 08:00:00,5.6,72,0.0,8.5,Evora
2025-11-27 09:00:00,7.7,69,0.0,8.2,Evora
2025-11-27 10:00:00,9.8,64,0.0,5.0,Evora
2025-11-27 11:00:00,11.6,60,0.0,4.6,Evora
2025-11-27 12:00:00,13.3,55,0.0,3.4,Evora
2025-11-27 13:00:00,14.3,52,0.0,3.3,Evora
2025-11-27 14:00:00,14.7,52,0.0,5.2,Evora
2025-11-27 15:00:00,14.7,53,0.0,7.5,Evora
2025-11-27 16:00:00,13.9,60,0.0,7.9,Evora
2025-11-27 17:00:00,11.6,66,0.0,9.6,Evora
2025-11-27 18:00:00,10.5,66,0.0,10.1,Evora
2025-11-27 19:00:00,9.9,69,0.0,6.7,Evora
2025-11-27 20:00:00,9.5,71,0.0,8.1,Evora
2025-11-27 21:00:00,9.1,74,0.0,9.5,Evora
2025-11-27 22:00:00,8.4,81,0.0,9.2,Evora
2025-11-27 23:00:00,7.6,86,0.0,8.8,Evora
2025-11-28 00:00:00,7.1,89,0.0,9.5,Evora
2025-11-28 01:00:00,6.8,91,0.0,8.6,Evora
2025-11-28 02:00:00,6.5,91,0.0,8.1,Evora
2025-11-28 03:00:00,6.1,92,0.0,7.4,Evora
2025-11-28 04:00:00,5.8,92,0.0,7.0,Evora
2025-11-28 05:00:00,5.6,92,0.0,6.5,Evora
2025-11-28 06:00:00,5.4,92,0.0,7.4,Evora
2025-11-28 07:00:00,5.1,94,0.0,8.3,Evora
2025-11-28 08:00:00,5.1,95,0.0,7.9,Evora
2025-11-28 09:00:00,7.5,89,0.0,7.0,Evora
2025-11-28 10:00:00,10.1,80,0.0,4.3,Evora
2025-11-28 11:00:00,12.2,71,0.0,3.2,Evora
2025-11-28 12:00:00,14.2,63,0.0,4.1,Evora
2025-11-28 13:00:00,15.2,58,0.0,3.9,Evora
2025-11-28 14:00:00,15.5,57,0.0,4.4,Evora
2025-11-28 15:00:00,15.1,58,0.0,6.9,Evora
2025-11-28 16:00:00,14.0,65,0.0,7.5,Evora
2025-11-28 17:00:00,11.1,78,0.0,5.9,Evora
2025-11-28 18:00:00,10.2,82,0.0,7.8,Evora
2025-11-28 19:00:00,9.8,84,0.0,8.3,Evora
2025-11-28 20:00:00,9.3,85,0.0,8.7,Evora
2025-11-28 21:00:00,8.8,88,0.0,8.9,Evora
2025-11-28 22:00:00,8.4,90,0.0,10.2,Evora
2025-11-28 23:00:00,8.1,92,0.0,11.1,Evora
2025-11-29 00:00:00,7.9,95,0.0,10.5,Evora
2025-11-29 01:00:00,7.5,97,0.0,7.9,Evora
2025-11-29 02:00:00,7.0,98,0.0,6.8,Evora
2025-11-29 03:00:00,7.9,100,0.0,7.5,Evora
2025-11-29 04:00:00,8.3,100,0.0,9.5,Evora
2025-11-29 05:00:00,8.4,100,0.0,9.8,Evora
2025-11-29 06:00:00,8.6,100,0.0,7.5,Evora
2025-11-29 07:00:00,8.8,100,0.0,5.6,Evora
2025-11-29 08:00:00,9.0,100,0.0,6.8,Evora
2025-11-29 09:00:00,10.0,97,0.0,6.7,Evora
2025-11-29 10:00:00,11.6,91,0.0,8.8,Evora
2025-11-29 11:00:00,13.2,79,0.0,8.7,Evora
2025-11-29 12:00:00,13.6,72,0.0,12.1,Evora
2025-11-29 13:00:00,14.1,67,0.0,11.8,Evora
2025-11-29 14:00:00,14.3,63,0.0,12.1,Evora
2025-11-29 15:00:00,14.2,62,0.0,12.2,Evora
2025-11-29 16:00:00,13.8,66,0.0,10.1,Evora
2025-11-29 17:00:00,12.1,77,0.0,6.8,Evora
2025-11-29 18:00:00,11.4,83,0.0,7.1,Evora
2025-11-29 19:00:00,10.7,85,0.3,8.3,Evora
2025-11-29 20:00:00,10.2,90,0.7,9.5,Evora
2025-11-29 21:00:00,9.8,95,0.1,7.5,Evora
2025-11-29 22:00:00,9.7,97,1.1,6.6,Evora
2025-11-29 23:00:00,10.0,97,0.1,12.5,Evora
2025-11-30 00:00:00,10.6,98,0.4,12.4,Evora
2025-11-30 01:00:00,10.0,99,0.0,8.9,Evora
2025-11-30 02:00:00,10.3,100,0.0,8.6,Evora
2025-11-30 03:00:00,10.3,100,0.0,10.0,Evora
2025-11-30 04:00:00,10.1,99,0.0,10.5,Evora
2025-11-30 05:00:00,10.2,98,0.0,16.3,Evora
2025-11-30 06:00:00,8.9,92,0.0,17.7,Evora
2025-11-30 07:00:00,7.8,94,0.0,16.6,Evora
2025-11-30 08:00:00,7.3,94,0.0,17.4,Evora
2025-11-30 09:00:00,8.1,88,0.0,19.1,Evora
2025-11-30 10:00:00,9.1,83,0.0,20.2,Evora
2025-11-30 11:00:00,10.7,73,0.0,22.4,Evora
2025-11-30 12:00:00,12.0,65,0.0,23.0,Evora
2025-11-30 13:00:00,13.0,56,0.0,25.7,Evora
2025-11-30 14:00:00,13.7,52,0.0,23.0,Evora
2025-11-30 15:00:00,13.8,55,0.0,21.4,Evora
2025-11-30 16:00:00,13.3,58,0.0,17.1,Evora
2025-11-30 17:00:00,12.1,61,0.0,14.9,Evora
2025-11-30 18:00:00,11.1,66,0.0,14.8,Evora
2025-11-30 19:00:00,11.0,63,0.0,18.5,Evora
2025-11-30 20:00:00,10.2,64,0.0,17.5,Evora
2025-11-30 21:00:00,9.4,66,0.0,16.3,Evora
2025-11-30 22:00:00,8.6,68,0.0,14.9,Evora
2025-11-30 23:00:00,8.1,69,0.0,13.6,Evora
2025-12-01 00:00:00,7.3,70,0.0,12.5,Evora
2025-12-01 01:00:00,6.9,72,0.0,10.9,Evora
2025-12-01 02:00:00,6.4,74,0.0,9.8,Evora
2025-12-01 03:00:00,6.1,76,0.0,8.4,Evora
2025-12-01 04:00:00,5.9,77,0.0,9.1,Evora
2025-12-01 05:00:00,5.7,77,0.0,8.6,Evora
2025-12-01 06:00:00,5.3,79,0.0,7.3,Evora
2025-12-01 07:00:00,5.1,80,0.0,7.9,Evora
2025-12-01 08:00:00,4.9,82,0.0,6.8,Evora
2025-12-01 09:00:00,7.1,76,0.0,8.9,Evora
2025-12-01 10:00:00,9.3,69,0.0,6.8,Evora
2025-12-01 11:00:00,11.3,63,0.0,5.6,Evora
2025-12-01 12:00:00,12.8,61,0.0,5.8,Evora
2025-12-01 13:00:00,13.7,57,0.0,2.6,Evora
2025-12-01 14:00:00,14.0,54,0.0,1.0,Evora
2025-12-01 15:00:00,13.9,54,0.0,3.0,Evora
2025-12-01 16:00:00,13.4,62,0.0,3.9,Evora
2025-12-01 17:00:00,10.5,75,0.0,5.4,Evora
2025-12-01 18:00:00,9.8,78,0.0,8.0,Evora
2025-12-01 19:00:00,9.2,80,0.0,6.5,Evora
2025-12-01 20:00:00,7.5,85,0.0,5.6,Evora
2025-12-01 21:00:00,7.4,82,0.0,7.6,Evora
2025-12-01 22:00:00,7.1,81,0.0,8.1,Evora
2025-12-01 23:00:00,6.6,87,0.0,8.2,Evora
2025-12-02 00:00:00,6.4,95,0.0,10.2,Evora
2025-12-02 01:00:00,6.8,95,0.0,11.8,Evora
2025-12-02 02:00:00,7.5,97,0.0,13.9,Evora
2025-12-02 03:00:00,8.5,95,0.7,12.1,Evora
2025-12-02 04:00:00,8.8,98,1.5,11.8,Evora
2025-12-02 05:00:00,9.0,98,0.2,6.2,Evora
2025-12-02 06:00:00,9.4,95,0.0,13.2,Evora
2025-12-02 07:00:00,8.2,97,0.0,11.6,Evora
2025-12-02 08:00:00,7.9,97,0.0,9.7,Evora
2025-12-02 09:00:00,9.2,96,0.0,9.4,Evora
2025-12-02 10:00:00,11.3,91,0.0,8.1,Evora
2025-12-02 11:00:00,12.5,79,0.1,10.7,Evora
2025-12-02 12:00:00,12.8,73,0.1,11.8,Evora
2025-12-02 13:00:00,13.3,67,0.0,12.0,Evora
2025-12-02 14:00:00,13.0,69,0.2,15.2,Evora
2025-12-02 15:00:00,13.0,67,0.0,16.7,Evora
2025-12-02 16:00:00,10.8,84,1.1,12.5,Evora
2025-12-02 17:00:00,9.8,87,0.0,7.7,Evora
2025-12-02 18:00:00,9.0,94,0.0,9.0,Evora
2025-12-02 19:00:00,8.9,93,0.0,13.5,Evora
2025-12-02 20:00:00,8.8,95,0.7,14.5,Evora
2025-12-02 21:00:00,8.2,95,2.0,11.2,Evora
2025-12-02 22:00:00,7.9,94,1.0,12.9,Evora
2025-12-02 23:00:00,8.0,96,0.2,16.5,Evora
2025-12-03 00:00:00,7.3,94,0.0,20.5,Evora
2025-12-03 01:00:00,7.0,95,0.0,20.7,Evora
2025-12-03 02:00:00,6.5,94,0.0,19.3,Evora
2025-12-03 03:00:00,6.0,95,0.0,17.9,Evora
2025-12-03 04:00:00,5.7,95,0.0,17.4,Evora
2025-12-03 05:00:00,5.5,95,0.0,16.3,Evora
2025-12-03 06:00:00,5.6,94,0.0,16.6,Evora
2025-12-03 07:00:00,5.5,94,0.0,15.1,Evora
2025-12-03 08:00:00,5.6,94,0.0,12.6,Evora
2025-12-03 09:00:00,7.3,91,0.0,12.8,Evora
2025-12-03 10:00:00,9.4,84,0.0,8.4,Evora
2025-12-03 11:00:00,11.1,74,0.0,10.5,Evora
2025-12-03 12:00:00,12.6,67,0.0,15.6,Evora
2025-12-03 13:00:00,13.0,62,0.0,15.8,Evora
2025-12-03 14:00:00,12.8,63,0.0,15.6,Evora
2025-12-03 15:00:00,12.6,65,0.0,15.3,Evora
2025-12-03 16:00:00,12.1,69,0.0,13.0,Evora
2025-12-03 17:00:00,10.7,77,0.0,6.7,Evora
2025-12-03 18:00:00,9.2,89,0.0,5.6,Evora
2025-12-03 19:00:00,9.3,87,0.0,7.0,Evora
2025-12-03 20:00:00,8.8,88,0.0,7.1,Evora
2025-12-03 21:00:00,8.7,87,0.0,8.2,Evora
2025-12-03 22:00:00,8.2,90,0.0,9.0,Evora
2025-12-03 23:00:00,8.0,91,0.0,9.9,Evora
2025-12-04 00:00:00,7.7,93,0.0,9.7,Evora
2025-12-04 01:00:00,7.8,95,0.0,11.1,Evora
2025-12-04 02:00:00,8.7,96,0.0,12.9,Evora
2025-12-04 03:00:00,9.1,96,0.0,13.6,Evora
2025-12-04 04:00:00,8.8,96,0.0,14.4,Evora
2025-12-04 05:00:00,9.1,96,0.0,15.0,Evora
2025-12-04 06:00:00,9.9,97,0.0,16.7,Evora
2025-12-04 07:00:00,10.4,97,0.0,18.0,Evora
2025-12-04 08:00:00,11.0,97,0.2,16.9,Evora
2025-12-04 09:00:00,11.9,96,0.2,16.3,Evora
2025-12-04 10:00:00,12.7,96,0.0,16.5,Evora
2025-12-04 11:00:00,14.1,84,0.0,17.0,Evora
2025-12-04 12:00:00,14.4,76,0.0,15.8,Evora
2025-12-04 13:00:00,15.1,68,0.0,17.2,Evora
2025-12-04 14:00:00,15.2,65,0.0,17.9,Evora
2025-12-04 15:00:00,15.0,65,0.0,16.7,Evora
2025-12-04 16:00:00,14.3,69,0.0,12.3,Evora
2025-12-04 17:00:00,12.5,77,0.0,10.3,Evora
2025-12-04 18:00:00,10.3,88,0.0,8.9,Evora
2025-12-04 19:00:00,9.7,91,0.0,10.5,Evora
2025-12-04 20:00:00,9.3,92,0.0,10.5,Evora
2025-12-04 21:00:00,8.9,93,0.0,10.6,Evora
2025-12-04 22:00:00,9.8,91,0.0,12.8,Evora
2025-12-04 23:00:00,10.6,91,0.0,11.9,Evora
2025-12-05 00:00:00,11.0,93,0.0,14.8,Evora
2025-12-05 01:00:00,11.4,96,0.2,15.5,Evora
2025-12-05 02:00:00,12.4,98,0.2,22.0,Evora
2025-12-05 03:00:00,13.2,99,0.0,21.4,Evora
2025-12-05 04:00:00,13.3,98,0.0,20.5,Evora
2025-12-05 05:00:00,13.2,97,0.3,15.9,Evora
2025-12-05 06:00:00,13.1,99,0.0,15.7,Evora
2025-12-05 07:00:00,13.8,99,0.0,16.6,Evora
2025-12-05 08:00:00,13.9,99,0.0,14.1,Evora
2025-12-05 09:00:00,14.1,98,0.0,13.1,Evora
2025-12-05 10:00:00,14.4,96,0.0,12.6,Evora
2025-12-05 11:00:00,14.7,95,0.1,9.5,Evora
2025-12-05 12:00:00,15.6,93,0.3,13.0,Evora
2025-12-05 13:00:00,16.5,84,1.1,16.0,Evora
2025-12-05 14:00:00,16.1,88,0.5,16.0,Evora
2025-12-05 15:00:00,16.4,89,0.1,14.4,Evora
2025-12-05 16:00:00,15.5,93,0.2,13.7,Evora
2025-12-05 17:00:00,14.7,96,0.0,13.4,Evora
2025-12-05 18:00:00,14.2,99,0.0,13.7,Evora
2025-12-05 19:00:00,14.3,99,0.0,12.8,Evora
2025-12-05 20:00:00,14.2,99,0.0,11.3,Evora
2025-12-05 21:00:00,14.0,100,0.0,11.0,Evora
2025-12-05 22:00:00,14.0,100,0.0,10.5,Evora
2025-12-05 23:00:00,13.8,100,0.0,10.2,Evora
2025-12-06 00:00:00,13.8,100,0.0,10.1,Evora
2025-12-06 01:00:00,13.7,100,0.0,9.8,Evora
2025-12-06 02:00:00,13.6,100,0.0,9.5,Evora
2025-12-06 03:00:00,13.7,99,0.0,9.8,Evora
2025-12-06 04:00:00,13.5,100,0.0,8.1,Evora
2025-12-06 05:00:00,13.4,100,0.0,7.9,Evora
2025-12-06 06:00:00,13.4,100,0.0,10.6,Evora
2025-12-06 07:00:00,13.5,99,0.0,8.1,Evora
2025-12-06 08:00:00,13.4,100,0.0,8.0,Evora
2025-12-06 09:00:00,13.6,99,0.0,10.3,Evora
2025-12-06 10:00:00,14.0,96,0.1,12.3,Evora
2025-12-06 11:00:00,14.6,90,0.1,11.3,Evora
2025-12-06 12:00:00,15.7,79,0.0,13.4,Evora
2025-12-06 13:00:00,16.5,72,0.0,15.9,Evora
2025-12-06 14:00:00,17.1,68,0.0,15.1,Evora
2025-12-06 15:00:00,17.1,65,0.0,13.8,Evora
2025-12-06 16:00:00,16.6,70,0.0,9.9,Evora
2025-12-06 17:00:00,14.6,80,0.0,7.5,Evora
2025-12-06 18:00:00,13.4,89,0.0,7.6,Evora
2025-12-06 19:00:00,13.2,92,0.0,6.8,Evora
2025-12-06 20:00:00,12.6,95,0.0,6.4,Evora
2025-12-06 21:00:00,13.0,97,0.0,7.3,Evora
2025-12-06 22:00:00,12.9,99,0.0,6.7,Evora
2025-12-06 23:00:00,12.7,99,0.0,5.1,Evora
2025-12-07 00:00:00,12.8,100,0.0,4.6,Evora
2025-12-07 01:00:00,13.1,100,0.0,6.0,Evora
2025-12-07 02:00:00,13.1,100,0.0,5.0,Evora
2025-12-07 03:00:00,13.0,100,0.0,5.2,Evora
2025-12-07 04:00:00,12.9,99,0.0,5.6,Evora
2025-12-07 05:00:00,12.5,100,0.0,5.8,Evora
2025-12-07 06:00:00,12.5,100,0.0,4.7,Evora
2025-12-07 07:00:00,12.4,100,0.0,5.1,Evora
2025-12-07 08:00:00,12.3,99,0.0,6.3,Evora
2025-12-07 09:00:00,12.4,98,0.0,5.3,Evora
2025-12-07 10:00:00,12.8,96,0.0,5.4,Evora
2025-12-07 11:00:00,13.6,90,0.0,6.6,Evora
2025-12-07 12:00:00,15.2,79,0.0,5.4,Evora
2025-12-07 13:00:00,16.4,63,0.0,7.6,Evora
2025-12-07 14:00:00,16.5,60,0.0,8.4,Evora
2025-12-07 15:00:00,16.4,59,0.0,8.2,Evora
2025-12-07 16:00:00,15.9,65,0.0,5.8,Evora
2025-12-07 17:00:00,13.5,77,0.0,5.2,Evora
2025-12-07 18:00:00,13.1,73,0.0,6.2,Evora
2025-12-07 19:00:00,12.7,76,0.0,5.7,Evora
2025-12-07 20:00:00,11.7,82,0.0,5.3,Evora
2025-12-07 21:00:00,10.7,89,0.0,5.9,Evora
2025-12-07 22:00:00,10.2,88,0.0,3.5,Evora
2025-12-07 23:00:00,10.1,88,0.0,2.8,Evora
2025-12-08 00:00:00,10.3,90,0.0,2.1,Evora
2025-12-08 01:00:00,9.8,92,0.0,2.4,Evora
2025-12-08 02:00:00,9.4,94,0.0,2.6,Evora
2025-12-08 03:00:00,9.1,95,0.0,3.9,Evora
2025-12-08 04:00:00,8.8,95,0.0,4.5,Evora
2025-12-08 05:00:00,8.9,95,0.0,6.3,Evora
2025-12-08 06:00:00,8.5,96,0.0,3.1,Evora
2025-12-08 07:00:00,9.0,97,0.0,6.6,Evora
2025-12-08 08:00:00,9.7,97,0.0,8.8,Evora
2025-12-08 09:00:00,11.4,93,0.0,10.7,Evora
2025-12-08 10:00:00,13.4,85,0.0,10.8,Evora
2025-12-08 11:00:00,15.1,76,0.0,13.1,Evora
2025-12-08 12:00:00,15.9,72,0.0,13.5,Evora
2025-12-08 13:00:00,16.6,66,0.0,15.5,Evora
2025-12-08 14:00:00,16.7,66,0.0,18.2,Evora
2025-12-08 15:00:00,16.9,67,0.0,17.8,Evora
2025-12-08 16:00:00,16.6,71,0.0,11.7,Evora
2025-12-08 17:00:00,15.2,77,0.0,10.3,Evora
2025-12-08 18:00:00,13.5,86,0.0,9.9,Evora
2025-12-08 19:00:00,12.5,88,0.0,12.3,Evora
2025-12-08 20:00:00,11.9,88,0.0,13.3,Evora
2025-12-08 21:00:00,11.4,86,0.0,13.1,Evora
2025-12-08 22:00:00,11.0,84,0.0,12.9,Evora
2025-12-08 23:00:00,10.6,83,0.0,13.7,Evora
2025-12-09 00:00:00,10.4,86,0.0,15.2,Evora
2025-12-09 01:00:00,10.5,85,0.0,15.8,Evora
2025-12-09 02:00:00,10.6,85,0.0,16.2,Evora
2025-12-09 03:00:00,10.5,86,0.0,17.6,Evora
2025-12-09 04:00:00,10.6,85,0.0,17.2,Evora
2025-12-09 05:00:00,10.6,84,0.0,17.9,Evora
2025-12-09 06:00:00,10.8,85,0.0,18.5,Evora
2025-12-09 07:00:00,11.5,82,0.0,19.3,Evora
2025-12-09 08:00:00,11.5,84,0.0,18.6,Evora
2025-12-09 09:00:00,12.3,82,0.0,18.8,Evora
2025-12-09 10:00:00,13.3,82,0.0,16.4,Evora
2025-12-09 11:00:00,14.1,82,0.0,14.1,Evora
2025-12-09 12:00:00,14.4,85,1.2,20.0,Evora
2025-12-09 13:00:00,15.4,84,0.7,23.4,Evora
2025-12-09 14:00:00,14.8,93,2.4,17.6,Evora
2025-12-09 15:00:00,14.3,95,4.1,18.4,Evora
2025-12-09 16:00:00,14.0,95,3.0,23.6,Evora
2025-12-09 17:00:00,13.4,94,2.0,21.8,Evora
2025-12-09 18:00:00,13.4,96,3.2,19.1,Evora
2025-12-09 19:00:00,13.4,96,1.8,16.5,Evora
2025-12-09 20:00:00,13.1,97,0.6,12.3,Evora
2025-12-09 21:00:00,12.9,98,1.2,8.4,Evora
2025-12-09 22:00:00,12.8,99,0.2,5.7,Evora
2025-12-09 23:00:00,12.8,100,0.0,5.7,Evora
2025-12-10 00:00:00,12.8,99,0.0,6.5,Evora
2025-12-10 01:00:00,12.4,99,0.0,7.8,Evora
2025-12-10 02:00:00,12.1,96,0.0,9.8,Evora
2025-12-10 03:00:00,11.5,97,0.0,4.2,Evora
2025-12-10 04:00:00,11.2,98,0.2,1.9,Evora
2025-12-10 05:00:00,11.2,96,0.4,6.3,Evora
2025-12-10 06:00:00,10.6,99,0.0,4.8,Evora
2025-12-10 07:00:00,11.0,98,0.0,7.6,Evora
2025-12-10 08:00:00,10.8,99,0.0,8.1,Evora
2025-12-10 09:00:00,11.4,97,0.0,9.8,Evora
2025-12-10 10:00:00,12.5,91,0.0,11.2,Evora
2025-12-10 11:00:00,13.3,86,0.0,13.0,Evora
2025-12-10 12:00:00,13.5,87,0.0,11.3,Evora
2025-12-10 13:00:00,12.9,85,0.3,14.1,Evora
2025-12-10 14:00:00,13.5,83,0.1,16.4,Evora
2025-12-10 15:00:00,13.6,80,0.0,16.2,Evora
2025-12-10 16:00:00,13.6,81,0.0,12.5,Evora
2025-12-10 17:00:00,12.7,84,0.0,9.0,Evora
2025-12-10 18:00:00,12.2,90,0.0,8.5,Evora
2025-12-10 19:00:00,11.9,91,0.0,9.8,Evora
2025-12-10 20:00:00,11.2,93,0.0,10.5,Evora
2025-12-10 21:00:00,11.0,94,0.0,11.3,Evora
2025-12-10 22:00:00,10.7,96,0.0,11.4,Evora
2025-12-10 23:00:00,10.4,97,0.0,10.4,Evora
2025-12-11 00:00:00,10.8,97,0.0,10.8,Evora
2025-12-11 01:00:00,10.3,98,0.0,8.9,Evora
2025-12-11 02:00:00,9.8,99,0.0,7.2,Evora
2025-12-11 03:00:00,9.2,99,0.0,8.4,Evora
2025-12-11 04:00:00,8.3,99,0.0,5.5,Evora
2025-12-11 05:00:00,8.8,99,0.0,12.8,Evora
2025-12-11 06:00:00,9.7,99,0.0,9.5,Evora
2025-12-11 07:00:00,10.0,98,0.0,5.3,Evora
2025-12-11 08:00:00,9.9,99,0.0,7.0,Evora
2025-12-11 09:00:00,11.0,95,0.0,8.8,Evora
2025-12-11 10:00:00,12.3,84,0.0,13.9,Evora
2025-12-11 11:00:00,12.9,85,0.1,13.3,Evora
2025-12-11 12:00:00,13.3,82,0.1,15.9,Evora
2025-12-11 13:00:00,14.1,76,0.1,13.9,Evora
2025-12-11 14:00:00,14.5,71,0.1,12.2,Evora
2025-12-11 15:00:00,14.0,76,0.0,10.6,Evora
2025-12-11 16:00:00,13.3,84,0.0,9.5,Evora
2025-12-11 17:00:00,12.9,88,0.0,6.4,Evora
2025-12-11 18:00:00,12.0,95,0.1,8.2,Evora
2025-12-11 19:00:00,12.1,94,0.4,8.2,Evora
2025-12-11 20:00:00,12.1,95,0.1,10.9,Evora
2025-12-11 21:00:00,12.0,95,0.4,12.2,Evora
2025-12-11 22:00:00,11.7,96,0.2,12.6,Evora
2025-12-11 23:00:00,11.6,99,0.4,12.7,Evora
2025-12-12 00:00:00,11.8,96,0.0,11.7,Evora
2025-12-12 01:00:00,11.7,95,0.1,12.9,Evora
2025-12-12 02:00:00,11.5,96,0.3,13.7,Evora
2025-12-12 03:00:00,11.3,97,0.3,13.1,Evora
2025-12-12 04:00:00,11.1,97,0.5,12.7,Evora
2025-12-12 05:00:00,11.1,98,1.6,11.9,Evora
2025-12-12 06:00:00,11.4,95,1.4,9.9,Evora
2025-12-12 07:00:00,11.3,97,4.8,10.6,Evora
2025-12-12 08:00:00,11.3,97,2.1,5.9,Evora
2025-12-12 09:00:00,11.3,96,0.6,2.1,Evora
2025-12-12 10:00:00,11.6,97,1.1,6.8,Evora
2025-12-12 11:00:00,11.6,91,1.5,7.5,Evora
2025-12-12 12:00:00,10.9,97,1.9,9.8,Evora
2025-12-12 13:00:00,10.9,97,2.0,12.2,Evora
2025-12-12 14:00:00,11.6,98,1.1,10.5,Evora
2025-12-12 15:00:00,11.5,95,1.0,12.5,Evora
2025-12-12 16:00:00,11.0,96,2.1,12.1,Evora
2025-12-12 17:00:00,10.6,95,2.0,9.6,Evora
2025-12-12 18:00:00,10.8,97,1.4,11.5,Evora
2025-12-12 19:00:00,10.9,96,0.2,13.3,Evora
2025-12-12 20:00:00,10.6,98,0.5,14.6,Evora
2025-12-12 21:00:00,10.7,97,0.9,14.2,Evora
2025-12-12 22:00:00,10.6,96,0.6,15.3,Evora
2025-12-12 23:00:00,10.6,96,0.6,16.4,Evora
2025-12-13 00:00:00,10.8,95,0.2,18.7,Evora
2025-12-13 01:00:00,10.8,97,0.3,14.0,Evora
2025-12-13 02:00:00,10.8,96,0.1,14.1,Evora
2025-12-13 03:00:00,10.7,94,0.1,14.3,Evora
2025-12-13 04:00:00,10.7,93,0.0,14.2,Evora
2025-12-13 05:00:00,10.3,93,0.0,15.5,Evora
2025-12-13 06:00:00,10.4,92,0.0,16.7,Evora
2025-12-13 07:00:00,10.4,91,0.0,16.8,Evora
2025-12-13 08:00:00,10.4,90,0.0,17.8,Evora
2025-12-13 09:00:00,11.4,85,0.0,18.3,Evora
2025-12-13 10:00:00,13.1,80,0.0,15.4,Evora
2025-12-13 11:00:00,14.4,75,0.0,17.7,Evora
2025-12-13 12:00:00,15.3,72,0.0,16.4,Evora
2025-12-13 13:00:00,15.8,70,0.0,16.0,Evora
2025-12-13 14:00:00,16.4,68,0.0,14.3,Evora
2025-12-13 15:00:00,16.5,67,0.0,13.8,Evora
2025-12-13 16:00:00,15.9,70,0.0,14.2,Evora
2025-12-13 17:00:00,14.5,74,0.0,14.7,Evora
2025-12-13 18:00:00,13.5,78,0.0,15.1,Evora
2025-12-13 19:00:00,13.0,78,0.0,15.5,Evora
2025-12-13 20:00:00,12.6,79,0.0,15.5,Evora
2025-12-13 21:00:00,12.7,75,0.0,17.7,Evora
2025-12-13 22:00:00,12.7,72,0.0,19.4,Evora
2025-12-13 23:00:00,12.2,73,0.0,19.3,Evora
2025-12-14 00:00:00,11.4,79,0.0,16.2,Evora
2025-12-14 01:00:00,11.0,81,0.0,16.5,Evora
2025-12-14 02:00:00,10.7,82,0.0,16.9,Evora
2025-12-14 03:00:00,10.3,82,0.0,17.2,Evora
2025-12-14 04:00:00,10.0,82,0.0,16.9,Evora
2025-12-14 05:00:00,9.6,82,0.0,17.5,Evora
2025-12-14 06:00:00,9.4,84,0.0,18.5,Evora
2025-12-14 07:00:00,9.3,85,0.0,18.4,Evora
2025-12-14 08:00:00,9.1,86,0.0,17.5,Evora
2025-12-14 09:00:00,10.1,82,0.0,17.6,Evora
2025-12-14 10:00:00,11.5,79,0.0,14.3,Evora
2025-12-14 11:00:00,12.9,75,0.0,13.5,Evora
2025-12-14 12:00:00,14.1,72,0.0,13.2,Evora
2025-12-14 13:00:00,15.0,68,0.0,13.3,Evora
2025-12-14 14:00:00,15.5,66,0.0,13.5,Evora
2025-12-14 15:00:00,15.4,66,0.0,13.2,Evora
2025-12-14 16:00:00,14.7,70,0.0,11.6,Evora
2025-12-14 17:00:00,12.8,78,0.0,9.1,Evora
2025-12-14 18:00:00,11.6,84,0.0,9.4,Evora
2025-12-14 19:00:00,11.2,85,0.0,9.3,Evora
2025-12-14 20:00:00,10.8,85,0.0,8.3,Evora
2025-12-14 21:00:00,10.2,87,0.0,7.8,Evora
2025-12-14 22:00:00,9.5,90,0.0,7.8,Evora
2025-12-14 23:00:00,8.8,92,0.0,6.7,Evora
2025-12-15 00:00:00,8.7,92,0.0,5.4,Evora
2025-12-15 01:00:00,8.3,91,0.0,5.6,Evora
2025-12-15 02:00:00,7.9,92,0.0,6.0,Evora
2025-12-15 03:00:00,7.7,93,0.0,5.7,Evora
2025-12-15 04:00:00,7.2,94,0.0,5.4,Evora
2025-12-15 05:00:00,7.0,95,0.0,3.0,Evora
2025-12-15 06:00:00,7.0,97,0.0,4.3,Evora
2025-12-15 07:00:00,6.7,98,0.0,3.9,Evora
2025-12-15 08:00:00,6.4,98,0.0,3.1,Evora
2025-12-15 09:00:00,8.5,93,0.0,6.2,Evora
2025-12-15 10:00:00,10.6,91,0.8,6.1,Evora
2025-12-15 11:00:00,11.9,91,0.2,8.0,Evora
2025-12-15 12:00:00,12.6,83,0.0,12.4,Evora
2025-12-15 13:00:00,12.6,85,0.5,14.8,Evora
2025-12-15 14:00:00,12.1,88,0.2,14.6,Evora
2025-12-15 15:00:00,11.1,96,0.6,11.6,Evora
2025-12-15 16:00:00,10.9,98,0.6,12.6,Evora
2025-12-15 17:00:00,10.8,98,0.0,12.8,Evora
2025-12-15 18:00:00,10.9,99,0.4,11.0,Evora
2025-12-15 19:00:00,10.7,95,0.6,14.9,Evora
2025-12-15 20:00:00,10.7,97,3.2,14.4,Evora
2025-12-15 21:00:00,10.1,96,4.1,25.9,Evora
2025-12-15 22:00:00,9.1,97,0.3,18.4,Evora
2025-12-15 23:00:00,8.7,98,0.0,13.8,Evora
2025-12-16 00:00:00,8.8,95,0.0,15.1,Evora
2025-12-16 01:00:00,8.4,95,0.1,14.1,Evora
2025-12-16 02:00:00,7.7,96,0.0,12.4,Evora
2025-12-16 03:00:00,7.2,97,0.0,13.0,Evora
2025-12-16 04:00:00,7.0,97,0.0,14.2,Evora
2025-12-16 05:00:00,6.8,98,0.0,15.8,Evora
2025-12-16 06:00:00,6.9,97,0.0,18.3,Evora
2025-12-16 07:00:00,6.9,95,0.0,22.6,Evora
2025-12-16 08:00:00,7.4,94,0.0,25.8,Evora
2025-12-16 09:00:00,8.2,91,0.0,27.9,Evora
2025-12-16 10:00:00,9.2,84,0.0,28.4,Evora
2025-12-16 11:00:00,10.4,74,0.0,37.4,Evora
2025-12-16 12:00:00,11.0,74,0.0,28.3,Evora
2025-12-16 13:00:00,11.8,70,0.0,30.1,Evora
2025-12-16 14:00:00,12.2,63,0.0,31.1,Evora
2025-12-16 15:00:00,11.8,65,0.1,31.4,Evora
2025-12-16 16:00:00,11.1,71,0.4,29.1,Evora
2025-12-16 17:00:00,10.0,82,0.8,29.4,Evora
2025-12-16 18:00:00,9.5,89,0.1,26.8,Evora
2025-12-16 19:00:00,10.3,81,0.0,27.6,Evora
2025-12-16 20:00:00,10.2,78,0.0,27.4,Evora
2025-12-16 21:00:00,9.9,77,0.0,25.1,Evora
2025-12-16 22:00:00,9.5,78,0.0,22.9,Evora
2025-12-16 23:00:00,9.2,78,0.0,21.5,Evora
2025-12-17 00:00:00,8.8,82,0.0,19.8,Evora
2025-12-17 01:00:00,8.4,83,0.0,18.9,Evora
2025-12-17 02:00:00,8.1,83,0.0,18.0,Evora
2025-12-17 03:00:00,7.9,83,0.0,18.1,Evora
2025-12-17 04:00:00,7.7,82,0.0,17.3,Evora
2025-12-17 05:00:00,7.5,83,0.0,16.2,Evora
2025-12-17 06:00:00,7.5,85,0.0,13.7,Evora
2025-12-17 07:00:00,7.2,87,0.0,11.9,Evora
2025-12-17 08:00:00,7.0,87,0.0,11.6,Evora
2025-12-17 09:00:00,8.3,85,0.0,11.0,Evora
2025-12-17 10:00:00,10.3,79,0.0,8.4,Evora
2025-12-17 11:00:00,12.1,76,0.0,7.1,Evora
2025-12-17 12:00:00,13.8,71,0.0,5.5,Evora
2025-12-17 13:00:00,14.9,68,0.0,6.0,Evora
2025-12-17 14:00:00,15.4,65,0.0,3.8,Evora
2025-12-17 15:00:00,15.5,64,0.0,5.0,Evora
2025-12-17 16:00:00,14.8,72,0.0,4.0,Evora
2025-12-17 17:00:00,12.7,79,0.0,1.4,Evora
2025-12-17 18:00:00,11.6,83,0.0,1.5,Evora
2025-12-17 19:00:00,10.6,87,0.0,3.6,Evora
2025-12-17 20:00:00,10.2,88,0.0,3.8,Evora
2025-12-17 21:00:00,10.0,88,0.0,3.7,Evora
2025-12-17 22:00:00,9.8,87,0.0,3.5,Evora
2025-12-17 23:00:00,9.3,88,0.0,3.4,Evora
2025-12-18 00:00:00,9.3,91,0.0,3.1,Evora
2025-12-18 01:00:00,8.9,94,0.0,5.6,Evora
2025-12-18 02:00:00,7.6,96,0.0,4.3,Evora
2025-12-18 03:00:00,7.3,97,0.0,2.7,Evora
2025-12-18 04:00:00,6.5,98,0.0,4.2,Evora
2025-12-18 05:00:00,5.9,100,0.0,4.4,Evora
2025-12-18 06:00:00,6.3,99,0.0,4.8,Evora
2025-12-18 07:00:00,5.6,99,0.0,5.1,Evora
2025-12-18 08:00:00,6.5,98,0.0,6.7,Evora
2025-12-18 09:00:00,8.6,94,0.0,8.9,Evora
2025-12-18 10:00:00,9.8,93,0.0,7.3,Evora
2025-12-18 11:00:00,11.2,91,0.0,8.4,Evora
2025-12-18 12:00:00,13.2,82,0.0,16.2,Evora
2025-12-18 13:00:00,13.7,76,0.0,15.9,Evora
2025-12-18 14:00:00,14.1,71,0.0,16.7,Evora
2025-12-18 15:00:00,14.2,70,0.0,16.4,Evora
2025-12-18 16:00:00,13.9,72,0.0,11.7,Evora
2025-12-18 17:00:00,12.8,76,0.0,9.3,Evora
2025-12-18 18:00:00,11.6,82,0.0,10.7,Evora
2025-12-18 19:00:00,11.4,83,0.0,12.3,Evora
2025-12-18 20:00:00,11.5,83,0.0,13.6,Evora
2025-12-18 21:00:00,11.0,86,0.0,14.1,Evora
2025-12-18 22:00:00,10.8,88,0.0,14.6,Evora
2025-12-18 23:00:00,10.2,92,0.0,10.7,Evora
2025-12-19 00:00:00,10.1,95,0.0,10.3,Evora
2025-12-19 01:00:00,10.2,96,0.0,12.1,Evora
2025-12-19 02:00:00,10.5,95,0.0,12.6,Evora
2025-12-19 03:00:00,10.4,95,0.0,13.0,Evora
2025-12-19 04:00:00,10.4,95,0.0,12.8,Evora
2025-12-19 05:00:00,10.8,93,0.1,12.7,Evora
2025-12-19 06:00:00,10.7,97,0.2,6.4,Evora
2025-12-19 07:00:00,10.9,97,1.4,10.7,Evora
2025-12-19 08:00:00,10.6,97,1.4,9.6,Evora
2025-12-19 09:00:00,10.6,97,1.6,8.0,Evora
2025-12-19 10:00:00,10.7,97,2.2,7.2,Evora
2025-12-19 11:00:00,10.9,97,3.0,8.1,Evora
2025-12-19 12:00:00,10.0,97,1.7,15.0,Evora
2025-12-19 13:00:00,11.1,88,0.2,18.6,Evora
2025-12-19 14:00:00,11.3,85,0.0,16.8,Evora
2025-12-19 15:00:00,11.6,81,0.0,17.4,Evora
2025-12-19 16:00:00,11.4,80,0.0,17.1,Evora
2025-12-19 17:00:00,10.5,81,0.0,13.5,Evora
2025-12-19 18:00:00,9.7,81,0.0,13.9,Evora
2025-12-19 19:00:00,9.7,76,0.0,16.7,Evora
2025-12-19 20:00:00,8.6,75,0.0,17.7,Evora
2025-12-19 21:00:00,7.8,79,0.0,16.5,Evora
2025-12-19 22:00:00,7.2,83,0.0,16.3,Evora
2025-12-19 23:00:00,7.0,86,0.0,15.7,Evora
2025-12-20 00:00:00,7.4,88,0.0,16.2,Evora
2025-12-20 01:00:00,7.2,89,0.0,15.3,Evora
2025-12-20 02:00:00,7.0,90,0.0,14.7,Evora
2025-12-20 03:00:00,6.8,90,0.0,16.6,Evora
2025-12-20 04:00:00,7.0,86,0.0,17.5,Evora
2025-12-20 05:00:00,7.4,82,0.0,15.3,Evora
2025-12-20 06:00:00,6.0,88,0.0,9.8,Evora
2025-12-20 07:00:00,5.6,89,0.0,7.6,Evora
2025-12-20 08:00:00,5.2,90,0.0,8.8,Evora
2025-12-20 09:00:00,6.9,84,0.0,9.7,Evora
2025-12-20 10:00:00,9.3,80,0.0,6.4,Evora
2025-12-20 11:00:00,11.1,74,0.0,8.1,Evora
2025-12-20 12:00:00,11.8,72,0.0,13.5,Evora
2025-12-20 13:00:00,12.5,72,0.0,18.6,Evora
2025-12-20 14:00:00,12.5,73,0.0,21.0,Evora
2025-12-20 15:00:00,12.5,75,0.0,20.7,Evora
2025-12-20 16:00:00,11.8,83,0.2,18.0,Evora
2025-12-20 17:00:00,10.4,94,1.4,17.7,Evora
2025-12-20 18:00:00,10.1,99,3.7,17.0,Evora
2025-12-20 19:00:00,10.5,99,0.1,12.1,Evora
2025-12-20 20:00:00,10.2,97,0.2,10.7,Evora
2025-12-20 21:00:00,9.6,98,0.0,12.7,Evora
2025-12-20 22:00:00,9.3,96,0.2,15.1,Evora
2025-12-20 23:00:00,9.1,96,0.0,15.3,Evora
2025-12-21 00:00:00,8.9,94,0.1,18.6,Evora
2025-12-21 01:00:00,8.9,94,0.1,19.6,Evora
2025-12-21 02:00:00,8.9,97,1.5,20.5,Evora
2025-12-21 03:00:00,9.0,97,1.7,17.5,Evora
2025-12-21 04:00:00,8.7,96,0.2,16.7,Evora
2025-12-21 05:00:00,8.0,95,0.1,16.8,Evora
2025-12-21 06:00:00,7.4,95,0.0,12.1,Evora
2025-12-21 07:00:00,7.2,95,0.1,10.3,Evora
2025-12-21 08:00:00,7.0,95,0.0,9.8,Evora
2025-12-21 09:00:00,7.4,92,0.0,10.9,Evora
2025-12-21 10:00:00,8.1,86,0.1,10.3,Evora
2025-12-21 11:00:00,8.9,77,0.0,10.3,Evora
2025-12-21 12:00:00,8.8,75,0.0,12.0,Evora
2025-12-21 13:00:00,9.3,68,0.1,14.2,Evora
2025-12-21 14:00:00,8.9,67,0.0,15.9,Evora
2025-12-21 15:00:00,8.8,67,0.0,16.3,Evora
2025-12-21 16:00:00,6.8,84,0.6,20.0,Evora
2025-12-21 17:00:00,5.7,88,0.0,11.9,Evora
2025-12-21 18:00:00,4.8,94,0.0,12.9,Evora
2025-12-21 19:00:00,4.5,96,0.0,11.4,Evora
2025-12-21 20:00:00,4.0,97,0.0,9.0,Evora
2025-12-21 21:00:00,3.6,97,0.0,9.1,Evora
2025-12-21 22:00:00,3.4,97,0.0,9.8,Evora
2025-12-21 23:00:00,3.2,97,0.0,10.4,Evora
2025-12-22 00:00:00,3.5,94,0.0,12.0,Evora
2025-12-22 01:00:00,3.5,94,0.0,12.4,Evora
2025-12-22 02:00:00,3.6,94,0.0,12.2,Evora
2025-12-22 03:00:00,3.6,93,0.0,11.2,Evora
2025-12-22 04:00:00,3.6,94,0.0,10.6,Evora
2025-12-22 05:00:00,3.8,95,0.0,11.5,Evora
2025-12-22 06:00:00,3.6,96,0.0,9.0,Evora
2025-12-22 07:00:00,3.7,97,0.0,8.6,Evora
2025-12-22 08:00:00,3.4,97,0.0,8.9,Evora
2025-12-22 09:00:00,4.9,95,0.0,10.4,Evora
2025-12-22 10:00:00,6.5,91,0.0,9.2,Evora
2025-12-22 11:00:00,8.5,81,0.0,17.1,Evora
2025-12-22 12:00:00,10.3,71,0.0,18.2,Evora
2025-12-22 13:00:00,10.8,64,0.0,20.7,Evora
2025-12-22 14:00:00,11.2,61,0.0,19.5,Evora
2025-12-22 15:00:00,11.3,61,0.0,17.5,Evora
2025-12-22 16:00:00,10.8,67,0.0,13.8,Evora
2025-12-22 17:00:00,9.5,75,0.0,10.4,Evora
2025-12-22 18:00:00,9.0,83,0.1,8.8,Evora
2025-12-22 19:00:00,9.1,89,0.7,11.2,Evora
2025-12-22 20:00:00,8.8,95,1.2,10.7,Evora
2025-12-22 21:00:00,8.5,96,0.8,12.8,Evora
2025-12-22 22:00:00,8.4,97,0.1,11.3,Evora
2025-12-22 23:00:00,8.3,98,0.0,10.8,Evora
2025-12-23 00:00:00,8.1,98,0.0,9.0,Evora
2025-12-23 01:00:00,8.2,99,0.0,7.3,Evora
2025-12-23 02:00:00,7.7,100,0.0,8.4,Evora
2025-12-23 03:00:00,8.1,99,0.7,11.8,Evora
2025-12-23 04:00:00,8.3,98,0.2,10.8,Evora
2025-12-23 05:00:00,8.4,98,0.0,13.5,Evora
2025-12-23 06:00:00,8.5,99,0.0,11.0,Evora
2025-12-23 07:00:00,8.7,98,0.1,12.3,Evora
2025-12-23 08:00:00,8.4,98,0.0,11.5,Evora
2025-12-23 09:00:00,9.3,97,0.1,10.1,Evora
2025-12-23 10:00:00,10.6,94,0.0,10.0,Evora
2025-12-23 11:00:00,12.3,88,0.1,13.5,Evora
2025-12-23 12:00:00,13.3,82,0.0,13.6,Evora
2025-12-23 13:00:00,14.3,79,0.1,15.0,Evora
2025-12-23 14:00:00,12.3,84,3.0,16.5,Evora
2025-12-23 15:00:00,12.7,80,0.0,14.1,Evora
2025-12-23 16:00:00,12.7,85,0.1,11.2,Evora
2025-12-23 17:00:00,11.5,89,0.8,11.7,Evora
2025-12-23 18:00:00,10.1,96,0.0,12.1,Evora
2025-12-23 19:00:00,9.8,95,0.0,13.8,Evora
2025-12-23 20:00:00,9.1,95,0.0,14.8,Evora
2025-12-23 21:00:00,8.0,94,0.0,13.9,Evora
2025-12-23 22:00:00,7.1,93,0.0,14.5,Evora
2025-12-23 23:00:00,6.4,92,0.0,15.2,Evora
2025-12-24 00:00:00,6.4,94,0.0,15.3,Evora
2025-12-24 01:00:00,6.1,94,0.0,14.5,Evora
2025-12-24 02:00:00,5.8,94,0.0,12.9,Evora
2025-12-24 03:00:00,5.3,95,0.0,10.6,Evora
2025-12-24 04:00:00,4.9,96,0.0,8.9,Evora
2025-12-24 05:00:00,4.5,97,0.0,7.8,Evora
2025-12-24 06:00:00,4.4,97,0.0,9.2,Evora
2025-12-24 07:00:00,4.5,98,0.0,10.1,Evora
2025-12-24 08:00:00,4.5,99,0.0,11.0,Evora
2025-12-24 09:00:00,5.2,98,0.0,10.9,Evora
2025-12-24 10:00:00,7.3,92,0.0,7.4,Evora
2025-12-24 11:00:00,9.2,77,0.0,14.0,Evora
2025-12-24 12:00:00,9.9,75,0.1,13.9,Evora
2025-12-24 13:00:00,10.1,74,0.1,13.9,Evora
2025-12-24 14:00:00,10.4,73,0.1,15.0,Evora
2025-12-24 15:00:00,10.4,71,0.0,13.9,Evora
2025-12-24 16:00:00,10.2,74,0.0,11.3,Evora
2025-12-24 17:00:00,9.0,80,0.0,7.0,Evora
2025-12-24 18:00:00,8.0,85,0.0,9.6,Evora
2025-12-24 19:00:00,7.9,81,0.0,11.9,Evora
2025-12-24 20:00:00,7.2,84,0.0,11.8,Evora
2025-12-24 21:00:00,6.9,84,0.0,10.9,Evora
2025-12-24 22:00:00,6.3,83,0.0,10.2,Evora
2025-12-24 23:00:00,6.1,82,0.0,9.7,Evora
2025-12-25 00:00:00,5.6,86,0.0,10.1,Evora
2025-12-25 01:00:00,5.5,86,0.0,9.1,Evora
2025-12-25 02:00:00,5.1,87,0.0,7.4,Evora
2025-12-25 03:00:00,4.4,89,0.0,7.4,Evora
2025-12-25 04:00:00,4.1,91,0.0,9.4,Evora
2025-12-25 05:00:00,4.1,90,0.0,10.4,Evora
2025-12-25 06:00:00,4.9,87,0.0,12.1,Evora
2025-12-25 07:00:00,5.0,89,0.0,11.1,Evora
2025-12-25 08:00:00,4.5,91,0.0,9.2,Evora
2025-12-25 09:00:00,6.0,87,0.0,8.7,Evora
2025-12-25 10:00:00,8.3,82,0.0,4.4,Evora
2025-12-25 11:00:00,9.8,74,0.0,3.5,Evora
2025-12-25 12:00:00,10.6,69,0.0,1.5,Evora
2025-12-25 13:00:00,11.9,65,0.0,4.4,Evora
2025-12-25 14:00:00,12.3,61,0.0,8.0,Evora
2025-12-25 15:00:00,11.9,62,0.0,10.1,Evora
2025-12-25 16:00:00,11.2,66,0.0,8.0,Evora
2025-12-25 17:00:00,9.6,76,0.0,4.9,Evora
2025-12-25 18:00:00,8.0,83,0.0,6.0,Evora
2025-12-25 19:00:00,7.1,86,0.0,7.2,Evora
2025-12-25 20:00:00,7.0,84,0.0,9.1,Evora
2025-12-25 21:00:00,6.5,85,0.0,9.7,Evora
2025-12-25 22:00:00,6.2,86,0.0,10.3,Evora
2025-12-25 23:00:00,5.5,83,0.0,10.6,Evora
2025-12-26 00:00:00,5.7,70,0.0,11.8,Evora
2025-12-26 01:00:00,5.2,72,0.0,11.0,Evora
2025-12-26 02:00:00,4.7,77,0.0,11.2,Evora
2025-12-26 03:00:00,4.1,81,0.0,11.1,Evora
2025-12-26 04:00:00,3.5,83,0.0,10.3,Evora
2025-12-26 05:00:00,3.2,83,0.0,10.9,Evora
2025-12-26 06:00:00,3.1,83,0.0,11.0,Evora
2025-12-26 07:00:00,2.8,83,0.0,8.5,Evora
2025-12-26 08:00:00,2.0,86,0.0,6.2,Evora
2025-12-26 09:00:00,4.0,81,0.0,6.9,Evora
2025-12-26 10:00:00,6.8,74,0.0,2.9,Evora
2025-12-26 11:00:00,8.5,65,0.0,1.8,Evora
2025-12-26 12:00:00,9.4,61,0.0,1.2,Evora
2025-12-26 13:00:00,10.2,58,0.0,0.9,Evora
2025-12-26 14:00:00,10.6,57,0.0,0.9,Evora
2025-12-26 15:00:00,10.5,57,0.0,0.6,Evora
2025-12-26 16:00:00,10.1,58,0.0,0.4,Evora
2025-12-26 17:00:00,8.2,72,0.0,0.6,Evora
2025-12-26 18:00:00,6.7,80,0.0,3.8,Evora
2025-12-26 19:00:00,6.1,78,0.0,2.4,Evora
2025-12-26 20:00:00,5.1,79,0.0,3.3,Evora
2025-12-26 21:00:00,3.8,85,0.0,6.0,Evora
2025-12-26 22:00:00,3.8,87,0.0,7.6,Evora
2025-12-26 23:00:00,3.5,87,0.0,9.3,Evora
2025-12-27 00:00:00,3.4,80,0.0,11.8,Evora
2025-12-27 01:00:00,3.1,79,0.0,12.4,Evora
2025-12-27 02:00:00,2.9,78,0.0,14.3,Evora
2025-12-27 03:00:00,2.7,80,0.0,14.6,Evora
2025-12-27 04:00:00,2.7,80,0.0,14.9,Evora
2025-12-27 05:00:00,2.6,82,0.0,15.2,Evora
2025-12-27 06:00:00,2.4,85,0.0,15.4,Evora
2025-12-27 07:00:00,2.2,88,0.0,15.4,Evora
2025-12-27 08:00:00,2.4,88,0.0,16.9,Evora
2025-12-27 09:00:00,3.8,83,0.0,19.0,Evora
2025-12-27 10:00:00,5.5,80,0.0,16.6,Evora
2025-12-27 11:00:00,7.0,78,0.0,17.6,Evora
2025-12-27 12:00:00,8.7,70,0.0,19.7,Evora
2025-12-27 13:00:00,9.3,68,0.0,17.0,Evora
2025-12-27 14:00:00,9.5,70,0.0,19.0,Evora
2025-12-27 15:00:00,9.5,74,0.3,21.2,Evora
2025-12-27 16:00:00,8.3,90,1.1,22.7,Evora
2025-12-27 17:00:00,8.5,89,1.5,25.8,Evora
2025-12-27 18:00:00,8.4,89,1.2,27.9,Evora
2025-12-27 19:00:00,8.1,93,1.3,24.3,Evora
2025-12-27 20:00:00,8.0,93,1.9,24.0,Evora
2025-12-27 21:00:00,8.0,92,2.7,25.3,Evora
2025-12-27 22:00:00,7.8,94,1.3,23.6,Evora
2025-12-27 23:00:00,7.9,95,0.2,19.9,Evora
2025-12-28 00:00:00,8.3,96,0.0,19.0,Evora
2025-12-28 01:00:00,8.1,96,0.1,18.2,Evora
2025-12-28 02:00:00,7.8,97,0.0,17.1,Evora
2025-12-28 03:00:00,7.7,97,0.0,18.7,Evora
2025-12-28 04:00:00,7.9,96,0.0,17.6,Evora
2025-12-28 05:00:00,7.3,97,0.0,15.2,Evora
2025-12-28 06:00:00,6.8,98,0.0,13.7,Evora
2025-12-28 07:00:00,7.1,98,0.0,14.2,Evora
2025-12-28 08:00:00,7.2,97,0.0,15.7,Evora
2025-12-28 09:00:00,7.8,95,0.0,17.9,Evora
2025-12-28 10:00:00,9.3,86,0.0,20.0,Evora
2025-12-28 11:00:00,10.0,83,0.0,16.6,Evora
2025-12-28 12:00:00,11.3,74,0.0,17.7,Evora
2025-12-28 13:00:00,11.8,71,0.0,15.7,Evora
2025-12-28 14:00:00,12.1,72,0.0,13.9,Evora
2025-12-28 15:00:00,12.4,70,0.0,13.5,Evora
2025-12-28 16:00:00,11.9,73,0.0,12.2,Evora
2025-12-28 17:00:00,10.5,80,0.0,13.2,Evora
2025-12-28 18:00:00,9.1,89,0.0,9.8,Evora
2025-12-28 19:00:00,8.2,92,0.0,7.9,Evora
2025-12-28 20:00:00,7.7,93,0.0,8.3,Evora
2025-12-28 21:00:00,7.3,94,0.0,9.1,Evora
2025-12-28 22:00:00,6.9,94,0.0,8.2,Evora
2025-12-28 23:00:00,6.5,94,0.0,6.4,Evora
2025-12-29 00:00:00,6.3,95,0.0,7.4,Evora
2025-12-29 01:00:00,6.1,97,0.0,8.6,Evora
2025-12-29 02:00:00,5.7,97,0.0,6.7,Evora
2025-12-29 03:00:00,5.1,96,0.0,5.0,Evora
2025-12-29 04:00:00,5.2,96,0.0,6.9,Evora
2025-12-29 05:00:00,5.0,97,0.0,6.3,Evora
2025-12-29 06:00:00,4.9,97,0.0,5.8,Evora
2025-12-29 07:00:00,4.3,98,0.0,5.3,Evora
2025-12-29 08:00:00,3.6,98,0.0,4.7,Evora
2025-12-29 09:00:00,5.5,98,0.0,6.0,Evora
2025-12-29 10:00:00,8.0,92,0.0,4.9,Evora
2025-12-29 11:00:00,9.6,87,0.0,6.1,Evora
2025-12-29 12:00:00,11.5,82,0.0,5.0,Evora
2025-12-29 13:00:00,12.8,74,0.0,4.9,Evora
2025-12-29 14:00:00,13.4,70,0.0,4.8,Evora
2025-12-29 15:00:00,13.4,69,0.0,3.5,Evora
2025-12-29 16:00:00,12.9,71,0.0,3.6,Evora
2025-12-29 17:00:00,10.5,86,0.0,4.3,Evora
2025-12-29 18:00:00,9.9,86,0.0,2.1,Evora
2025-12-29 19:00:00,9.1,89,0.0,3.2,Evora
2025-12-29 20:00:00,8.5,91,0.0,2.3,Evora
2025-12-29 21:00:00,8.0,93,0.0,0.9,Evora
2025-12-29 22:00:00,7.2,95,0.0,1.5,Evora
2025-12-29 23:00:00,7.1,95,0.0,0.4,Evora
2025-12-30 00:00:00,6.3,99,0.0,0.9,Evora
2025-12-30 01:00:00,5.8,100,0.0,1.2,Evora
2025-12-30 02:00:00,5.4,100,0.0,1.0,Evora
2025-12-30 03:00:00,4.8,100,0.0,3.0,Evora
2025-12-30 04:00:00,4.3,100,0.0,3.7,Evora
2025-12-30 05:00:00,4.8,100,0.0,4.1,Evora
2025-12-30 06:00:00,3.8,99,0.0,4.5,Evora
2025-12-30 07:00:00,3.5,100,0.0,3.8,Evora
2025-12-30 08:00:00,3.5,99,0.0,4.5,Evora
2025-12-30 09:00:00,4.5,98,0.0,4.9,Evora
2025-12-30 10:00:00,6.2,99,0.0,5.1,Evora
2025-12-30 11:00:00,7.2,98,0.0,5.8,Evora
2025-12-30 12:00:00,9.4,92,0.0,6.8,Evora
2025-12-30 13:00:00,10.8,87,0.0,6.4,Evora
2025-12-30 14:00:00,11.8,80,0.0,5.4,Evora
2025-12-30 15:00:00,12.0,78,0.0,4.9,Evora
2025-12-30 16:00:00,11.7,80,0.0,4.0,Evora
2025-12-30 17:00:00,9.3,91,0.0,4.3,Evora
2025-12-30 18:00:00,8.5,91,0.0,4.0,Evora
2025-12-30 19:00:00,7.5,94,0.0,4.4,Evora
2025-12-30 20:00:00,6.5,96,0.0,5.2,Evora
2025-12-30 21:00:00,5.8,99,0.0,4.3,Evora
2025-12-30 22:00:00,5.5,100,0.0,3.1,Evora
2025-12-30 23:00:00,5.1,100,0.0,2.5,Evora
2025-12-31 00:00:00,4.9,99,0.0,3.9,Evora
2025-12-31 01:00:00,4.2,100,0.0,4.0,Evora
2025-12-31 02:00:00,3.8,100,0.0,4.0,Evora
2025-12-31 03:00:00,3.5,100,0.0,5.6,Evora
2025-12-31 04:00:00,3.6,100,0.0,5.7,Evora
2025-12-31 05:00:00,4.1,100,0.0,6.7,Evora
2025-12-31 06:00:00,3.7,99,0.0,7.3,Evora
2025-12-31 07:00:00,3.6,100,0.0,6.5,Evora
2025-12-31 08:00:00,3.8,100,0.0,5.7,Evora
2025-12-31 09:00:00,4.5,100,0.0,6.0,Evora
2025-12-31 10:00:00,6.2,98,0.0,5.7,Evora
2025-12-31 11:00:00,8.5,93,0.0,7.0,Evora
2025-12-31 12:00:00,10.1,88,0.0,8.6,Evora
2025-12-31 13:00:00,11.3,83,0.0,7.1,Evora
2025-12-31 14:00:00,12.1,77,0.0,7.8,Evora
2025-12-31 15:00:00,12.3,74,0.0,8.7,Evora
2025-12-31 16:00:00,11.8,75,0.0,7.9,Evora
2025-12-31 17:00:00,9.4,88,0.0,5.3,Evora
2025-12-31 18:00:00,8.7,89,0.0,8.8,Evora
2025-12-31 19:00:00,7.7,94,0.0,8.8,Evora
2025-12-31 20:00:00,6.7,95,0.0,8.9,Evora
2025-12-31 21:00:00,6.2,95,0.0,8.6,Evora
2025-12-31 22:00:00,6.5,96,0.0,10.8,Evora
2025-12-31 23:00:00,6.4,96,0.0,11.2,Evora
2026-01-01 00:00:00,6.2,96,0.0,9.6,Evora
2026-01-01 01:00:00,6.0,97,0.0,8.7,Evora
2026-01-01 02:00:00,5.5,97,0.0,8.6,Evora
2026-01-01 03:00:00,5.7,96,0.0,9.7,Evora
2026-01-01 04:00:00,6.3,94,0.0,11.4,Evora
2026-01-01 05:00:00,6.4,91,0.0,11.7,Evora
2026-01-01 06:00:00,6.2,91,0.0,11.3,Evora
2026-01-01 07:00:00,6.3,92,0.3,12.6,Evora
2026-01-01 08:00:00,6.4,92,0.1,14.1,Evora
2026-01-01 09:00:00,7.2,91,0.0,13.6,Evora
2026-01-01 10:00:00,8.1,91,0.0,13.9,Evora
2026-01-01 11:00:00,10.5,88,0.0,15.6,Evora
2026-01-01 12:00:00,11.0,91,0.0,17.8,Evora
2026-01-01 13:00:00,11.7,92,0.0,17.4,Evora
2026-01-01 14:00:00,12.2,92,0.0,17.1,Evora
2026-01-01 15:00:00,12.7,92,0.0,17.4,Evora
2026-01-01 16:00:00,12.6,93,0.0,17.8,Evora
2026-01-01 17:00:00,12.6,93,0.0,18.0,Evora
2026-01-01 18:00:00,12.3,97,0.1,18.6,Evora
2026-01-01 19:00:00,12.4,98,0.0,20.4,Evora
2026-01-01 20:00:00,12.3,97,0.0,21.1,Evora
2026-01-01 21:00:00,12.2,97,0.0,22.1,Evora
2026-01-01 22:00:00,12.2,95,0.0,22.3,Evora
2026-01-01 23:00:00,12.0,94,0.0,23.7,Evora
2026-01-02 00:00:00,11.8,93,0.0,22.9,Evora
2026-01-02 01:00:00,11.9,90,0.0,25.9,Evora
2026-01-02 02:00:00,12.0,87,0.0,27.1,Evora
2026-01-02 03:00:00,12.1,84,0.0,25.3,Evora
2026-01-02 04:00:00,12.3,81,0.0,26.7,Evora
2026-01-02 05:00:00,12.2,80,0.1,24.3,Evora
2026-01-02 06:00:00,11.5,89,0.6,23.7,Evora
2026-01-02 07:00:00,11.5,90,0.1,26.3,Evora
2026-01-02 08:00:00,11.2,91,0.0,23.7,Evora
2026-01-02 09:00:00,11.7,89,0.1,26.3,Evora
2026-01-02 10:00:00,12.4,86,0.1,28.2,Evora
2026-01-02 11:00:00,13.2,85,0.0,21.0,Evora
2026-01-02 12:00:00,13.4,82,0.0,22.1,Evora
2026-01-02 13:00:00,13.9,85,0.0,19.1,Evora
2026-01-02 14:00:00,14.7,86,0.0,19.6,Evora
2026-01-02 15:00:00,15.5,81,0.0,23.5,Evora
2026-01-02 16:00:00,15.1,81,0.0,23.3,Evora
2026-01-02 17:00:00,14.4,80,0.0,26.8,Evora
2026-01-02 18:00:00,14.1,81,0.4,30.0,Evora
2026-01-02 19:00:00,14.1,75,0.1,28.0,Evora
2026-01-02 20:00:00,12.5,89,0.4,19.5,Evora
2026-01-02 21:00:00,12.7,88,0.3,20.2,Evora
2026-01-02 22:00:00,12.2,91,0.7,29.3,Evora
2026-01-02 23:00:00,11.7,93,0.5,26.6,Evora
2026-01-03 00:00:00,12.1,86,0.5,28.3,Evora
2026-01-03 01:00:00,12.2,79,0.0,29.7,Evora
2026-01-03 02:00:00,11.8,86,0.0,24.5,Evora
2026-01-03 03:00:00,11.6,93,0.0,18.1,Evora
2026-01-03 04:00:00,11.1,95,0.4,17.1,Evora
2026-01-03 05:00:00,11.0,98,0.1,18.2,Evora
2026-01-03 06:00:00,11.3,99,0.0,20.2,Evora
2026-01-03 07:00:00,11.5,98,0.1,20.5,Evora
2026-01-03 08:00:00,11.1,97,0.0,18.9,Evora
2026-01-03 09:00:00,11.4,96,0.1,19.5,Evora
2026-01-03 10:00:00,11.7,95,0.4,19.6,Evora
2026-01-03 11:00:00,12.1,95,1.1,16.0,Evora
2026-01-03 12:00:00,13.6,90,1.0,18.6,Evora
2026-01-03 13:00:00,13.7,83,0.1,18.6,Evora
2026-01-03 14:00:00,13.2,89,0.4,17.0,Evora
2026-01-03 15:00:00,13.2,88,0.3,19.5,Evora
2026-01-03 16:00:00,12.5,94,0.8,15.6,Evora
2026-01-03 17:00:00,12.3,95,0.3,16.7,Evora
2026-01-03 18:00:00,11.7,97,0.3,16.9,Evora
2026-01-03 19:00:00,11.5,96,0.8,15.9,Evora
2026-01-03 20:00:00,11.5,96,0.5,17.7,Evora
2026-01-03 21:00:00,11.4,96,0.2,17.3,Evora
2026-01-03 22:00:00,11.3,95,0.1,18.1,Evora
2026-01-03 23:00:00,11.1,95,0.0,17.8,Evora
2026-01-04 00:00:00,11.1,95,0.0,16.0,Evora
2026-01-04 01:00:00,11.2,94,0.0,17.2,Evora
2026-01-04 02:00:00,11.0,94,0.0,16.8,Evora
2026-01-04 03:00:00,10.9,95,0.0,16.7,Evora
2026-01-04 04:00:00,10.5,94,0.0,16.8,Evora
2026-01-04 05:00:00,10.6,93,0.2,16.7,Evora
2026-01-04 06:00:00,10.6,95,0.8,14.6,Evora
2026-01-04 07:00:00,10.6,96,0.5,14.3,Evora
2026-01-04 08:00:00,10.4,95,0.0,13.3,Evora
2026-01-04 09:00:00,10.9,94,0.0,13.1,Evora
2026-01-04 10:00:00,11.9,91,0.0,13.8,Evora
2026-01-04 11:00:00,12.8,86,0.0,16.0,Evora
2026-01-04 12:00:00,14.3,79,0.0,14.8,Evora
2026-01-04 13:00:00,15.3,72,0.0,16.3,Evora
2026-01-04 14:00:00,15.5,68,0.0,15.8,Evora
2026-01-04 15:00:00,15.4,66,0.0,16.5,Evora
2026-01-04 16:00:00,14.9,69,0.0,14.4,Evora
2026-01-04 17:00:00,13.3,75,0.0,10.5,Evora
2026-01-04 18:00:00,11.8,83,0.0,10.1,Evora
2026-01-04 19:00:00,11.3,84,0.0,12.4,Evora
2026-01-04 20:00:00,10.7,85,0.0,12.8,Evora
2026-01-04 21:00:00,9.8,87,0.0,10.8,Evora
2026-01-04 22:00:00,9.1,89,0.0,10.9,Evora
2026-01-04 23:00:00,8.6,88,0.0,10.6,Evora
2026-01-05 00:00:00,7.7,92,0.0,10.8,Evora
2026-01-05 01:00:00,7.3,91,0.0,10.2,Evora
2026-01-05 02:00:00,7.2,89,0.0,10.3,Evora
2026-01-05 03:00:00,7.3,84,0.0,11.6,Evora
2026-01-05 04:00:00,6.7,81,0.0,13.1,Evora
2026-01-05 05:00:00,5.3,81,0.0,13.9,Evora
2026-01-05 06:00:00,4.7,76,0.0,17.0,Evora
2026-01-05 07:00:00,4.0,73,0.0,16.9,Evora
2026-01-05 08:00:00,3.4,72,0.0,17.7,Evora
2026-01-05 09:00:00,3.7,67,0.0,17.6,Evora
2026-01-05 10:00:00,4.6,57,0.0,19.7,Evora
2026-01-05 11:00:00,5.8,53,0.0,19.0,Evora
2026-01-05 12:00:00,6.9,52,0.0,18.5,Evora
2026-01-05 13:00:00,7.5,49,0.0,20.1,Evora
2026-01-05 14:00:00,8.0,47,0.0,21.8,Evora
2026-01-05 15:00:00,8.4,48,0.0,21.6,Evora
2026-01-05 16:00:00,8.2,52,0.0,18.3,Evora
2026-01-05 17:00:00,6.8,60,0.0,17.2,Evora
2026-01-05 18:00:00,5.5,59,0.0,21.1,Evora
2026-01-05 19:00:00,5.0,60,0.0,21.7,Evora
2026-01-05 20:00:00,4.3,65,0.0,19.9,Evora
2026-01-05 21:00:00,3.8,68,0.0,18.2,Evora
2026-01-05 22:00:00,3.4,70,0.0,15.9,Evora
2026-01-05 23:00:00,3.0,69,0.0,13.6,Evora
2026-01-06 00:00:00,2.4,78,0.0,12.2,Evora
2026-01-06 01:00:00,2.4,80,0.0,13.0,Evora
2026-01-06 02:00:00,2.3,83,0.0,14.2,Evora
2026-01-06 03:00:00,2.3,81,0.0,15.9,Evora
2026-01-06 04:00:00,2.3,79,0.0,17.3,Evora
2026-01-06 05:00:00,2.2,78,0.0,16.9,Evora
2026-01-06 06:00:00,2.2,79,0.0,17.2,Evora
2026-01-06 07:00:00,2.0,80,0.0,17.3,Evora
2026-01-06 08:00:00,1.7,82,0.0,16.2,Evora
2026-01-06 09:00:00,2.9,78,0.0,16.8,Evora
2026-01-06 10:00:00,4.8,74,0.0,14.9,Evora
2026-01-06 11:00:00,6.7,69,0.0,14.2,Evora
2026-01-06 12:00:00,8.0,57,0.0,18.4,Evora
2026-01-06 13:00:00,8.9,52,0.0,16.6,Evora
2026-01-06 14:00:00,9.3,47,0.0,17.1,Evora
2026-01-06 15:00:00,9.2,45,0.0,16.6,Evora
2026-01-06 16:00:00,8.8,49,0.0,13.6,Evora
2026-01-06 17:00:00,7.2,59,0.0,9.9,Evora
2026-01-06 18:00:00,6.0,64,0.0,12.9,Evora
2026-01-06 19:00:00,5.7,63,0.0,15.6,Evora
2026-01-06 20:00:00,5.1,69,0.0,16.1,Evora
2026-01-06 21:00:00,4.3,75,0.0,15.1,Evora
2026-01-06 22:00:00,3.8,79,0.0,15.4,Evora
2026-01-06 23:00:00,3.5,79,0.0,15.2,Evora
2026-01-07 00:00:00,3.4,78,0.0,9.1,Evora
2026-01-07 01:00:00,3.0,79,0.0,9.2,Evora
2026-01-07 02:00:00,2.5,82,0.0,6.9,Evora
2026-01-07 03:00:00,3.0,81,1.0,7.1,Evora
2026-01-07 04:00:00,3.5,86,0.0,3.1,Evora
2026-01-07 05:00:00,3.4,87,0.0,5.9,Evora
2026-01-07 06:00:00,3.8,91,0.2,6.8,Evora
2026-01-07 07:00:00,4.2,92,0.3,6.6,Evora
2026-01-07 08:00:00,4.2,92,0.0,8.9,Evora
2026-01-07 09:00:00,4.7,91,0.0,10.2,Evora
2026-01-07 10:00:00,5.9,91,0.0,7.9,Evora
2026-01-07 11:00:00,7.5,88,0.0,6.4,Evora
2026-01-07 12:00:00,8.5,88,0.0,9.8,Evora
2026-01-07 13:00:00,10.5,81,0.1,7.0,Evora
2026-01-07 14:00:00,11.5,74,0.0,7.8,Evora
2026-01-07 15:00:00,11.6,75,0.0,8.3,Evora
2026-01-07 16:00:00,11.2,74,0.0,8.1,Evora
2026-01-07 17:00:00,9.4,87,0.0,3.8,Evora
2026-01-07 18:00:00,8.1,92,0.0,4.7,Evora
2026-01-07 19:00:00,6.7,95,0.0,4.8,Evora
2026-01-07 20:00:00,6.5,97,0.0,4.8,Evora
2026-01-07 21:00:00,5.7,99,0.0,3.0,Evora
2026-01-07 22:00:00,5.6,100,0.0,1.1,Evora
2026-01-07 23:00:00,5.6,100,0.0,1.0,Evora
2026-01-08 00:00:00,4.5,100,0.0,1.3,Evora
2026-01-08 01:00:00,4.5,100,0.0,1.9,Evora
2026-01-08 02:00:00,4.2,100,0.0,1.7,Evora
2026-01-08 03:00:00,4.1,100,0.0,1.4,Evora
2026-01-08 04:00:00,3.9,100,0.0,2.5,Evora
2026-01-08 05:00:00,3.6,100,0.0,3.6,Evora
2026-01-08 06:00:00,3.8,99,0.0,2.0,Evora
2026-01-08 07:00:00,3.5,99,0.0,1.3,Evora
2026-01-08 08:00:00,3.4,98,0.0,1.9,Evora
2026-01-08 09:00:00,4.3,97,0.0,3.3,Evora
2026-01-08 10:00:00,6.2,97,0.0,5.4,Evora
2026-01-08 11:00:00,7.9,92,0.0,5.6,Evora
2026-01-08 12:00:00,10.0,86,0.0,7.1,Evora
2026-01-08 13:00:00,11.2,80,0.1,10.9,Evora
2026-01-08 14:00:00,11.6,77,0.1,11.9,Evora
2026-01-08 15:00:00,11.6,76,0.0,10.2,Evora
2026-01-08 16:00:00,11.3,80,0.0,7.8,Evora
2026-01-08 17:00:00,10.8,84,0.0,9.0,Evora
2026-01-08 18:00:00,9.7,90,0.0,8.6,Evora
2026-01-08 19:00:00,9.4,93,0.0,9.5,Evora
2026-01-08 20:00:00,9.2,93,0.0,10.6,Evora
2026-01-08 21:00:00,9.6,91,0.0,11.8,Evora
2026-01-08 22:00:00,9.9,92,0.1,12.6,Evora
2026-01-08 23:00:00,10.0,95,0.1,12.5,Evora
2026-01-09 00:00:00,10.2,99,0.0,11.8,Evora
2026-01-09 01:00:00,10.5,100,0.0,13.0,Evora
2026-01-09 02:00:00,10.5,100,0.0,13.1,Evora
2026-01-09 03:00:00,10.6,99,0.0,13.6,Evora
2026-01-09 04:00:00,10.8,98,0.0,13.9,Evora
2026-01-09 05:00:00,10.9,99,0.0,14.2,Evora
2026-01-09 06:00:00,11.2,99,0.1,16.0,Evora
2026-01-09 07:00:00,11.3,99,0.3,14.5,Evora
2026-01-09 08:00:00,11.4,98,0.1,15.5,Evora
2026-01-09 09:00:00,11.7,97,0.0,13.3,Evora
2026-01-09 10:00:00,12.4,91,0.0,12.8,Evora
2026-01-09 11:00:00,12.7,82,0.0,14.0,Evora
2026-01-09 12:00:00,12.9,72,0.0,15.0,Evora
2026-01-09 13:00:00,13.4,65,0.0,19.7,Evora
2026-01-09 14:00:00,13.7,65,0.0,19.3,Evora
2026-01-09 15:00:00,13.7,64,0.0,19.7,Evora
2026-01-09 16:00:00,13.2,68,0.0,15.7,Evora
2026-01-09 17:00:00,12.3,73,0.0,13.7,Evora
2026-01-09 18:00:00,10.5,78,0.0,12.9,Evora
2026-01-09 19:00:00,9.4,81,0.0,11.1,Evora
2026-01-09 20:00:00,8.6,85,0.0,11.1,Evora
2026-01-09 21:00:00,8.1,88,0.0,11.4,Evora
2026-01-09 22:00:00,7.7,91,0.0,10.8,Evora
2026-01-09 23:00:00,7.4,91,0.0,11.5,Evora
2026-01-10 00:00:00,7.1,92,0.0,9.9,Evora
2026-01-10 01:00:00,6.9,93,0.0,10.2,Evora
2026-01-10 02:00:00,6.9,94,0.0,10.5,Evora
2026-01-10 03:00:00,6.7,94,0.0,9.6,Evora
2026-01-10 04:00:00,6.5,94,0.0,8.7,Evora
2026-01-10 05:00:00,6.1,94,0.0,8.0,Evora
2026-01-10 06:00:00,5.7,96,0.0,6.7,Evora
2026-01-10 07:00:00,4.8,96,0.0,5.9,Evora
2026-01-10 08:00:00,4.8,95,0.0,6.2,Evora
2026-01-10 09:00:00,7.0,94,0.0,9.1,Evora
2026-01-10 10:00:00,9.4,87,0.0,6.6,Evora
2026-01-10 11:00:00,10.8,76,0.0,9.3,Evora
2026-01-10 12:00:00,11.8,67,0.0,11.7,Evora
2026-01-10 13:00:00,12.0,64,0.0,12.9,Evora
2026-01-10 14:00:00,12.0,65,0.0,12.6,Evora
2026-01-10 15:00:00,11.9,67,0.0,11.1,Evora
2026-01-10 16:00:00,11.7,69,0.0,9.3,Evora
2026-01-10 17:00:00,11.1,75,0.0,5.0,Evora
2026-01-10 18:00:00,9.3,84,0.0,4.5,Evora
2026-01-10 19:00:00,7.9,88,0.0,6.0,Evora
2026-01-10 20:00:00,7.5,89,0.0,7.1,Evora
2026-01-10 21:00:00,7.1,90,0.0,6.4,Evora
2026-01-10 22:00:00,7.2,90,0.0,7.2,Evora
2026-01-10 23:00:00,7.0,91,0.0,6.5,Evora
2026-01-11 00:00:00,5.9,94,0.0,3.7,Evora
2026-01-11 01:00:00,6.2,95,0.0,5.5,Evora
2026-01-11 02:00:00,6.2,96,0.0,5.8,Evora
2026-01-11 03:00:00,6.5,96,0.0,6.3,Evora
2026-01-11 04:00:00,6.8,96,0.0,6.3,Evora
2026-01-11 05:00:00,6.6,96,0.0,4.5,Evora
2026-01-11 06:00:00,5.9,99,0.0,2.0,Evora
2026-01-11 07:00:00,5.1,100,0.0,1.5,Evora
2026-01-11 08:00:00,4.4,100,0.0,2.9,Evora
2026-01-11 09:00:00,6.5,99,0.0,4.1,Evora
2026-01-11 10:00:00,8.5,95,0.0,3.3,Evora
2026-01-11 11:00:00,10.8,90,0.0,4.0,Evora
2026-01-11 12:00:00,11.6,84,0.0,8.4,Evora
2026-01-11 13:00:00,13.2,80,0.0,8.2,Evora
2026-01-11 14:00:00,13.8,77,0.0,8.4,Evora
2026-01-11 15:00:00,13.4,79,0.0,8.2,Evora
2026-01-11 16:00:00,12.9,81,0.0,7.3,Evora
2026-01-11 17:00:00,12.5,84,0.0,5.6,Evora
2026-01-11 18:00:00,10.9,91,0.0,4.5,Evora
2026-01-11 19:00:00,11.3,90,0.0,4.9,Evora
2026-01-11 20:00:00,11.2,90,0.0,6.1,Evora
2026-01-11 21:00:00,10.7,94,0.0,5.5,Evora
2026-01-11 22:00:00,10.7,94,0.0,5.0,Evora
2026-01-11 23:00:00,10.5,95,0.0,5.2,Evora
2026-01-12 00:00:00,10.1,98,0.0,5.5,Evora
2026-01-12 01:00:00,10.2,98,0.0,5.5,Evora
2026-01-12 02:00:00,9.2,100,0.0,3.4,Evora
2026-01-12 03:00:00,8.1,100,0.0,3.3,Evora
2026-01-12 04:00:00,9.3,100,0.0,7.5,Evora
2026-01-12 05:00:00,8.8,100,0.0,8.4,Evora
2026-01-12 06:00:00,8.3,100,0.0,6.6,Evora
2026-01-12 07:00:00,7.9,100,0.0,7.4,Evora
2026-01-12 08:00:00,7.8,100,0.0,9.8,Evora
2026-01-12 09:00:00,8.2,99,0.0,12.3,Evora
2026-01-12 10:00:00,9.1,96,0.0,13.0,Evora
2026-01-12 11:00:00,10.0,93,0.0,14.6,Evora
2026-01-12 12:00:00,11.7,82,0.0,16.6,Evora
2026-01-12 13:00:00,12.7,74,0.1,18.5,Evora
2026-01-12 14:00:00,13.1,71,0.0,18.8,Evora
2026-01-12 15:00:00,13.4,67,0.0,18.1,Evora
2026-01-12 16:00:00,13.2,70,0.0,14.3,Evora
2026-01-12 17:00:00,12.4,75,0.0,12.4,Evora
2026-01-12 18:00:00,10.4,89,0.0,13.2,Evora
2026-01-12 19:00:00,9.9,90,0.0,12.8,Evora
2026-01-12 20:00:00,10.0,89,0.0,17.0,Evora
2026-01-12 21:00:00,9.4,93,0.0,19.2,Evora
2026-01-12 22:00:00,9.3,95,0.0,20.1,Evora
2026-01-12 23:00:00,9.5,94,0.0,20.5,Evora
2026-01-13 00:00:00,10.2,91,0.0,19.4,Evora
2026-01-13 01:00:00,10.8,86,0.0,20.1,Evora
2026-01-13 02:00:00,10.9,85,0.0,20.8,Evora
2026-01-13 03:00:00,11.0,85,0.0,21.4,Evora
2026-01-13 04:00:00,10.5,94,0.9,21.2,Evora
2026-01-13 05:00:00,10.6,96,2.1,22.3,Evora
2026-01-13 06:00:00,10.9,96,1.9,19.4,Evora
2026-01-13 07:00:00,11.2,96,2.1,20.1,Evora
2026-01-13 08:00:00,11.0,98,0.9,19.0,Evora
2026-01-13 09:00:00,11.2,95,0.3,18.3,Evora
2026-01-13 10:00:00,11.0,94,0.5,20.1,Evora
2026-01-13 11:00:00,11.8,95,0.2,18.0,Evora
2026-01-13 12:00:00,11.4,92,0.1,23.9,Evora
2026-01-13 13:00:00,12.6,88,1.4,23.7,Evora
2026-01-13 14:00:00,12.6,89,1.1,19.9,Evora
2026-01-13 15:00:00,12.0,83,1.9,23.1,Evora
2026-01-13 16:00:00,12.2,82,0.0,16.9,Evora
2026-01-13 17:00:00,11.7,81,0.0,12.6,Evora
2026-01-13 18:00:00,10.4,92,0.0,9.9,Evora
2026-01-13 19:00:00,9.6,94,0.0,8.4,Evora
2026-01-13 20:00:00,9.0,96,0.0,7.7,Evora
2026-01-13 21:00:00,8.5,95,0.2,8.5,Evora
2026-01-13 22:00:00,8.5,97,0.0,8.4,Evora
2026-01-13 23:00:00,8.1,98,0.0,7.7,Evora
2026-01-14 00:00:00,7.9,97,0.0,6.1,Evora
2026-01-14 01:00:00,6.8,98,0.0,4.6,Evora
2026-01-14 02:00:00,6.5,98,0.0,4.1,Evora
2026-01-14 03:00:00,6.1,99,0.0,3.7,Evora
2026-01-14 04:00:00,5.5,100,0.0,4.6,Evora
2026-01-14 05:00:00,5.4,100,0.0,5.1,Evora
2026-01-14 06:00:00,6.8,100,0.0,5.8,Evora
2026-01-14 07:00:00,6.7,100,0.0,5.2,Evora
2026-01-14 08:00:00,6.6,100,0.0,4.3,Evora
2026-01-14 09:00:00,7.4,99,0.0,2.4,Evora
2026-01-14 10:00:00,8.7,98,0.0,3.7,Evora
2026-01-14 11:00:00,9.9,93,0.0,4.2,Evora
2026-01-14 12:00:00,11.3,86,0.1,2.5,Evora
2026-01-14 13:00:00,12.6,77,0.1,0.8,Evora
2026-01-14 14:00:00,12.7,75,0.1,0.9,Evora
2026-01-14 15:00:00,12.9,75,0.0,2.7,Evora
2026-01-14 16:00:00,12.7,75,0.0,3.6,Evora
2026-01-14 17:00:00,11.7,84,0.0,1.6,Evora
2026-01-14 18:00:00,10.2,89,0.0,2.7,Evora
2026-01-14 19:00:00,9.7,89,0.0,1.7,Evora
2026-01-14 20:00:00,9.0,92,0.0,1.7,Evora
2026-01-14 21:00:00,8.2,95,0.0,2.0,Evora
2026-01-14 22:00:00,7.2,98,0.0,2.2,Evora
2026-01-14 23:00:00,6.4,99,0.0,3.1,Evora
2026-01-15 00:00:00,6.7,99,0.0,4.7,Evora
2026-01-15 01:00:00,7.2,99,0.0,6.3,Evora
2026-01-15 02:00:00,7.7,100,0.0,3.0,Evora
2026-01-15 03:00:00,7.3,100,0.0,3.2,Evora
2026-01-15 04:00:00,7.3,100,0.0,2.7,Evora
2026-01-15 05:00:00,7.0,100,0.0,2.2,Evora
2026-01-15 06:00:00,6.7,100,0.0,3.4,Evora
2026-01-15 07:00:00,6.7,100,0.0,4.4,Evora
2026-01-15 08:00:00,7.1,99,0.0,5.2,Evora
2026-01-15 09:00:00,7.7,100,0.0,6.2,Evora
2026-01-15 10:00:00,8.4,99,0.0,7.6,Evora
2026-01-15 11:00:00,9.5,95,0.0,12.5,Evora
2026-01-15 12:00:00,9.6,94,0.0,15.0,Evora
2026-01-15 13:00:00,10.9,86,0.1,19.9,Evora
2026-01-15 14:00:00,11.7,80,0.1,20.0,Evora
2026-01-15 15:00:00,11.2,87,0.5,16.5,Evora
2026-01-15 16:00:00,10.3,94,0.7,16.6,Evora
2026-01-15 17:00:00,10.4,92,0.1,18.6,Evora
2026-01-15 18:00:00,10.3,95,0.6,18.2,Evora
2026-01-15 19:00:00,10.3,95,0.6,19.4,Evora
2026-01-15 20:00:00,10.4,97,0.3,21.8,Evora
2026-01-15 21:00:00,10.4,96,0.1,20.4,Evora
2026-01-15 22:00:00,10.1,98,0.0,12.7,Evora
2026-01-15 23:00:00,10.3,99,0.0,9.4,Evora
2026-01-16 00:00:00,10.5,96,0.0,14.3,Evora
2026-01-16 01:00:00,9.1,97,0.0,12.7,Evora
2026-01-16 02:00:00,8.2,99,0.0,13.6,Evora
2026-01-16 03:00:00,8.0,99,0.0,11.8,Evora
2026-01-16 04:00:00,7.8,100,0.0,11.4,Evora
2026-01-16 05:00:00,7.4,100,0.0,9.5,Evora
2026-01-16 06:00:00,7.5,100,0.0,6.8,Evora
2026-01-16 07:00:00,6.7,100,0.0,5.3,Evora
2026-01-16 08:00:00,6.3,100,0.0,6.9,Evora
2026-01-16 09:00:00,7.5,99,0.2,10.8,Evora
2026-01-16 10:00:00,8.7,93,0.0,13.0,Evora
2026-01-16 11:00:00,10.0,89,0.1,14.5,Evora
2026-01-16 12:00:00,10.9,81,0.2,15.3,Evora
2026-01-16 13:00:00,9.3,86,2.4,15.1,Evora
2026-01-16 14:00:00,9.3,89,0.4,8.6,Evora
2026-01-16 15:00:00,9.6,85,0.1,12.7,Evora
2026-01-16 16:00:00,9.0,90,0.3,13.3,Evora
2026-01-16 17:00:00,8.2,91,0.2,11.7,Evora
2026-01-16 18:00:00,7.3,94,0.0,9.0,Evora
2026-01-16 19:00:00,6.8,95,0.0,10.2,Evora
2026-01-16 20:00:00,6.0,95,0.0,12.0,Evora
2026-01-16 21:00:00,5.5,96,0.0,12.3,Evora
2026-01-16 22:00:00,5.2,97,0.0,13.0,Evora
2026-01-16 23:00:00,4.9,97,0.0,13.5,Evora
2026-01-17 00:00:00,5.1,95,0.0,13.5,Evora
2026-01-17 01:00:00,4.9,95,0.0,14.3,Evora
2026-01-17 02:00:00,4.8,95,0.0,13.5,Evora
2026-01-17 03:00:00,4.5,95,0.0,13.3,Evora
2026-01-17 04:00:00,4.2,96,0.0,13.1,Evora
2026-01-17 05:00:00,3.9,96,0.0,12.0,Evora
2026-01-17 06:00:00,4.1,96,0.0,12.9,Evora
2026-01-17 07:00:00,4.0,96,0.0,11.3,Evora
2026-01-17 08:00:00,4.1,96,0.0,11.1,Evora
2026-01-17 09:00:00,5.5,94,0.0,12.0,Evora
2026-01-17 10:00:00,7.5,89,0.0,9.4,Evora
2026-01-17 11:00:00,9.0,78,0.0,13.1,Evora
2026-01-17 12:00:00,9.9,77,0.1,12.0,Evora
2026-01-17 13:00:00,10.3,70,0.1,11.6,Evora
2026-01-17 14:00:00,10.4,67,0.1,10.5,Evora
2026-01-17 15:00:00,8.5,75,0.1,13.5,Evora
2026-01-17 16:00:00,7.2,81,0.1,8.8,Evora
2026-01-17 17:00:00,7.2,81,0.0,7.8,Evora
2026-01-17 18:00:00,6.2,93,0.1,6.7,Evora
2026-01-17 19:00:00,6.4,95,0.2,6.0,Evora
2026-01-17 20:00:00,5.9,98,0.0,3.4,Evora
2026-01-17 21:00:00,5.7,99,0.4,1.1,Evora
2026-01-17 22:00:00,4.9,100,0.0,3.1,Evora
2026-01-17 23:00:00,4.9,99,0.2,4.4,Evora
2026-01-18 00:00:00,4.3,99,0.0,4.3,Evora
2026-01-18 01:00:00,4.2,99,0.0,5.6,Evora
2026-01-18 02:00:00,4.7,97,0.0,5.8,Evora
2026-01-18 03:00:00,3.8,98,0.0,8.6,Evora
2026-01-18 04:00:00,3.6,98,0.0,9.7,Evora
2026-01-18 05:00:00,3.3,98,0.0,10.3,Evora
2026-01-18 06:00:00,3.4,99,0.0,10.5,Evora
2026-01-18 07:00:00,3.7,99,0.0,11.3,Evora
2026-01-18 08:00:00,3.5,99,0.0,11.4,Evora
2026-01-18 09:00:00,4.1,97,0.0,11.2,Evora
2026-01-18 10:00:00,5.6,93,0.0,12.3,Evora
2026-01-18 11:00:00,7.2,87,0.0,13.6,Evora
2026-01-18 12:00:00,8.5,79,0.0,12.6,Evora
2026-01-18 13:00:00,9.3,71,0.0,11.4,Evora
2026-01-18 14:00:00,9.6,66,0.1,12.8,Evora
2026-01-18 15:00:00,9.6,64,0.0,12.5,Evora
2026-01-18 16:00:00,9.5,63,0.0,13.8,Evora
2026-01-18 17:00:00,8.5,69,0.0,11.2,Evora
2026-01-18 18:00:00,6.6,82,0.0,7.8,Evora
2026-01-18 19:00:00,6.0,84,0.0,9.2,Evora
2026-01-18 20:00:00,5.7,81,0.0,12.2,Evora
2026-01-18 21:00:00,5.0,80,0.0,9.4,Evora
2026-01-18 22:00:00,4.9,78,0.0,11.8,Evora
2026-01-18 23:00:00,5.1,77,0.0,14.1,Evora
2026-01-19 00:00:00,4.7,78,0.0,13.8,Evora
2026-01-19 01:00:00,4.4,80,0.0,12.7,Evora
2026-01-19 02:00:00,4.1,82,0.0,12.9,Evora
2026-01-19 03:00:00,3.7,84,0.0,10.5,Evora
2026-01-19 04:00:00,3.5,85,0.0,11.1,Evora
2026-01-19 05:00:00,3.9,82,0.0,11.0,Evora
2026-01-19 06:00:00,4.1,80,0.0,11.5,Evora
2026-01-19 07:00:00,4.2,80,0.0,12.9,Evora
2026-01-19 08:00:00,4.3,85,0.0,13.4,Evora
2026-01-19 09:00:00,6.1,85,0.0,13.9,Evora
2026-01-19 10:00:00,8.0,84,0.0,13.7,Evora
2026-01-19 11:00:00,9.4,78,0.0,15.3,Evora
2026-01-19 12:00:00,11.1,73,0.0,13.9,Evora
2026-01-19 13:00:00,12.0,65,0.0,14.6,Evora
2026-01-19 14:00:00,12.4,54,0.0,16.3,Evora
2026-01-19 15:00:00,12.5,57,0.0,17.1,Evora
2026-01-19 16:00:00,12.3,64,0.0,16.0,Evora
2026-01-19 17:00:00,11.1,73,0.0,12.0,Evora
2026-01-19 18:00:00,9.5,82,0.0,12.6,Evora
2026-01-19 19:00:00,9.0,86,0.0,13.9,Evora
2026-01-19 20:00:00,8.3,92,0.0,15.1,Evora
2026-01-19 21:00:00,8.0,94,0.0,16.1,Evora
2026-01-19 22:00:00,7.5,94,0.0,17.7,Evora
2026-01-19 23:00:00,6.8,94,0.0,15.6,Evora
2026-01-20 00:00:00,6.4,94,0.0,13.1,Evora
2026-01-20 01:00:00,6.0,93,0.0,14.5,Evora
2026-01-20 02:00:00,5.7,94,0.0,14.4,Evora
2026-01-20 03:00:00,5.4,94,0.0,13.8,Evora
2026-01-20 04:00:00,5.3,94,0.0,12.8,Evora
2026-01-20 05:00:00,5.1,95,0.0,11.7,Evora
2026-01-20 06:00:00,5.3,95,0.0,9.9,Evora
2026-01-20 07:00:00,5.3,96,0.0,9.3,Evora
2026-01-20 08:00:00,5.3,96,0.0,6.9,Evora
2026-01-20 09:00:00,6.6,94,0.0,7.2,Evora
2026-01-20 10:00:00,8.2,90,0.0,4.6,Evora
2026-01-20 11:00:00,9.6,83,0.0,4.5,Evora
2026-01-20 12:00:00,11.2,73,0.0,13.5,Evora
2026-01-20 13:00:00,11.9,70,0.0,13.3,Evora
2026-01-20 14:00:00,12.0,70,0.0,12.1,Evora
2026-01-20 15:00:00,12.0,72,0.0,12.4,Evora
2026-01-20 16:00:00,11.9,74,0.0,13.0,Evora
2026-01-20 17:00:00,11.1,81,0.0,10.4,Evora
2026-01-20 18:00:00,10.1,89,0.0,11.0,Evora
2026-01-20 19:00:00,9.4,92,0.0,11.8,Evora
2026-01-20 20:00:00,9.1,94,0.0,11.9,Evora
2026-01-20 21:00:00,9.3,93,0.0,11.2,Evora
2026-01-20 22:00:00,9.0,92,0.0,13.2,Evora
2026-01-20 23:00:00,8.9,92,0.0,13.8,Evora
2026-01-21 00:00:00,8.9,96,0.0,12.8,Evora
2026-01-21 01:00:00,8.9,97,0.2,13.3,Evora
2026-01-21 02:00:00,9.1,98,0.6,14.2,Evora
2026-01-21 03:00:00,9.3,98,0.9,14.1,Evora
2026-01-21 04:00:00,9.3,98,1.0,15.3,Evora
2026-01-21 05:00:00,9.6,98,0.7,19.1,Evora
2026-01-21 06:00:00,10.1,98,0.3,21.9,Evora
2026-01-21 07:00:00,10.1,98,0.6,23.1,Evora
2026-01-21 08:00:00,10.2,98,0.4,23.7,Evora
2026-01-21 09:00:00,10.5,99,1.3,22.0,Evora
2026-01-21 10:00:00,11.0,98,2.1,25.7,Evora
2026-01-21 11:00:00,11.7,99,0.8,24.1,Evora
2026-01-21 12:00:00,12.6,99,0.2,27.2,Evora
2026-01-21 13:00:00,12.7,100,1.7,15.1,Evora
2026-01-21 14:00:00,14.2,96,0.4,22.9,Evora
2026-01-21 15:00:00,14.0,94,0.1,22.8,Evora
2026-01-21 16:00:00,13.9,88,0.1,26.4,Evora
2026-01-21 17:00:00,12.8,88,0.0,24.2,Evora
2026-01-21 18:00:00,12.2,89,0.0,21.5,Evora
2026-01-21 19:00:00,11.7,89,0.0,21.8,Evora
2026-01-21 20:00:00,11.2,90,0.0,24.0,Evora
2026-01-21 21:00:00,10.6,88,0.0,25.1,Evora
2026-01-21 22:00:00,10.2,84,0.0,26.2,Evora
2026-01-21 23:00:00,10.0,83,0.0,25.9,Evora
2026-01-22 00:00:00,9.1,88,0.0,22.9,Evora
2026-01-22 01:00:00,9.3,86,0.0,21.7,Evora
2026-01-22 02:00:00,8.8,87,0.0,19.9,Evora
2026-01-22 03:00:00,8.6,87,0.0,18.2,Evora
2026-01-22 04:00:00,8.0,87,0.0,16.1,Evora
2026-01-22 05:00:00,7.5,89,0.0,13.9,Evora
2026-01-22 06:00:00,7.9,93,0.0,12.8,Evora
2026-01-22 07:00:00,7.5,95,0.0,10.8,Evora
2026-01-22 08:00:00,6.9,97,0.0,8.7,Evora
2026-01-22 09:00:00,8.2,94,0.0,10.8,Evora
2026-01-22 10:00:00,10.0,89,0.0,10.7,Evora
2026-01-22 11:00:00,11.7,79,0.1,16.1,Evora
2026-01-22 12:00:00,12.1,77,0.1,19.7,Evora
2026-01-22 13:00:00,12.4,72,0.0,19.4,Evora
2026-01-22 14:00:00,11.6,78,0.4,17.2,Evora
2026-01-22 15:00:00,10.8,94,1.1,17.4,Evora
2026-01-22 16:00:00,10.7,96,1.3,22.6,Evora
2026-01-22 17:00:00,10.7,97,0.8,24.3,Evora
2026-01-22 18:00:00,11.2,98,2.8,27.5,Evora
2026-01-22 19:00:00,11.5,98,1.0,28.6,Evora
2026-01-22 20:00:00,11.9,98,1.9,27.9,Evora
2026-01-22 21:00:00,12.2,98,8.3,19.7,Evora
2026-01-22 22:00:00,12.3,100,2.3,25.3,Evora
2026-01-22 23:00:00,12.6,99,0.3,24.7,Evora
2026-01-23 00:00:00,12.1,92,0.0,26.8,Evora
2026-01-23 01:00:00,10.1,86,0.0,22.9,Evora
2026-01-23 02:00:00,8.9,81,0.0,20.5,Evora
2026-01-23 03:00:00,8.8,78,0.0,18.7,Evora
2026-01-23 04:00:00,8.6,81,0.0,18.1,Evora
2026-01-23 05:00:00,8.4,82,0.0,18.5,Evora
2026-01-23 06:00:00,7.8,86,0.0,17.5,Evora
2026-01-23 07:00:00,7.5,85,0.0,14.4,Evora
2026-01-23 08:00:00,7.0,88,0.0,14.0,Evora
2026-01-23 09:00:00,8.3,84,0.0,13.3,Evora
2026-01-23 10:00:00,10.0,74,0.0,18.8,Evora
2026-01-23 11:00:00,10.0,73,0.1,28.1,Evora
2026-01-23 12:00:00,8.3,95,2.1,23.1,Evora
2026-01-23 13:00:00,8.3,93,2.0,20.1,Evora
2026-01-23 14:00:00,8.9,87,0.2,26.9,Evora
2026-01-23 15:00:00,8.5,88,1.3,24.8,Evora
2026-01-23 16:00:00,8.3,88,0.6,17.8,Evora
2026-01-23 17:00:00,7.0,92,1.4,23.5,Evora
2026-01-23 18:00:00,6.4,94,0.4,22.1,Evora
2026-01-23 19:00:00,5.9,90,0.4,27.2,Evora
2026-01-23 20:00:00,4.5,90,0.1,22.9,Evora
2026-01-23 21:00:00,4.3,90,0.0,18.7,Evora
2026-01-23 22:00:00,4.1,90,0.0,18.2,Evora
2026-01-23 23:00:00,4.1,91,0.0,16.9,Evora
2026-01-24 00:00:00,4.1,86,1.4,18.4,Evora
2026-01-24 01:00:00,3.2,93,0.4,13.9,Evora
2026-01-24 02:00:00,2.5,96,0.0,12.2,Evora
2026-01-24 03:00:00,2.4,94,0.2,12.5,Evora
2026-01-24 04:00:00,2.0,96,0.0,12.9,Evora
2026-01-24 05:00:00,2.3,98,0.0,11.5,Evora
2026-01-24 06:00:00,3.3,99,0.0,12.6,Evora
2026-01-24 07:00:00,2.5,100,0.0,9.3,Evora
2026-01-24 08:00:00,2.6,100,0.0,6.1,Evora
2026-01-24 09:00:00,3.9,97,0.1,8.3,Evora
2026-01-24 10:00:00,6.2,91,0.0,10.6,Evora
2026-01-24 11:00:00,7.7,77,0.0,12.7,Evora
2026-01-24 12:00:00,9.7,70,0.0,18.7,Evora
2026-01-24 13:00:00,10.2,64,0.0,24.1,Evora
2026-01-24 14:00:00,9.9,69,0.0,20.2,Evora
2026-01-24 15:00:00,10.3,69,0.0,17.9,Evora
2026-01-24 16:00:00,9.8,75,0.1,15.9,Evora
2026-01-24 17:00:00,8.9,81,0.3,22.4,Evora
2026-01-24 18:00:00,8.5,82,0.0,17.5,Evora
2026-01-24 19:00:00,7.9,82,0.0,14.5,Evora
2026-01-24 20:00:00,7.1,87,0.0,13.5,Evora
2026-01-24 21:00:00,6.8,89,0.0,13.2,Evora
2026-01-24 22:00:00,6.4,90,0.0,12.5,Evora
2026-01-24 23:00:00,6.5,88,0.0,13.3,Evora
2026-01-25 00:00:00,8.4,82,0.0,17.4,Evora
2026-01-25 01:00:00,9.1,85,0.1,20.2,Evora
2026-01-25 02:00:00,9.5,87,0.0,20.9,Evora
2026-01-25 03:00:00,9.6,88,0.5,21.8,Evora
2026-01-25 04:00:00,9.9,91,0.5,27.8,Evora
2026-01-25 05:00:00,9.6,97,1.0,24.0,Evora
2026-01-25 06:00:00,10.2,98,2.0,20.2,Evora
2026-01-25 07:00:00,9.8,98,1.0,17.6,Evora
2026-01-25 08:00:00,10.5,96,0.4,19.2,Evora
2026-01-25 09:00:00,10.6,96,0.5,21.4,Evora
2026-01-25 10:00:00,11.0,95,0.5,23.7,Evora
2026-01-25 11:00:00,11.1,95,0.3,24.5,Evora
2026-01-25 12:00:00,12.5,83,0.5,24.7,Evora
2026-01-25 13:00:00,14.2,79,0.0,29.1,Evora
2026-01-25 14:00:00,14.0,74,0.2,31.6,Evora
2026-01-25 15:00:00,13.2,82,0.1,22.3,Evora
2026-01-25 16:00:00,13.4,81,0.1,26.0,Evora
2026-01-25 17:00:00,12.9,86,0.0,22.1,Evora
2026-01-25 18:00:00,12.0,96,0.0,16.4,Evora
2026-01-25 19:00:00,12.0,98,0.1,11.4,Evora
2026-01-25 20:00:00,12.2,99,0.0,10.1,Evora
2026-01-25 21:00:00,12.0,100,0.0,10.5,Evora
2026-01-25 22:00:00,12.0,100,0.0,6.9,Evora
2026-01-25 23:00:00,11.9,100,0.0,7.0,Evora
2026-01-26 00:00:00,12.1,100,0.0,8.4,Evora
2026-01-26 01:00:00,12.3,100,0.0,11.5,Evora
2026-01-26 02:00:00,12.4,100,0.0,14.3,Evora
2026-01-26 03:00:00,12.3,100,0.0,17.6,Evora
2026-01-26 04:00:00,12.0,99,0.0,16.3,Evora
2026-01-26 05:00:00,12.0,100,0.0,15.9,Evora
2026-01-26 06:00:00,12.3,100,0.0,16.3,Evora
2026-01-26 07:00:00,12.3,100,0.2,17.0,Evora
2026-01-26 08:00:00,12.3,100,0.3,18.7,Evora
2026-01-26 09:00:00,12.8,99,0.5,20.2,Evora
2026-01-26 10:00:00,13.1,100,0.3,18.6,Evora
2026-01-26 11:00:00,13.3,96,0.4,24.3,Evora
2026-01-26 12:00:00,14.0,96,0.5,23.3,Evora
2026-01-26 13:00:00,14.0,93,0.5,27.3,Evora
2026-01-26 14:00:00,14.7,88,0.1,25.7,Evora
2026-01-26 15:00:00,14.2,86,0.2,27.4,Evora
2026-01-26 16:00:00,13.6,92,0.3,28.1,Evora
2026-01-26 17:00:00,13.4,89,0.3,28.6,Evora
2026-01-26 18:00:00,12.8,96,0.2,25.0,Evora
2026-01-26 19:00:00,12.5,96,0.1,25.0,Evora
2026-01-26 20:00:00,12.3,95,0.0,25.7,Evora
2026-01-26 21:00:00,12.2,93,0.0,25.4,Evora
2026-01-26 22:00:00,11.9,90,0.0,26.2,Evora
2026-01-26 23:00:00,12.0,88,0.1,28.7,Evora
2026-01-27 00:00:00,12.2,93,0.3,30.2,Evora
2026-01-27 01:00:00,12.0,95,3.7,32.3,Evora
2026-01-27 02:00:00,12.0,95,2.7,37.1,Evora
2026-01-27 03:00:00,12.1,97,4.1,35.3,Evora
2026-01-27 04:00:00,12.4,97,5.6,31.1,Evora
2026-01-27 05:00:00,12.7,98,5.2,26.3,Evora
2026-01-27 06:00:00,12.2,95,0.1,25.1,Evora
2026-01-27 07:00:00,11.3,89,0.2,25.1,Evora
2026-01-27 08:00:00,10.4,94,0.5,28.8,Evora
2026-01-27 09:00:00,10.1,97,1.0,27.6,Evora
2026-01-27 10:00:00,10.3,96,1.2,24.5,Evora
2026-01-27 11:00:00,10.8,88,0.8,25.4,Evora
2026-01-27 12:00:00,10.9,79,0.2,31.4,Evora
2026-01-27 13:00:00,11.3,77,0.1,28.7,Evora
2026-01-27 14:00:00,10.5,81,3.5,34.3,Evora
2026-01-27 15:00:00,10.6,78,0.2,30.2,Evora
2026-01-27 16:00:00,10.6,73,0.1,26.0,Evora
2026-01-27 17:00:00,10.1,65,0.0,26.6,Evora
2026-01-27 18:00:00,9.5,75,0.0,21.4,Evora
2026-01-27 19:00:00,8.9,76,0.1,24.4,Evora
2026-01-27 20:00:00,8.1,82,0.0,18.6,Evora
2026-01-27 21:00:00,8.0,88,0.0,18.8,Evora
2026-01-27 22:00:00,7.5,92,0.0,17.4,Evora
2026-01-27 23:00:00,8.1,89,0.1,18.3,Evora
2026-01-28 00:00:00,8.5,95,0.4,16.7,Evora
2026-01-28 01:00:00,8.5,97,1.4,22.7,Evora
2026-01-28 02:00:00,9.1,96,1.6,26.1,Evora
2026-01-28 03:00:00,9.4,96,3.8,35.1,Evora
2026-01-28 04:00:00,10.0,97,7.5,39.7,Evora
2026-01-28 05:00:00,11.4,97,9.5,47.6,Evora
2026-01-28 06:00:00,12.2,88,2.5,42.3,Evora
2026-01-28 07:00:00,11.3,76,0.0,38.7,Evora
2026-01-28 08:00:00,11.1,77,0.1,30.0,Evora
2026-01-28 09:00:00,11.8,78,0.0,24.3,Evora
2026-01-28 10:00:00,12.9,74,0.0,21.9,Evora
2026-01-28 11:00:00,13.1,75,0.0,25.4,Evora
2026-01-28 12:00:00,13.4,71,0.0,32.4,Evora
2026-01-28 13:00:00,14.3,66,0.0,32.2,Evora
2026-01-28 14:00:00,14.1,71,0.0,26.8,Evora
2026-01-28 15:00:00,14.1,75,0.0,27.2,Evora
2026-01-28 16:00:00,13.8,77,0.1,22.5,Evora
2026-01-28 17:00:00,13.1,83,0.0,18.5,Evora
2026-01-28 18:00:00,12.3,89,0.1,17.5,Evora
2026-01-28 19:00:00,12.2,94,0.1,18.2,Evora
2026-01-28 20:00:00,11.9,96,0.2,16.8,Evora
2026-01-28 21:00:00,12.3,98,0.5,20.7,Evora
2026-01-28 22:00:00,13.5,99,0.5,29.0,Evora
2026-01-28 23:00:00,14.3,99,0.1,29.5,Evora
2026-01-29 00:00:00,14.4,98,0.4,28.4,Evora
2026-01-29 01:00:00,14.3,98,1.2,29.4,Evora
2026-01-29 02:00:00,14.4,98,0.3,29.3,Evora
2026-01-29 03:00:00,14.2,99,0.0,24.5,Evora
2026-01-29 04:00:00,14.1,99,0.4,22.7,Evora
2026-01-29 05:00:00,14.0,99,0.4,20.4,Evora
2026-01-29 06:00:00,14.3,99,1.7,17.6,Evora
2026-01-29 07:00:00,14.3,99,0.7,20.2,Evora
2026-01-29 08:00:00,14.4,99,0.8,19.4,Evora
2026-01-29 09:00:00,14.3,99,0.8,21.8,Evora
2026-01-29 10:00:00,14.5,99,0.2,26.6,Evora
2026-01-29 11:00:00,14.5,99,0.3,24.7,Evora
2026-01-29 12:00:00,15.0,99,0.8,26.2,Evora
2026-01-29 13:00:00,14.8,97,1.7,29.0,Evora
2026-01-29 14:00:00,14.7,98,1.2,28.3,Evora
2026-01-29 15:00:00,14.5,97,3.4,27.9,Evora
2026-01-29 16:00:00,14.1,96,2.2,21.7,Evora
2026-01-29 17:00:00,13.8,93,0.3,22.2,Evora
2026-01-29 18:00:00,12.9,94,0.0,20.7,Evora
2026-01-29 19:00:00,12.0,94,0.0,18.9,Evora
2026-01-29 20:00:00,11.4,94,0.0,17.6,Evora
2026-01-29 21:00:00,10.8,94,0.0,15.7,Evora
2026-01-29 22:00:00,10.3,94,0.0,13.9,Evora
2026-01-29 23:00:00,9.6,95,0.0,11.9,Evora
2026-01-30 00:00:00,9.9,98,0.0,10.4,Evora
2026-01-30 01:00:00,9.1,98,0.0,9.7,Evora
2026-01-30 02:00:00,8.8,99,0.0,8.0,Evora
2026-01-30 03:00:00,8.4,99,0.0,6.2,Evora
2026-01-30 04:00:00,9.2,100,0.0,9.0,Evora
2026-01-30 05:00:00,10.0,100,0.0,11.1,Evora
2026-01-30 06:00:00,10.4,100,0.0,13.8,Evora
2026-01-30 07:00:00,10.3,99,0.0,14.4,Evora
2026-01-30 08:00:00,10.2,100,0.0,12.9,Evora
2026-01-30 09:00:00,10.5,99,0.0,14.3,Evora
2026-01-30 10:00:00,11.5,95,0.0,16.8,Evora
2026-01-30 11:00:00,12.6,92,0.1,21.4,Evora
2026-01-30 12:00:00,14.1,86,0.1,26.1,Evora
2026-01-30 13:00:00,15.3,76,0.0,30.7,Evora
2026-01-30 14:00:00,15.5,70,0.0,28.2,Evora
2026-01-30 15:00:00,15.1,73,0.1,31.2,Evora
2026-01-30 16:00:00,14.0,79,0.2,28.8,Evora
2026-01-30 17:00:00,13.1,88,0.4,33.7,Evora
2026-01-30 18:00:00,12.5,87,0.2,31.3,Evora
2026-01-30 19:00:00,11.9,83,0.1,29.2,Evora
2026-01-30 20:00:00,11.3,80,0.0,27.8,Evora
2026-01-30 21:00:00,11.0,83,0.1,25.0,Evora
2026-01-30 22:00:00,10.5,83,0.0,22.5,Evora
2026-01-30 23:00:00,10.1,83,0.0,19.7,Evora
2026-01-31 00:00:00,9.7,87,0.0,20.4,Evora
2026-01-31 01:00:00,9.6,86,0.0,19.1,Evora
2026-01-31 02:00:00,9.4,84,0.0,18.9,Evora
2026-01-31 03:00:00,9.3,82,0.0,19.4,Evora
2026-01-31 04:00:00,9.0,80,0.0,20.0,Evora
2026-01-31 05:00:00,8.7,79,0.0,20.5,Evora
2026-01-31 06:00:00,8.2,79,0.0,17.0,Evora
2026-01-31 07:00:00,7.6,82,0.0,13.0,Evora
2026-01-31 08:00:00,7.0,86,0.0,11.4,Evora
2026-01-31 09:00:00,8.5,85,0.0,12.5,Evora
2026-01-31 10:00:00,10.9,77,0.0,10.6,Evora
2026-01-31 11:00:00,12.4,67,0.0,11.9,Evora
2026-01-31 12:00:00,13.0,62,0.0,17.7,Evora
2026-01-31 13:00:00,13.2,63,0.0,17.4,Evora
2026-01-31 14:00:00,13.6,60,0.0,16.9,Evora
2026-01-31 15:00:00,13.7,59,0.0,14.6,Evora
2026-01-31 16:00:00,13.9,58,0.0,13.9,Evora
2026-01-31 17:00:00,12.9,66,0.0,12.0,Evora
2026-01-31 18:00:00,11.8,72,0.0,12.7,Evora
2026-01-31 19:00:00,11.0,79,0.2,10.7,Evora
2026-01-31 20:00:00,10.4,85,0.0,11.8,Evora
2026-01-31 21:00:00,10.1,93,0.0,10.4,Evora
2026-01-31 22:00:00,10.2,95,0.0,9.5,Evora
2026-01-31 23:00:00,10.2,97,0.0,11.6,Evora
2026-02-01 00:00:00,10.5,95,0.0,13.0,Evora
2026-02-01 01:00:00,10.8,96,0.8,16.0,Evora
2026-02-01 02:00:00,10.8,99,3.1,15.3,Evora
2026-02-01 03:00:00,11.3,99,1.5,17.5,Evora
2026-02-01 04:00:00,11.7,99,0.8,16.6,Evora
2026-02-01 05:00:00,12.1,99,1.1,15.2,Evora
2026-02-01 06:00:00,12.3,99,1.5,12.2,Evora
2026-02-01 07:00:00,12.6,100,1.4,14.9,Evora
2026-02-01 08:00:00,13.0,100,2.6,16.4,Evora
2026-02-01 09:00:00,13.5,100,0.2,18.5,Evora
2026-02-01 10:00:00,13.6,100,0.1,17.8,Evora
2026-02-01 11:00:00,14.2,98,0.1,20.6,Evora
2026-02-01 12:00:00,14.7,95,0.2,16.4,Evora
2026-02-01 13:00:00,15.7,85,0.4,20.6,Evora
2026-02-01 14:00:00,15.6,89,0.4,22.1,Evora
2026-02-01 15:00:00,14.5,97,0.4,20.1,Evora
2026-02-01 16:00:00,14.5,98,1.2,22.9,Evora
2026-02-01 17:00:00,14.2,98,0.6,24.9,Evora
2026-02-01 18:00:00,14.0,98,0.1,20.4,Evora
2026-02-01 19:00:00,13.5,98,0.3,20.5,Evora
2026-02-01 20:00:00,13.1,97,0.4,23.6,Evora
2026-02-01 21:00:00,12.8,97,0.1,22.2,Evora
2026-02-01 22:00:00,12.3,98,0.0,22.0,Evora
2026-02-01 23:00:00,12.1,98,0.1,23.2,Evora
2026-02-02 00:00:00,12.2,97,0.2,26.4,Evora
2026-02-02 01:00:00,12.1,96,0.4,28.0,Evora
2026-02-02 02:00:00,11.6,95,1.5,28.8,Evora
2026-02-02 03:00:00,11.4,95,1.3,30.6,Evora
2026-02-02 04:00:00,11.7,97,6.9,39.5,Evora
2026-02-02 05:00:00,9.6,93,5.4,21.3,Evora
2026-02-02 06:00:00,9.2,95,0.9,24.1,Evora
2026-02-02 07:00:00,8.9,92,0.2,22.2,Evora
2026-02-02 08:00:00,8.5,91,0.0,24.4,Evora
2026-02-02 09:00:00,8.8,86,0.0,22.2,Evora
2026-02-02 10:00:00,8.7,82,0.9,29.4,Evora
2026-02-02 11:00:00,8.5,80,0.1,25.7,Evora
2026-02-02 12:00:00,10.3,68,0.1,28.5,Evora
2026-02-02 13:00:00,11.7,63,0.0,23.7,Evora
2026-02-02 14:00:00,9.6,76,0.2,34.0,Evora
2026-02-02 15:00:00,9.8,86,0.4,25.3,Evora
2026-02-02 16:00:00,8.5,87,2.2,21.7,Evora
2026-02-02 17:00:00,8.9,88,0.3,19.6,Evora
2026-02-02 18:00:00,8.5,85,0.1,20.5,Evora
2026-02-02 19:00:00,8.3,84,0.0,20.9,Evora
2026-02-02 20:00:00,7.7,88,0.0,21.7,Evora
2026-02-02 21:00:00,7.4,91,0.0,18.9,Evora
2026-02-02 22:00:00,7.2,91,0.0,17.9,Evora
2026-02-02 23:00:00,7.3,92,0.1,17.7,Evora
2026-02-03 00:00:00,6.4,94,0.3,17.3,Evora
2026-02-03 01:00:00,7.1,96,0.4,18.7,Evora
2026-02-03 02:00:00,6.6,98,0.0,15.7,Evora
2026-02-03 03:00:00,6.6,97,0.0,17.5,Evora
2026-02-03 04:00:00,6.5,97,0.0,16.1,Evora
2026-02-03 05:00:00,6.4,96,0.1,15.2,Evora
2026-02-03 06:00:00,6.2,97,0.0,14.6,Evora
2026-02-03 07:00:00,6.0,98,0.0,12.3,Evora
2026-02-03 08:00:00,5.7,98,0.0,10.3,Evora
2026-02-03 09:00:00,7.0,95,0.0,13.2,Evora
2026-02-03 10:00:00,8.6,87,0.0,15.4,Evora
2026-02-03 11:00:00,9.9,85,0.1,14.8,Evora
2026-02-03 12:00:00,10.0,82,0.1,18.9,Evora
2026-02-03 13:00:00,10.6,77,0.2,21.4,Evora
2026-02-03 14:00:00,10.6,77,0.0,17.0,Evora
2026-02-03 15:00:00,11.0,75,0.0,18.7,Evora
2026-02-03 16:00:00,11.2,72,0.0,17.7,Evora
2026-02-03 17:00:00,10.2,78,0.3,15.3,Evora
2026-02-03 18:00:00,8.6,92,0.5,12.2,Evora
2026-02-03 19:00:00,8.6,96,1.2,13.7,Evora
2026-02-03 20:00:00,8.9,97,0.9,20.6,Evora
2026-02-03 21:00:00,9.2,97,1.0,25.6,Evora
2026-02-03 22:00:00,9.7,98,2.9,21.4,Evora
2026-02-03 23:00:00,10.7,99,4.7,19.8,Evora
2026-02-04 00:00:00,13.4,97,0.7,29.0,Evora
2026-02-04 01:00:00,13.9,97,3.0,29.2,Evora
2026-02-04 02:00:00,13.8,96,4.1,26.3,Evora
2026-02-04 03:00:00,13.6,96,1.5,26.2,Evora
2026-02-04 04:00:00,13.4,96,0.6,26.5,Evora
2026-02-04 05:00:00,13.3,95,0.1,26.7,Evora
2026-02-04 06:00:00,12.3,97,0.2,16.8,Evora
2026-02-04 07:00:00,12.2,97,3.0,11.9,Evora
2026-02-04 08:00:00,11.6,99,2.7,7.3,Evora
2026-02-04 09:00:00,11.8,99,3.3,10.0,Evora
2026-02-04 10:00:00,12.0,99,2.2,8.7,Evora
2026-02-04 11:00:00,12.9,97,1.9,20.3,Evora
2026-02-04 12:00:00,13.5,98,0.7,25.0,Evora
2026-02-04 13:00:00,13.4,98,1.7,25.6,Evora
2026-02-04 14:00:00,13.6,97,0.6,23.8,Evora
2026-02-04 15:00:00,13.4,97,1.4,21.6,Evora
2026-02-04 16:00:00,13.6,97,3.2,28.0,Evora
2026-02-04 17:00:00,13.9,97,1.4,36.9,Evora
2026-02-04 18:00:00,13.8,98,2.0,24.4,Evora
2026-02-04 19:00:00,13.9,98,2.9,29.0,Evora
2026-02-04 20:00:00,13.9,98,1.1,27.4,Evora
2026-02-04 21:00:00,13.8,98,2.3,26.2,Evora
2026-02-04 22:00:00,13.6,98,2.9,21.2,Evora
2026-02-04 23:00:00,13.6,99,1.8,26.4,Evora
2026-02-05 00:00:00,13.8,98,3.4,20.8,Evora
2026-02-05 01:00:00,14.1,99,2.9,31.7,Evora
2026-02-05 02:00:00,14.0,99,1.5,25.4,Evora
2026-02-05 03:00:00,13.6,99,3.2,30.1,Evora
2026-02-05 04:00:00,13.8,99,0.6,33.1,Evora
2026-02-05 05:00:00,13.7,99,2.3,31.7,Evora
2026-02-05 06:00:00,14.1,98,2.9,31.3,Evora
2026-02-05 07:00:00,13.9,99,3.1,31.3,Evora
2026-02-05 08:00:00,13.9,96,0.4,33.5,Evora
2026-02-05 09:00:00,12.9,90,0.6,38.6,Evora
2026-02-05 10:00:00,13.0,91,0.7,33.2,Evora
2026-02-05 11:00:00,13.7,89,0.2,30.2,Evora
2026-02-05 12:00:00,14.3,84,0.8,36.1,Evora
2026-02-05 13:00:00,13.9,83,1.2,33.2,Evora
2026-02-05 14:00:00,14.0,77,0.1,30.8,Evora
2026-02-05 15:00:00,13.6,82,0.2,31.5,Evora
2026-02-05 16:00:00,13.3,80,0.2,33.0,Evora
2026-02-05 17:00:00,11.7,85,0.1,32.0,Evora
2026-02-05 18:00:00,12.1,80,0.7,27.4,Evora
2026-02-05 19:00:00,10.6,92,0.2,22.4,Evora
2026-02-05 20:00:00,10.3,95,1.7,25.0,Evora
2026-02-05 21:00:00,10.6,94,0.2,26.0,Evora
2026-02-05 22:00:00,9.8,93,0.4,23.2,Evora
2026-02-05 23:00:00,9.9,94,0.2,23.2,Evora
2026-02-06 00:00:00,9.5,93,0.0,17.5,Evora
2026-02-06 01:00:00,9.6,93,0.3,17.1,Evora
2026-02-06 02:00:00,9.2,95,0.0,15.3,Evora
2026-02-06 03:00:00,8.9,97,0.0,17.6,Evora
2026-02-06 04:00:00,8.9,96,0.1,16.6,Evora
2026-02-06 05:00:00,8.0,97,0.9,13.6,Evora
2026-02-06 06:00:00,9.4,97,2.5,19.4,Evora
2026-02-06 07:00:00,9.2,97,0.2,18.0,Evora
2026-02-06 08:00:00,8.7,95,0.5,21.8,Evora
2026-02-06 09:00:00,9.2,94,0.1,23.7,Evora
2026-02-06 10:00:00,10.0,90,0.1,24.0,Evora
2026-02-06 11:00:00,11.5,80,0.0,24.6,Evora
2026-02-06 12:00:00,11.6,78,0.1,22.4,Evora
2026-02-06 13:00:00,12.5,69,0.1,25.5,Evora
2026-02-06 14:00:00,12.4,59,0.1,29.4,Evora
2026-02-06 15:00:00,10.3,71,0.0,29.0,Evora
2026-02-06 16:00:00,10.6,72,0.0,22.6,Evora
2026-02-06 17:00:00,9.1,79,0.1,22.3,Evora
2026-02-06 18:00:00,8.7,79,0.0,19.1,Evora
2026-02-06 19:00:00,7.9,85,0.0,16.4,Evora
2026-02-06 20:00:00,7.6,87,0.0,15.6,Evora
2026-02-06 21:00:00,7.2,87,0.0,16.1,Evora
2026-02-06 22:00:00,6.8,91,0.0,14.1,Evora
2026-02-06 23:00:00,6.7,92,0.0,15.3,Evora
2026-02-07 00:00:00,6.2,96,0.0,12.5,Evora
2026-02-07 01:00:00,6.0,96,0.0,11.7,Evora
2026-02-07 02:00:00,5.5,95,0.0,10.0,Evora
2026-02-07 03:00:00,5.8,94,0.0,10.9,Evora
2026-02-07 04:00:00,5.9,93,0.0,11.4,Evora
2026-02-07 05:00:00,6.3,93,0.1,14.0,Evora
2026-02-07 06:00:00,7.4,93,1.0,17.4,Evora
2026-02-07 07:00:00,7.9,95,2.7,17.5,Evora
2026-02-07 08:00:00,8.3,96,4.0,22.4,Evora
2026-02-07 09:00:00,9.2,97,5.7,27.5,Evora
2026-02-07 10:00:00,10.4,98,5.2,28.7,Evora
2026-02-07 11:00:00,11.4,97,4.4,35.4,Evora
2026-02-07 12:00:00,11.6,98,1.8,33.2,Evora
2026-02-07 13:00:00,11.9,96,2.1,29.9,Evora
2026-02-07 14:00:00,12.9,73,0.0,37.2,Evora
2026-02-07 15:00:00,13.7,56,0.0,40.8,Evora
2026-02-07 16:00:00,12.1,70,0.1,37.6,Evora
2026-02-07 17:00:00,11.2,73,0.0,32.6,Evora
2026-02-07 18:00:00,11.3,67,0.2,32.4,Evora
2026-02-07 19:00:00,9.0,83,0.2,27.5,Evora
2026-02-07 20:00:00,9.3,79,0.0,26.5,Evora
2026-02-07 21:00:00,9.0,78,0.0,24.1,Evora
2026-02-07 22:00:00,8.5,79,0.0,22.5,Evora
2026-02-07 23:00:00,8.2,81,0.0,21.1,Evora
2026-02-08 00:00:00,7.6,88,0.0,20.3,Evora
2026-02-08 01:00:00,7.5,88,0.0,19.0,Evora
2026-02-08 02:00:00,7.3,87,0.0,16.5,Evora
2026-02-08 03:00:00,7.2,86,0.0,15.0,Evora
2026-02-08 04:00:00,7.0,86,0.0,15.3,Evora
2026-02-08 05:00:00,6.7,88,0.0,13.4,Evora
2026-02-08 06:00:00,6.7,94,0.0,12.3,Evora
2026-02-08 07:00:00,6.4,95,0.0,12.7,Evora
2026-02-08 08:00:00,6.6,95,0.0,11.3,Evora
2026-02-08 09:00:00,7.9,91,0.0,11.1,Evora
2026-02-08 10:00:00,9.3,87,0.0,10.9,Evora
2026-02-08 11:00:00,10.9,76,0.0,14.1,Evora
2026-02-08 12:00:00,10.8,74,0.0,13.1,Evora
2026-02-08 13:00:00,12.7,61,0.0,17.2,Evora
2026-02-08 14:00:00,12.9,56,0.0,17.5,Evora
2026-02-08 15:00:00,12.1,67,0.0,12.9,Evora
2026-02-08 16:00:00,11.7,74,0.1,13.0,Evora
2026-02-08 17:00:00,10.7,83,0.4,13.9,Evora
2026-02-08 18:00:00,10.5,89,0.2,16.2,Evora
2026-02-08 19:00:00,10.5,92,0.1,19.3,Evora
2026-02-08 20:00:00,10.5,94,0.4,18.1,Evora
2026-02-08 21:00:00,10.7,97,0.5,18.6,Evora
2026-02-08 22:00:00,11.2,99,1.3,17.7,Evora
2026-02-08 23:00:00,11.7,99,0.4,16.0,Evora
2026-02-09 00:00:00,12.2,99,0.6,12.4,Evora
2026-02-09 01:00:00,13.1,99,1.3,17.0,Evora
2026-02-09 02:00:00,13.4,99,0.1,18.0,Evora
2026-02-09 03:00:00,13.4,99,0.0,17.6,Evora
2026-02-09 04:00:00,13.1,99,0.2,16.8,Evora
2026-02-09 05:00:00,13.4,99,0.1,21.0,Evora
2026-02-09 06:00:00,13.6,99,0.0,16.3,Evora
2026-02-09 07:00:00,13.1,98,0.0,13.5,Evora
2026-02-09 08:00:00,12.9,99,0.0,11.6,Evora
2026-02-09 09:00:00,13.5,97,0.0,16.9,Evora
2026-02-09 10:00:00,13.9,97,0.1,20.0,Evora
2026-02-09 11:00:00,15.6,91,0.2,22.8,Evora
2026-02-09 12:00:00,15.1,94,0.8,23.2,Evora
2026-02-09 13:00:00,15.0,96,0.4,20.7,Evora
2026-02-09 14:00:00,15.8,90,0.6,23.3,Evora
2026-02-09 15:00:00,16.3,84,0.1,27.4,Evora
2026-02-09 16:00:00,15.6,90,0.2,24.9,Evora
2026-02-09 17:00:00,14.6,97,0.8,23.5,Evora
2026-02-09 18:00:00,14.5,98,0.3,21.2,Evora
2026-02-09 19:00:00,14.6,99,0.1,20.2,Evora
2026-02-09 20:00:00,14.4,99,0.1,19.7,Evora
2026-02-09 21:00:00,14.3,100,0.2,18.5,Evora
2026-02-09 22:00:00,14.2,100,0.0,17.6,Evora
2026-02-09 23:00:00,14.1,100,0.0,15.9,Evora
2026-02-10 00:00:00,14.3,100,0.0,14.6,Evora
2026-02-10 01:00:00,14.1,100,0.0,16.8,Evora
2026-02-10 02:00:00,14.0,100,0.1,20.7,Evora
2026-02-10 03:00:00,14.0,100,0.2,20.1,Evora
2026-02-10 04:00:00,14.1,100,0.1,20.9,Evora
2026-02-10 05:00:00,14.1,99,0.1,20.5,Evora
2026-02-10 06:00:00,14.1,100,0.1,18.3,Evora
2026-02-10 07:00:00,14.2,99,0.6,18.1,Evora
2026-02-10 08:00:00,14.3,99,0.2,22.6,Evora
2026-02-10 09:00:00,14.5,99,0.1,22.7,Evora
2026-02-10 10:00:00,14.6,100,0.2,25.7,Evora
2026-02-10 11:00:00,14.8,99,0.3,27.7,Evora
2026-02-10 12:00:00,15.3,96,0.8,26.4,Evora
2026-02-10 13:00:00,15.2,98,0.1,25.5,Evora
2026-02-10 14:00:00,15.2,97,0.1,27.6,Evora
2026-02-10 15:00:00,15.2,97,0.1,22.3,Evora
2026-02-10 16:00:00,15.1,97,0.2,23.9,Evora
2026-02-10 17:00:00,14.7,98,0.4,23.2,Evora
2026-02-10 18:00:00,14.9,98,0.7,20.1,Evora
2026-02-10 19:00:00,14.7,98,0.7,20.4,Evora
2026-02-10 20:00:00,14.5,98,1.0,20.5,Evora
2026-02-10 21:00:00,14.3,99,0.1,17.0,Evora
2026-02-10 22:00:00,14.2,99,0.1,17.2,Evora
2026-02-10 23:00:00,14.1,100,0.0,19.7,Evora
2026-02-11 00:00:00,14.7,99,0.1,14.3,Evora
2026-02-11 01:00:00,14.5,99,0.2,18.5,Evora
2026-02-11 02:00:00,14.4,98,2.9,23.0,Evora
2026-02-11 03:00:00,14.1,98,5.3,17.6,Evora
2026-02-11 04:00:00,14.3,99,2.3,19.0,Evora
2026-02-11 05:00:00,14.0,100,0.2,17.0,Evora
2026-02-11 06:00:00,14.4,99,3.4,20.1,Evora
2026-02-11 07:00:00,14.4,100,0.8,21.8,Evora
2026-02-11 08:00:00,14.4,100,0.5,24.9,Evora
2026-02-11 09:00:00,14.4,100,0.1,29.3,Evora
2026-02-11 10:00:00,14.4,100,0.2,28.1,Evora
2026-02-11 11:00:00,14.4,99,0.3,31.0,Evora
2026-02-11 12:00:00,14.3,98,0.4,25.1,Evora
2026-02-11 13:00:00,14.6,96,0.2,25.7,Evora
2026-02-11 14:00:00,14.6,95,0.1,28.7,Evora
2026-02-11 15:00:00,14.6,95,0.1,29.6,Evora
2026-02-11 16:00:00,14.5,96,0.4,22.6,Evora
2026-02-11 17:00:00,14.1,98,2.3,25.6,Evora
2026-02-11 18:00:00,14.2,98,1.0,25.7,Evora
2026-02-11 19:00:00,14.2,98,1.0,24.8,Evora
2026-02-11 20:00:00,14.3,98,0.8,21.7,Evora
2026-02-11 21:00:00,14.2,99,0.5,21.7,Evora
2026-02-11 22:00:00,14.2,100,0.1,23.1,Evora
2026-02-11 23:00:00,14.0,97,0.0,21.6,Evora
2026-02-12 00:00:00,13.0,97,0.0,18.8,Evora
2026-02-12 01:00:00,12.8,98,0.0,17.3,Evora
2026-02-12 02:00:00,12.9,98,0.0,15.8,Evora
2026-02-12 03:00:00,12.8,98,0.0,15.5,Evora
2026-02-12 04:00:00,12.6,98,0.0,15.3,Evora
2026-02-12 05:00:00,12.4,97,0.1,15.9,Evora
2026-02-12 06:00:00,12.2,98,0.0,13.0,Evora
2026-02-12 07:00:00,12.0,97,0.0,12.9,Evora
2026-02-12 08:00:00,11.7,98,0.0,12.7,Evora
2026-02-12 09:00:00,12.4,97,0.1,17.2,Evora
2026-02-12 10:00:00,12.9,93,0.1,15.9,Evora
2026-02-12 11:00:00,14.6,78,0.0,16.8,Evora
2026-02-12 12:00:00,15.5,69,0.1,14.8,Evora
2026-02-12 13:00:00,16.1,64,0.0,17.3,Evora
2026-02-12 14:00:00,16.0,64,0.0,18.5,Evora
2026-02-12 15:00:00,16.1,61,0.0,16.6,Evora
2026-02-12 16:00:00,15.7,61,0.0,17.9,Evora
2026-02-12 17:00:00,14.6,70,0.0,14.0,Evora
2026-02-12 18:00:00,13.7,76,0.0,8.8,Evora
2026-02-12 19:00:00,13.0,81,0.0,9.8,Evora
2026-02-12 20:00:00,13.3,81,0.0,12.2,Evora
2026-02-12 21:00:00,13.2,91,0.1,16.6,Evora
2026-02-12 22:00:00,13.3,94,0.4,20.6,Evora
2026-02-12 23:00:00,13.5,99,2.2,30.3,Evora
2026-02-13 00:00:00,13.2,99,4.2,26.9,Evora
2026-02-13 01:00:00,13.7,99,1.2,30.1,Evora
2026-02-13 02:00:00,12.8,98,1.5,32.5,Evora
2026-02-13 03:00:00,12.4,96,2.9,28.0,Evora
2026-02-13 04:00:00,12.5,96,0.8,30.9,Evora
2026-02-13 05:00:00,11.0,95,2.5,34.2,Evora
2026-02-13 06:00:00,10.0,91,0.3,32.8,Evora
2026-02-13 07:00:00,9.8,89,1.0,31.2,Evora
2026-02-13 08:00:00,9.9,88,0.1,32.8,Evora
2026-02-13 09:00:00,9.9,85,0.0,26.2,Evora
2026-02-13 10:00:00,10.6,77,0.1,29.6,Evora
2026-02-13 11:00:00,11.6,79,0.1,25.0,Evora
2026-02-13 12:00:00,10.7,79,0.1,30.5,Evora
2026-02-13 13:00:00,11.5,70,0.2,32.8,Evora
2026-02-13 14:00:00,9.2,84,0.7,27.2,Evora
2026-02-13 15:00:00,11.0,75,0.0,27.0,Evora
2026-02-13 16:00:00,11.7,73,0.3,29.3,Evora
2026-02-13 17:00:00,10.4,80,0.3,28.4,Evora
2026-02-13 18:00:00,9.4,82,0.0,28.8,Evora
2026-02-13 19:00:00,9.0,83,0.0,28.5,Evora
2026-02-13 20:00:00,8.9,83,0.0,28.4,Evora
2026-02-13 21:00:00,8.5,85,0.0,28.5,Evora
2026-02-13 22:00:00,8.3,85,0.0,28.3,Evora
2026-02-13 23:00:00,8.1,84,0.0,28.1,Evora
2026-02-14 00:00:00,7.4,87,0.0,28.4,Evora
2026-02-14 01:00:00,7.2,82,0.0,28.5,Evora
2026-02-14 02:00:00,7.3,77,0.0,29.7,Evora
2026-02-14 03:00:00,7.4,71,0.0,29.2,Evora
2026-02-14 04:00:00,7.4,66,0.0,29.9,Evora
2026-02-14 05:00:00,7.4,69,0.0,29.2,Evora
2026-02-14 06:00:00,6.8,73,0.0,27.2,Evora
2026-02-14 07:00:00,6.7,72,0.0,23.7,Evora
2026-02-14 08:00:00,6.9,72,0.0,21.7,Evora
2026-02-14 09:00:00,8.3,67,0.0,25.3,Evora
2026-02-14 10:00:00,9.7,63,0.0,23.9,Evora
2026-02-14 11:00:00,11.0,56,0.0,27.2,Evora
2026-02-14 12:00:00,11.9,49,0.0,29.3,Evora
2026-02-14 13:00:00,12.5,49,0.0,29.8,Evora
2026-02-14 14:00:00,12.4,51,0.0,27.4,Evora
2026-02-14 15:00:00,12.3,51,0.0,26.9,Evora
2026-02-14 16:00:00,12.1,53,0.0,24.9,Evora
2026-02-14 17:00:00,11.7,55,0.0,20.9,Evora
2026-02-14 18:00:00,10.5,61,0.0,17.0,Evora
2026-02-14 19:00:00,9.7,69,0.0,17.0,Evora
2026-02-14 20:00:00,9.0,74,0.0,15.7,Evora
2026-02-14 21:00:00,8.5,78,0.0,14.4,Evora
2026-02-14 22:00:00,7.9,82,0.0,13.5,Evora
2026-02-14 23:00:00,7.6,85,0.0,13.0,Evora
2026-02-15 00:00:00,7.7,93,0.0,14.9,Evora
2026-02-15 01:00:00,7.7,94,0.0,14.7,Evora
2026-02-15 02:00:00,7.3,95,0.0,11.9,Evora
2026-02-15 03:00:00,7.0,96,0.0,10.3,Evora
2026-02-15 04:00:00,6.7,96,0.0,10.6,Evora
2026-02-15 05:00:00,6.7,95,0.0,10.6,Evora
2026-02-15 06:00:00,6.8,94,0.0,8.7,Evora
2026-02-15 07:00:00,6.4,95,0.0,7.5,Evora
2026-02-15 08:00:00,6.9,95,0.0,10.3,Evora
2026-02-15 09:00:00,9.8,86,0.0,15.0,Evora
2026-02-15 10:00:00,11.8,73,0.0,20.5,Evora
2026-02-15 11:00:00,12.7,70,0.1,19.2,Evora
2026-02-15 12:00:00,12.7,72,0.0,19.3,Evora
2026-02-15 13:00:00,13.6,68,0.1,18.2,Evora
2026-02-15 14:00:00,13.5,72,0.1,17.5,Evora
2026-02-15 15:00:00,13.7,71,0.0,18.4,Evora
2026-02-15 16:00:00,14.0,69,0.0,18.9,Evora
2026-02-15 17:00:00,13.4,72,0.0,15.9,Evora
2026-02-15 18:00:00,12.4,75,0.0,12.9,Evora
2026-02-15 19:00:00,11.6,76,0.0,12.4,Evora
2026-02-15 20:00:00,10.3,83,0.0,10.8,Evora
2026-02-15 21:00:00,9.0,90,0.0,11.8,Evora
2026-02-15 22:00:00,8.6,94,0.0,12.8,Evora
2026-02-15 23:00:00,8.7,98,0.0,14.4,Evora
2026-02-16 00:00:00,9.1,98,0.0,13.2,Evora
2026-02-16 01:00:00,9.7,96,0.0,13.6,Evora
2026-02-16 02:00:00,10.5,92,0.0,15.4,Evora
2026-02-16 03:00:00,10.5,93,0.0,14.3,Evora
2026-02-16 04:00:00,10.4,97,0.0,12.7,Evora
2026-02-16 05:00:00,10.5,97,0.0,12.8,Evora
2026-02-16 06:00:00,10.3,96,0.0,11.5,Evora
2026-02-16 07:00:00,10.1,97,0.0,11.5,Evora
2026-02-16 08:00:00,9.8,97,0.0,9.9,Evora
2026-02-16 09:00:00,11.5,87,0.0,14.6,Evora
2026-02-16 10:00:00,12.7,82,0.0,19.1,Evora
2026-02-16 11:00:00,13.9,74,0.0,18.7,Evora
2026-02-16 12:00:00,14.2,74,0.0,16.9,Evora
2026-02-16 13:00:00,14.7,73,0.0,15.4,Evora
2026-02-16 14:00:00,15.4,72,0.0,14.9,Evora
2026-02-16 15:00:00,15.7,71,0.0,14.6,Evora
2026-02-16 16:00:00,15.7,70,0.0,15.2,Evora
2026-02-16 17:00:00,15.4,73,0.0,12.2,Evora
2026-02-16 18:00:00,14.2,77,0.0,10.0,Evora
2026-02-16 19:00:00,13.7,80,0.0,10.0,Evora
2026-02-16 20:00:00,13.1,83,0.0,10.1,Evora
2026-02-16 21:00:00,12.5,86,0.0,9.9,Evora
2026-02-16 22:00:00,12.2,87,0.0,9.5,Evora
2026-02-16 23:00:00,11.4,91,0.0,9.2,Evora
2026-02-17 00:00:00,11.1,95,0.0,8.3,Evora
2026-02-17 01:00:00,11.2,95,0.0,8.7,Evora
2026-02-17 02:00:00,11.3,95,0.0,8.6,Evora
2026-02-17 03:00:00,11.3,96,0.0,7.6,Evora
2026-02-17 04:00:00,11.4,95,0.0,6.8,Evora
2026-02-17 05:00:00,11.0,97,0.0,5.3,Evora
2026-02-17 06:00:00,10.8,99,0.0,5.2,Evora
2026-02-17 07:00:00,10.6,100,0.0,5.7,Evora
2026-02-17 08:00:00,10.6,99,0.0,6.9,Evora
2026-02-17 09:00:00,11.2,95,0.0,6.1,Evora
2026-02-17 10:00:00,12.4,86,0.0,5.9,Evora
2026-02-17 11:00:00,13.7,78,0.0,6.0,Evora
2026-02-17 12:00:00,14.0,75,0.0,5.6,Evora
2026-02-17 13:00:00,15.1,69,0.0,4.1,Evora
2026-02-17 14:00:00,15.7,65,0.0,4.0,Evora
2026-02-17 15:00:00,15.9,66,0.0,4.7,Evora
2026-02-17 16:00:00,16.1,65,0.0,5.3,Evora
2026-02-17 17:00:00,15.5,70,0.0,5.3,Evora
2026-02-17 18:00:00,12.7,84,0.0,4.8,Evora
2026-02-17 19:00:00,10.7,91,0.0,5.7,Evora
2026-02-17 20:00:00,10.3,92,0.0,9.1,Evora
2026-02-17 21:00:00,9.6,93,0.0,9.7,Evora
2026-02-17 22:00:00,8.8,96,0.0,9.7,Evora
2026-02-17 23:00:00,8.2,97,0.0,8.9,Evora
2026-02-18 00:00:00,9.3,99,0.0,6.5,Evora
2026-02-18 01:00:00,9.4,98,0.0,6.3,Evora
2026-02-18 02:00:00,8.7,100,0.0,7.5,Evora
2026-02-18 03:00:00,8.9,98,0.0,6.1,Evora
2026-02-18 04:00:00,9.2,98,0.0,4.3,Evora
2026-02-18 05:00:00,9.3,97,0.0,4.1,Evora
2026-02-18 06:00:00,9.9,97,0.1,4.4,Evora
2026-02-18 07:00:00,10.1,96,0.4,9.9,Evora
2026-02-18 08:00:00,9.5,97,0.1,10.8,Evora
2026-02-18 09:00:00,10.3,92,0.0,11.6,Evora
2026-02-18 10:00:00,11.8,82,0.0,16.9,Evora
2026-02-18 11:00:00,13.2,76,0.0,18.7,Evora
2026-02-18 12:00:00,13.1,75,0.0,21.0,Evora
2026-02-18 13:00:00,13.0,79,0.0,18.4,Evora
2026-02-18 14:00:00,13.4,83,0.5,21.6,Evora
2026-02-18 15:00:00,13.3,85,0.2,25.4,Evora
2026-02-18 16:00:00,13.3,87,0.2,24.2,Evora
2026-02-18 17:00:00,13.0,89,0.2,20.6,Evora
2026-02-18 18:00:00,12.9,96,0.7,20.9,Evora
2026-02-18 19:00:00,11.9,93,0.1,17.6,Evora
2026-02-18 20:00:00,10.7,94,0.0,16.7,Evora
2026-02-18 21:00:00,10.1,94,0.0,15.5,Evora
2026-02-18 22:00:00,9.4,94,0.0,14.5,Evora
2026-02-18 23:00:00,8.9,93,0.0,14.5,Evora
2026-02-19 00:00:00,8.5,94,0.0,13.7,Evora
2026-02-19 01:00:00,8.4,94,0.0,13.6,Evora
2026-02-19 02:00:00,8.1,94,0.0,14.2,Evora
2026-02-19 03:00:00,8.0,93,0.0,14.6,Evora
2026-02-19 04:00:00,8.0,92,0.0,14.1,Evora
2026-02-19 05:00:00,7.7,91,0.0,12.5,Evora
2026-02-19 06:00:00,7.8,91,0.0,10.8,Evora
2026-02-19 07:00:00,7.8,89,0.0,10.0,Evora
2026-02-19 08:00:00,7.4,91,0.0,8.4,Evora
2026-02-19 09:00:00,9.2,78,0.0,14.1,Evora
2026-02-19 10:00:00,10.2,67,0.0,17.0,Evora
2026-02-19 11:00:00,11.0,61,0.0,17.7,Evora
2026-02-19 12:00:00,11.3,60,0.0,17.4,Evora
2026-02-19 13:00:00,11.7,58,0.0,16.8,Evora
2026-02-19 14:00:00,12.1,57,0.0,16.4,Evora
2026-02-19 15:00:00,12.5,55,0.0,16.8,Evora
2026-02-19 16:00:00,12.2,57,0.0,15.6,Evora
2026-02-19 17:00:00,11.8,59,0.0,12.2,Evora
2026-02-19 18:00:00,10.4,67,0.0,8.1,Evora
2026-02-19 19:00:00,9.0,71,0.0,10.4,Evora
2026-02-19 20:00:00,8.3,71,0.0,11.0,Evora
2026-02-19 21:00:00,7.7,74,0.0,11.4,Evora
2026-02-19 22:00:00,7.2,77,0.0,12.5,Evora
2026-02-19 23:00:00,6.8,79,0.0,13.3,Evora
2026-02-20 00:00:00,6.6,86,0.0,11.9,Evora
2026-02-20 01:00:00,6.3,88,0.0,11.0,Evora
2026-02-20 02:00:00,5.7,91,0.0,10.7,Evora
2026-02-20 03:00:00,5.3,93,0.0,10.8,Evora
2026-02-20 04:00:00,5.0,94,0.0,10.8,Evora
2026-02-20 05:00:00,4.8,94,0.0,10.5,Evora
2026-02-20 06:00:00,5.0,95,0.0,8.4,Evora
2026-02-20 07:00:00,4.6,95,0.0,7.3,Evora
2026-02-20 08:00:00,5.2,95,0.0,8.6,Evora
2026-02-20 09:00:00,8.1,85,0.0,5.9,Evora
2026-02-20 10:00:00,10.6,76,0.0,5.6,Evora
2026-02-20 11:00:00,12.5,66,0.0,6.8,Evora
2026-02-20 12:00:00,13.9,59,0.0,7.3,Evora
2026-02-20 13:00:00,14.8,55,0.0,7.3,Evora
2026-02-20 14:00:00,15.4,54,0.0,7.6,Evora
2026-02-20 15:00:00,15.6,54,0.0,9.4,Evora
2026-02-20 16:00:00,15.4,54,0.0,9.5,Evora
2026-02-20 17:00:00,14.6,62,0.0,8.9,Evora
2026-02-20 18:00:00,12.5,71,0.0,8.2,Evora
2026-02-20 19:00:00,11.0,75,0.0,8.7,Evora
2026-02-20 20:00:00,10.3,75,0.0,8.7,Evora
2026-02-20 21:00:00,9.9,75,0.0,8.5,Evora
2026-02-20 22:00:00,9.2,78,0.0,8.9,Evora
2026-02-20 23:00:00,8.6,80,0.0,10.1,Evora
2026-02-21 00:00:00,8.1,83,0.0,10.2,Evora
2026-02-21 01:00:00,7.8,84,0.0,9.2,Evora
2026-02-21 02:00:00,7.7,81,0.0,8.6,Evora
2026-02-21 03:00:00,7.8,75,0.0,9.1,Evora
2026-02-21 04:00:00,7.6,73,0.0,8.8,Evora
2026-02-21 05:00:00,7.4,75,0.0,9.1,Evora
2026-02-21 06:00:00,7.1,79,0.0,9.0,Evora
2026-02-21 07:00:00,6.8,81,0.0,8.5,Evora
2026-02-21 08:00:00,7.5,80,0.0,9.6,Evora
2026-02-21 09:00:00,9.9,78,0.0,10.3,Evora
2026-02-21 10:00:00,12.6,72,0.0,8.7,Evora
2026-02-21 11:00:00,15.0,68,0.0,8.8,Evora
2026-02-21 12:00:00,16.8,61,0.0,9.7,Evora
2026-02-21 13:00:00,18.0,55,0.0,8.8,Evora
2026-02-21 14:00:00,18.7,53,0.0,6.8,Evora
2026-02-21 15:00:00,19.0,52,0.0,5.8,Evora
2026-02-21 16:00:00,18.9,54,0.0,5.9,Evora
2026-02-21 17:00:00,17.9,67,0.0,4.5,Evora
2026-02-21 18:00:00,15.3,74,0.0,5.9,Evora
2026-02-21 19:00:00,13.2,80,0.0,7.4,Evora
2026-02-21 20:00:00,12.2,78,0.0,7.5,Evora
2026-02-21 21:00:00,11.3,75,0.0,7.7,Evora
2026-02-21 22:00:00,10.7,70,0.0,7.5,Evora
2026-02-21 23:00:00,10.4,68,0.0,7.5,Evora
2026-02-22 00:00:00,10.0,74,0.0,7.3,Evora
2026-02-22 01:00:00,9.7,78,0.0,7.1,Evora
2026-02-22 02:00:00,9.3,81,0.0,7.3,Evora
2026-02-22 03:00:00,8.7,85,0.0,7.1,Evora
2026-02-22 04:00:00,8.1,87,0.0,6.7,Evora
2026-02-22 05:00:00,7.6,88,0.0,6.4,Evora
2026-02-22 06:00:00,7.6,88,0.0,6.2,Evora
2026-02-22 07:00:00,7.1,86,0.0,5.5,Evora
2026-02-22 08:00:00,8.1,82,0.0,6.0,Evora
2026-02-22 09:00:00,10.5,74,0.0,7.1,Evora
2026-02-22 10:00:00,13.1,71,0.0,4.7,Evora
2026-02-22 11:00:00,15.7,64,0.0,5.2,Evora
2026-02-22 12:00:00,18.2,56,0.0,4.8,Evora
2026-02-22 13:00:00,19.6,51,0.0,4.0,Evora
2026-02-22 14:00:00,20.4,46,0.0,4.0,Evora
2026-02-22 15:00:00,20.6,45,0.0,3.4,Evora
2026-02-22 16:00:00,20.5,47,0.0,2.8,Evora
2026-02-22 17:00:00,19.6,61,0.0,1.7,Evora
2026-02-22 18:00:00,17.2,65,0.0,0.4,Evora
2026-02-22 19:00:00,14.6,76,0.0,3.5,Evora
2026-02-22 20:00:00,13.2,84,0.0,5.8,Evora
2026-02-22 21:00:00,12.5,81,0.0,4.8,Evora
2026-02-22 22:00:00,12.1,76,0.0,3.7,Evora
2026-02-22 23:00:00,11.9,69,0.0,3.5,Evora
2026-02-23 00:00:00,11.2,71,0.0,5.9,Evora
2026-02-23 01:00:00,10.5,75,0.0,6.7,Evora
2026-02-23 02:00:00,10.0,78,0.0,6.0,Evora
2026-02-23 03:00:00,9.5,80,0.0,4.7,Evora
2026-02-23 04:00:00,8.9,83,0.0,5.3,Evora
2026-02-23 05:00:00,8.0,87,0.0,6.1,Evora
2026-02-23 06:00:00,7.9,91,0.0,6.3,Evora
2026-02-23 07:00:00,7.3,92,0.0,6.1,Evora
2026-02-23 08:00:00,8.3,92,0.0,8.3,Evora
2026-02-23 09:00:00,11.0,86,0.0,7.9,Evora
2026-02-23 10:00:00,13.8,81,0.0,4.6,Evora
2026-02-23 11:00:00,16.6,71,0.0,5.8,Evora
2026-02-23 12:00:00,18.7,63,0.0,7.3,Evora
2026-02-23 13:00:00,19.8,60,0.0,7.8,Evora
2026-02-23 14:00:00,20.5,56,0.0,7.7,Evora
2026-02-23 15:00:00,20.7,53,0.0,7.8,Evora
2026-02-23 16:00:00,20.4,54,0.0,7.8,Evora
2026-02-23 17:00:00,19.3,66,0.0,6.4,Evora
2026-02-23 18:00:00,16.9,73,0.0,6.7,Evora
2026-02-23 19:00:00,14.8,78,0.0,7.4,Evora
2026-02-23 20:00:00,14.0,76,0.0,8.6,Evora
2026-02-23 21:00:00,12.8,79,0.0,8.2,Evora
2026-02-23 22:00:00,11.8,81,0.0,7.2,Evora
2026-02-23 23:00:00,10.4,86,0.0,6.1,Evora
2026-02-24 00:00:00,9.9,87,0.0,6.0,Evora
2026-02-24 01:00:00,9.4,88,0.0,6.3,Evora
2026-02-24 02:00:00,8.7,89,0.0,6.1,Evora
2026-02-24 03:00:00,8.1,91,0.0,6.5,Evora
2026-02-24 04:00:00,7.9,91,0.0,6.4,Evora
2026-02-24 05:00:00,7.6,93,0.0,6.4,Evora
2026-02-24 06:00:00,7.7,94,0.0,6.6,Evora
2026-02-24 07:00:00,7.5,95,0.0,6.2,Evora
2026-02-24 08:00:00,9.1,94,0.0,6.6,Evora
2026-02-24 09:00:00,11.7,89,0.0,9.5,Evora
2026-02-24 10:00:00,14.0,79,0.0,9.9,Evora
2026-02-24 11:00:00,16.1,73,0.0,13.0,Evora
2026-02-24 12:00:00,17.9,64,0.0,15.4,Evora
2026-02-24 13:00:00,19.2,58,0.0,16.1,Evora
2026-02-24 14:00:00,19.9,58,0.0,16.3,Evora
2026-02-24 15:00:00,20.0,60,0.0,17.2,Evora
2026-02-24 16:00:00,19.6,64,0.0,15.7,Evora
2026-02-24 17:00:00,18.6,71,0.0,14.2,Evora
2026-02-24 18:00:00,16.8,73,0.0,14.1,Evora
2026-02-24 19:00:00,15.1,75,0.0,13.3,Evora
2026-02-24 20:00:00,13.4,78,0.0,12.0,Evora
2026-02-24 21:00:00,12.2,81,0.0,9.9,Evora
2026-02-24 22:00:00,11.3,83,0.0,9.3,Evora
2026-02-24 23:00:00,10.9,83,0.0,9.1,Evora
2026-02-25 00:00:00,10.8,81,0.0,7.5,Evora
2026-02-25 01:00:00,11.1,80,0.0,6.8,Evora
2026-02-25 02:00:00,10.6,82,0.0,6.0,Evora
2026-02-25 03:00:00,10.2,85,0.0,5.4,Evora
2026-02-25 04:00:00,9.9,87,0.0,4.6,Evora
2026-02-25 05:00:00,9.6,87,0.0,4.5,Evora
2026-02-25 06:00:00,10.0,87,0.0,5.9,Evora
2026-02-25 07:00:00,9.9,89,0.0,5.5,Evora
2026-02-25 08:00:00,10.8,88,0.0,7.3,Evora
2026-02-25 09:00:00,12.5,86,0.0,2.5,Evora
2026-02-25 10:00:00,14.6,81,0.0,4.5,Evora
2026-02-25 11:00:00,16.0,76,0.0,5.2,Evora
2026-02-25 12:00:00,16.9,71,0.0,2.4,Evora
2026-02-25 13:00:00,18.0,64,0.0,0.6,Evora
2026-02-25 14:00:00,18.5,60,0.0,1.3,Evora
2026-02-25 15:00:00,18.6,58,0.0,1.7,Evora
2026-02-25 16:00:00,18.6,58,0.0,3.5,Evora
2026-02-25 17:00:00,18.2,63,0.0,3.1,Evora
2026-02-25 18:00:00,16.5,73,0.1,3.4,Evora
2026-02-25 19:00:00,15.0,75,0.0,4.8,Evora
2026-02-25 20:00:00,13.3,80,0.0,5.1,Evora
2026-02-25 21:00:00,12.2,86,0.0,5.5,Evora
2026-02-25 22:00:00,11.5,88,0.0,5.2,Evora
2026-02-25 23:00:00,11.1,85,0.0,2.9,Evora
2026-02-26 00:00:00,10.7,94,0.0,5.4,Evora
2026-02-26 01:00:00,10.3,94,0.0,4.9,Evora
2026-02-26 02:00:00,9.5,95,0.0,3.4,Evora
2026-02-26 03:00:00,9.2,95,0.0,3.9,Evora
2026-02-26 04:00:00,9.3,94,0.0,5.0,Evora
2026-02-26 05:00:00,9.4,93,0.0,5.1,Evora
2026-02-26 06:00:00,9.3,94,0.0,4.8,Evora
2026-02-26 07:00:00,8.9,94,0.0,4.8,Evora
2026-02-26 08:00:00,10.8,91,0.0,8.6,Evora
2026-02-26 09:00:00,13.8,85,0.0,7.5,Evora
2026-02-26 10:00:00,16.2,78,0.0,6.0,Evora
2026-02-26 11:00:00,18.1,68,0.0,5.5,Evora
2026-02-26 12:00:00,19.8,60,0.0,6.7,Evora
2026-02-26 13:00:00,20.7,57,0.0,6.0,Evora
2026-02-26 14:00:00,21.3,54,0.0,5.2,Evora
2026-02-26 15:00:00,21.5,54,0.0,3.6,Evora
2026-02-26 16:00:00,21.4,55,0.0,3.5,Evora
2026-02-26 17:00:00,20.4,65,0.0,5.1,Evora
2026-02-26 18:00:00,17.7,73,0.0,6.8,Evora
2026-02-26 19:00:00,16.1,71,0.0,10.8,Evora
2026-02-26 20:00:00,15.1,66,0.0,7.9,Evora
2026-02-26 21:00:00,14.1,71,0.0,8.5,Evora
2026-02-26 22:00:00,13.4,78,0.0,10.5,Evora
2026-02-26 23:00:00,12.8,82,0.0,10.9,Evora
2026-02-27 00:00:00,12.3,86,0.0,11.3,Evora
2026-02-27 01:00:00,12.4,86,0.0,8.3,Evora
2026-02-27 02:00:00,11.5,89,0.0,7.1,Evora
2026-02-27 03:00:00,11.2,90,0.0,7.1,Evora
2026-02-27 04:00:00,11.0,92,0.0,11.7,Evora
2026-02-27 05:00:00,10.5,92,0.0,10.5,Evora
2026-02-27 06:00:00,9.9,89,0.0,8.1,Evora
2026-02-27 07:00:00,9.8,82,0.0,11.1,Evora
2026-02-27 08:00:00,10.2,78,0.0,12.5,Evora
2026-02-27 09:00:00,11.9,71,0.0,11.8,Evora
2026-02-27 10:00:00,13.1,70,0.0,11.9,Evora
2026-02-27 11:00:00,13.9,66,0.0,10.5,Evora
2026-02-27 12:00:00,14.7,68,0.0,7.8,Evora
2026-02-27 13:00:00,14.9,69,0.0,15.7,Evora
2026-02-27 14:00:00,14.5,76,0.0,14.5,Evora
2026-02-27 15:00:00,14.0,80,0.0,16.2,Evora
2026-02-27 16:00:00,14.4,79,0.0,18.8,Evora
2026-02-27 17:00:00,14.2,80,0.0,17.8,Evora
2026-02-27 18:00:00,14.1,82,0.0,13.8,Evora
2026-02-27 19:00:00,13.2,85,0.0,15.0,Evora
2026-02-27 20:00:00,11.6,89,0.0,15.8,Evora
2026-02-27 21:00:00,10.6,90,0.0,19.6,Evora
2026-02-27 22:00:00,9.2,88,0.0,19.6,Evora
2026-02-27 23:00:00,8.1,88,0.0,20.6,Evora
2026-02-28 00:00:00,7.6,89,0.0,22.3,Evora
2026-02-28 01:00:00,7.4,89,0.0,22.0,Evora
2026-02-28 02:00:00,7.0,90,0.0,21.1,Evora
2026-02-28 03:00:00,6.6,90,0.0,21.0,Evora
2026-02-28 04:00:00,6.2,89,0.0,19.0,Evora
2026-02-28 05:00:00,5.8,91,0.0,16.3,Evora
2026-02-28 06:00:00,5.6,91,0.0,15.2,Evora
2026-02-28 07:00:00,5.3,92,0.0,14.6,Evora
2026-02-28 08:00:00,6.2,89,0.0,15.3,Evora
2026-02-28 09:00:00,8.1,85,0.0,13.0,Evora
2026-02-28 10:00:00,10.4,76,0.0,14.2,Evora
2026-02-28 11:00:00,12.1,66,0.0,15.9,Evora
2026-02-28 12:00:00,13.6,62,0.0,15.5,Evora
2026-02-28 13:00:00,14.7,58,0.0,13.0,Evora
2026-02-28 14:00:00,15.5,54,0.0,13.0,Evora
2026-02-28 15:00:00,15.6,51,0.0,14.6,Evora
2026-02-28 16:00:00,15.3,51,0.0,14.4,Evora
2026-02-28 17:00:00,14.5,59,0.0,11.8,Evora
2026-02-28 18:00:00,12.9,65,0.0,9.5,Evora
2026-02-28 19:00:00,11.4,67,0.0,12.8,Evora
2026-02-28 20:00:00,10.9,71,0.0,15.1,Evora
2026-02-28 21:00:00,10.1,75,0.0,15.2,Evora
2026-02-28 22:00:00,9.2,80,0.0,14.0,Evora
2026-02-28 23:00:00,8.7,82,0.0,12.3,Evora
2026-03-01 00:00:00,8.2,86,0.0,10.7,Evora
2026-03-01 01:00:00,8.2,85,0.0,11.6,Evora
2026-03-01 02:00:00,7.6,88,0.0,9.2,Evora
2026-03-01 03:00:00,7.0,90,0.0,7.9,Evora
2026-03-01 04:00:00,6.6,89,0.0,6.4,Evora
2026-03-01 05:00:00,6.3,88,0.0,5.2,Evora
2026-03-01 06:00:00,6.4,86,0.0,4.5,Evora
2026-03-01 07:00:00,6.0,85,0.0,5.1,Evora
2026-03-01 08:00:00,7.4,84,0.0,7.7,Evora
2026-03-01 09:00:00,9.4,83,0.0,8.1,Evora
2026-03-01 10:00:00,11.8,80,0.0,6.4,Evora
2026-03-01 11:00:00,14.3,78,0.0,5.1,Evora
2026-03-01 12:00:00,16.0,74,0.0,6.2,Evora
2026-03-01 13:00:00,17.2,67,0.0,8.6,Evora
2026-03-01 14:00:00,17.7,61,0.0,9.5,Evora
2026-03-01 15:00:00,17.9,58,0.0,9.9,Evora
2026-03-01 16:00:00,17.6,56,0.0,9.2,Evora
2026-03-01 17:00:00,17.0,62,0.0,6.2,Evora
2026-03-01 18:00:00,14.9,77,0.0,5.0,Evora
2026-03-01 19:00:00,12.6,82,0.0,5.8,Evora
2026-03-01 20:00:00,12.0,82,0.0,8.4,Evora
2026-03-01 21:00:00,10.8,85,0.0,9.3,Evora
2026-03-01 22:00:00,10.1,88,0.0,5.6,Evora
2026-03-01 23:00:00,9.5,90,0.0,1.0,Evora
2026-03-02 00:00:00,10.0,89,0.0,2.3,Evora
2026-03-02 01:00:00,9.0,88,0.0,2.1,Evora
2026-03-02 02:00:00,8.1,88,0.0,1.8,Evora
2026-03-02 03:00:00,7.4,91,0.0,4.0,Evora
2026-03-02 04:00:00,6.6,92,0.0,2.3,Evora
2026-03-02 05:00:00,6.2,95,0.0,3.3,Evora
2026-03-02 06:00:00,6.6,97,0.0,4.4,Evora
2026-03-02 07:00:00,7.1,100,0.0,6.8,Evora
2026-03-02 08:00:00,7.5,100,0.0,7.3,Evora
2026-03-02 09:00:00,8.9,98,0.0,7.6,Evora
2026-03-02 10:00:00,11.5,89,0.0,9.2,Evora
2026-03-02 11:00:00,13.7,81,0.0,11.4,Evora
2026-03-02 12:00:00,15.0,70,0.0,17.0,Evora
2026-03-02 13:00:00,15.0,70,0.5,22.0,Evora
2026-03-02 14:00:00,15.8,66,0.1,17.9,Evora
2026-03-02 15:00:00,14.1,79,0.4,17.0,Evora
2026-03-02 16:00:00,15.4,74,0.1,17.9,Evora
2026-03-02 17:00:00,14.2,78,0.7,14.0,Evora
2026-03-02 18:00:00,13.5,84,0.4,10.8,Evora
2026-03-02 19:00:00,12.6,89,1.6,13.9,Evora
2026-03-02 20:00:00,11.5,95,2.7,7.9,Evora
2026-03-02 21:00:00,10.6,95,0.7,12.3,Evora
2026-03-02 22:00:00,10.5,97,0.3,14.7,Evora
2026-03-02 23:00:00,10.5,97,0.0,12.0,Evora
2026-03-03 00:00:00,11.5,93,0.0,9.9,Evora
2026-03-03 01:00:00,11.4,94,0.1,13.1,Evora
2026-03-03 02:00:00,10.7,97,0.0,10.9,Evora
2026-03-03 03:00:00,10.8,97,0.0,14.5,Evora
2026-03-03 04:00:00,10.4,97,0.0,15.2,Evora
2026-03-03 05:00:00,9.9,96,0.0,14.6,Evora
2026-03-03 06:00:00,10.3,95,0.0,14.2,Evora
2026-03-03 07:00:00,10.1,94,0.0,14.5,Evora
2026-03-03 08:00:00,10.4,92,0.0,17.6,Evora
2026-03-03 09:00:00,12.3,88,0.0,15.4,Evora
2026-03-03 10:00:00,13.8,82,0.0,16.5,Evora
2026-03-03 11:00:00,15.3,73,0.0,17.8,Evora
2026-03-03 12:00:00,16.5,65,0.0,18.3,Evora
2026-03-03 13:00:00,17.6,61,0.0,19.6,Evora
2026-03-03 14:00:00,18.1,59,0.0,20.3,Evora
2026-03-03 15:00:00,18.4,57,0.0,19.3,Evora
2026-03-03 16:00:00,18.0,57,0.0,18.4,Evora
2026-03-03 17:00:00,17.5,63,0.0,12.8,Evora
2026-03-03 18:00:00,16.4,67,0.0,12.2,Evora
2026-03-03 19:00:00,14.7,68,0.0,16.7,Evora
2026-03-03 20:00:00,13.7,70,0.0,14.7,Evora
2026-03-03 21:00:00,13.1,71,0.0,13.8,Evora
2026-03-03 22:00:00,12.2,74,0.0,13.9,Evora
2026-03-03 23:00:00,11.7,75,0.0,14.8,Evora
2026-03-04 00:00:00,11.8,75,0.0,15.7,Evora
2026-03-04 01:00:00,11.7,75,0.0,13.5,Evora
2026-03-04 02:00:00,11.4,77,0.0,13.0,Evora
2026-03-04 03:00:00,11.0,79,0.0,13.1,Evora
2026-03-04 04:00:00,10.4,82,0.0,12.4,Evora
2026-03-04 05:00:00,10.0,83,0.0,14.2,Evora
2026-03-04 06:00:00,10.5,82,0.0,16.2,Evora
2026-03-04 07:00:00,10.6,81,0.0,17.2,Evora
2026-03-04 08:00:00,11.3,80,0.0,16.9,Evora
2026-03-04 09:00:00,12.9,76,0.0,14.6,Evora
2026-03-04 10:00:00,14.2,72,0.0,16.1,Evora
2026-03-04 11:00:00,15.6,68,0.0,14.2,Evora
2026-03-04 12:00:00,15.9,65,0.0,12.2,Evora
2026-03-04 13:00:00,16.7,61,0.0,9.7,Evora
2026-03-04 14:00:00,17.2,59,0.0,9.0,Evora
2026-03-04 15:00:00,17.4,58,0.0,8.9,Evora
2026-03-04 16:00:00,17.2,60,0.0,6.6,Evora
2026-03-04 17:00:00,16.9,62,0.0,2.1,Evora
2026-03-04 18:00:00,15.3,78,0.0,2.6,Evora
2026-03-04 19:00:00,12.9,83,0.0,6.2,Evora
2026-03-04 20:00:00,12.2,86,0.0,7.8,Evora
2026-03-04 21:00:00,11.5,89,0.0,6.8,Evora
2026-03-04 22:00:00,11.6,87,0.0,5.7,Evora
2026-03-04 23:00:00,10.5,90,0.0,4.8,Evora
2026-03-05 00:00:00,10.6,94,0.0,8.6,Evora
2026-03-05 01:00:00,10.3,94,0.0,4.3,Evora
2026-03-05 02:00:00,9.4,93,0.0,3.5,Evora
2026-03-05 03:00:00,8.5,94,0.0,3.8,Evora
2026-03-05 04:00:00,7.4,97,0.0,5.3,Evora
2026-03-05 05:00:00,8.2,99,0.0,7.4,Evora
2026-03-05 06:00:00,8.8,100,0.0,7.0,Evora
2026-03-05 07:00:00,8.9,100,0.0,7.6,Evora
2026-03-05 08:00:00,9.5,99,0.0,7.8,Evora
2026-03-05 09:00:00,10.3,95,0.0,10.3,Evora
2026-03-05 10:00:00,11.8,89,0.0,9.8,Evora
2026-03-05 11:00:00,13.0,85,0.0,6.3,Evora
2026-03-05 12:00:00,13.0,85,0.0,14.3,Evora
2026-03-05 13:00:00,13.6,78,0.1,14.8,Evora
2026-03-05 14:00:00,14.0,73,0.0,16.0,Evora
2026-03-05 15:00:00,14.6,67,0.0,17.8,Evora
2026-03-05 16:00:00,14.7,65,0.0,17.7,Evora
2026-03-05 17:00:00,13.4,69,0.0,19.0,Evora
2026-03-05 18:00:00,11.0,87,0.4,23.6,Evora
2026-03-05 19:00:00,9.5,87,0.5,28.5,Evora
2026-03-05 20:00:00,8.5,81,0.0,28.2,Evora
2026-03-05 21:00:00,7.9,81,0.0,28.9,Evora
2026-03-05 22:00:00,7.6,80,0.0,29.6,Evora
2026-03-05 23:00:00,7.3,79,0.0,30.2,Evora
2026-03-06 00:00:00,7.7,78,0.0,28.4,Evora
2026-03-06 01:00:00,7.0,80,0.1,29.3,Evora
2026-03-06 02:00:00,6.7,83,0.6,27.8,Evora
2026-03-06 03:00:00,6.6,85,1.9,30.1,Evora
2026-03-06 04:00:00,6.0,93,1.0,32.2,Evora
2026-03-06 05:00:00,6.2,91,0.3,29.3,Evora
2026-03-06 06:00:00,6.1,90,0.4,28.3,Evora
2026-03-06 07:00:00,6.3,90,0.0,26.2,Evora
2026-03-06 08:00:00,6.6,89,0.0,27.0,Evora
2026-03-06 09:00:00,7.2,86,0.0,30.0,Evora
2026-03-06 10:00:00,8.8,76,0.0,34.5,Evora
2026-03-06 11:00:00,9.7,73,0.1,30.4,Evora
2026-03-06 12:00:00,10.4,68,2.7,28.9,Evora
2026-03-06 13:00:00,11.3,65,0.0,27.4,Evora
2026-03-06 14:00:00,11.4,67,0.0,23.6,Evora
2026-03-06 15:00:00,11.1,70,0.0,20.4,Evora
2026-03-06 16:00:00,10.9,75,0.1,17.9,Evora
2026-03-06 17:00:00,11.1,73,0.0,21.6,Evora
2026-03-06 18:00:00,11.3,72,0.0,19.8,Evora
2026-03-06 19:00:00,11.5,68,0.0,19.7,Evora
2026-03-06 20:00:00,10.9,69,0.0,21.6,Evora
2026-03-06 21:00:00,10.2,70,0.0,19.6,Evora
2026-03-06 22:00:00,9.5,72,0.0,18.8,Evora
2026-03-06 23:00:00,9.1,74,0.0,18.5,Evora
2026-03-07 00:00:00,8.5,76,0.0,17.3,Evora
2026-03-07 01:00:00,9.0,73,0.0,17.2,Evora
2026-03-07 02:00:00,9.3,72,0.0,16.2,Evora
2026-03-07 03:00:00,8.6,75,0.0,15.1,Evora
2026-03-07 04:00:00,8.3,75,0.0,14.0,Evora
2026-03-07 05:00:00,7.8,76,0.0,13.9,Evora
2026-03-07 06:00:00,7.7,77,0.0,13.7,Evora
2026-03-07 07:00:00,7.5,78,0.0,12.1,Evora
2026-03-07 08:00:00,8.3,78,0.0,11.7,Evora
2026-03-07 09:00:00,10.2,76,0.0,9.6,Evora
2026-03-07 10:00:00,12.0,71,0.0,8.6,Evora
2026-03-07 11:00:00,13.5,67,0.0,4.7,Evora
2026-03-07 12:00:00,14.2,64,0.0,1.8,Evora
2026-03-07 13:00:00,15.3,61,0.0,0.9,Evora
2026-03-07 14:00:00,15.6,58,0.0,2.1,Evora
2026-03-07 15:00:00,15.9,56,0.0,3.5,Evora
2026-03-07 16:00:00,15.5,56,0.0,4.9,Evora
2026-03-07 17:00:00,15.1,60,0.0,6.1,Evora
2026-03-07 18:00:00,13.7,75,0.0,0.8,Evora
2026-03-07 19:00:00,11.9,77,0.0,0.6,Evora
2026-03-07 20:00:00,10.6,84,0.0,3.5,Evora
2026-03-07 21:00:00,10.3,86,0.0,12.2,Evora
2026-03-07 22:00:00,9.8,89,0.0,13.6,Evora
2026-03-07 23:00:00,9.1,93,0.0,11.3,Evora
2026-03-08 00:00:00,9.0,94,0.0,11.0,Evora
2026-03-08 01:00:00,8.9,93,0.0,11.5,Evora
2026-03-08 02:00:00,8.6,91,0.0,12.4,Evora
2026-03-08 03:00:00,8.0,91,0.0,11.9,Evora
2026-03-08 04:00:00,7.7,91,0.0,12.2,Evora
2026-03-08 05:00:00,7.3,92,0.0,11.7,Evora
2026-03-08 06:00:00,7.8,93,0.0,13.5,Evora
2026-03-08 07:00:00,7.7,95,0.0,11.9,Evora
2026-03-08 08:00:00,8.8,94,0.0,10.8,Evora
2026-03-08 09:00:00,10.8,90,0.0,7.9,Evora
2026-03-08 10:00:00,12.8,83,0.0,6.3,Evora
2026-03-08 11:00:00,14.4,74,0.0,4.9,Evora
2026-03-08 12:00:00,15.3,72,0.2,5.4,Evora
2026-03-08 13:00:00,15.8,65,0.0,8.3,Evora
2026-03-08 14:00:00,15.8,64,0.1,10.2,Evora
2026-03-08 15:00:00,15.7,62,0.1,10.4,Evora
2026-03-08 16:00:00,15.6,60,0.0,11.3,Evora
2026-03-08 17:00:00,15.1,62,0.0,10.4,Evora
2026-03-08 18:00:00,13.9,72,0.0,7.2,Evora
2026-03-08 19:00:00,12.3,77,0.0,11.6,Evora
2026-03-08 20:00:00,10.9,88,0.0,13.8,Evora
2026-03-08 21:00:00,10.1,92,0.0,13.8,Evora
2026-03-08 22:00:00,9.3,93,0.0,13.9,Evora
2026-03-08 23:00:00,8.7,95,0.0,13.4,Evora
2026-03-09 00:00:00,8.7,94,0.0,13.5,Evora
2026-03-09 01:00:00,8.2,96,0.0,13.0,Evora
2026-03-09 02:00:00,8.0,96,0.0,12.9,Evora
2026-03-09 03:00:00,7.8,96,0.0,11.3,Evora
2026-03-09 04:00:00,7.6,96,0.0,9.0,Evora
2026-03-09 05:00:00,7.5,95,0.0,7.2,Evora
2026-03-09 06:00:00,7.6,96,0.0,5.3,Evora
2026-03-09 07:00:00,7.7,94,0.0,7.3,Evora
2026-03-09 08:00:00,8.2,93,0.0,7.8,Evora
2026-03-09 09:00:00,10.1,84,0.0,8.6,Evora
2026-03-09 10:00:00,11.2,74,0.0,17.0,Evora
2026-03-09 11:00:00,10.0,88,0.5,17.5,Evora
2026-03-09 12:00:00,10.2,89,0.1,14.5,Evora
2026-03-09 13:00:00,9.9,84,0.5,17.7,Evora
2026-03-09 14:00:00,8.9,88,0.4,15.9,Evora
2026-03-09 15:00:00,9.0,83,0.1,18.0,Evora
2026-03-09 16:00:00,9.6,72,0.0,18.4,Evora
2026-03-09 17:00:00,9.8,65,0.0,18.2,Evora
2026-03-09 18:00:00,9.1,67,0.0,18.3,Evora
2026-03-09 19:00:00,7.6,74,0.0,17.7,Evora
2026-03-09 20:00:00,6.6,82,0.0,16.1,Evora
2026-03-09 21:00:00,6.1,87,0.0,15.0,Evora
2026-03-09 22:00:00,6.2,86,0.0,15.7,Evora
2026-03-09 23:00:00,5.7,91,0.0,14.8,Evora
2026-03-10 00:00:00,5.8,95,0.0,14.6,Evora
2026-03-10 01:00:00,5.7,95,0.0,13.8,Evora
2026-03-10 02:00:00,5.5,96,0.0,12.6,Evora
2026-03-10 03:00:00,5.2,96,0.0,13.8,Evora
2026-03-10 04:00:00,5.2,95,0.0,15.2,Evora
2026-03-10 05:00:00,5.2,94,0.0,15.3,Evora
2026-03-10 06:00:00,5.7,95,0.0,16.2,Evora
2026-03-10 07:00:00,6.0,92,0.0,15.1,Evora
2026-03-10 08:00:00,6.5,90,0.0,14.5,Evora
2026-03-10 09:00:00,8.0,84,0.0,13.4,Evora
2026-03-10 10:00:00,9.7,78,0.0,12.5,Evora
2026-03-10 11:00:00,11.3,63,0.1,20.4,Evora
2026-03-10 12:00:00,11.6,65,0.0,15.3,Evora
2026-03-10 13:00:00,11.9,64,0.0,17.8,Evora
2026-03-10 14:00:00,12.4,62,0.0,18.0,Evora
2026-03-10 15:00:00,13.1,59,0.0,17.1,Evora
2026-03-10 16:00:00,13.2,61,0.1,15.7,Evora
2026-03-10 17:00:00,13.1,64,0.0,13.4,Evora
2026-03-10 18:00:00,12.0,74,0.0,5.6,Evora
2026-03-10 19:00:00,9.8,81,0.0,4.5,Evora
2026-03-10 20:00:00,9.2,84,0.0,3.5,Evora
2026-03-10 21:00:00,8.6,86,0.0,6.2,Evora
2026-03-10 22:00:00,8.7,87,0.0,15.5,Evora
2026-03-10 23:00:00,8.2,91,0.0,12.4,Evora
2026-03-11 00:00:00,7.6,93,0.0,11.2,Evora
2026-03-11 01:00:00,7.3,93,0.0,11.3,Evora
2026-03-11 02:00:00,7.1,92,0.0,10.3,Evora
2026-03-11 03:00:00,6.7,92,0.0,9.5,Evora
2026-03-11 04:00:00,6.3,93,0.0,8.9,Evora
2026-03-11 05:00:00,6.2,94,0.0,9.0,Evora
2026-03-11 06:00:00,6.2,93,0.0,7.9,Evora
2026-03-11 07:00:00,5.9,91,0.0,6.5,Evora
2026-03-11 08:00:00,7.9,85,0.0,8.9,Evora
2026-03-11 09:00:00,10.6,79,0.0,7.6,Evora
2026-03-11 10:00:00,13.0,72,0.0,9.4,Evora
2026-03-11 11:00:00,14.6,64,0.0,10.6,Evora
2026-03-11 12:00:00,16.3,59,0.0,10.4,Evora
2026-03-11 13:00:00,17.1,57,0.0,9.7,Evora
2026-03-11 14:00:00,17.5,56,0.0,9.1,Evora
2026-03-11 15:00:00,17.8,54,0.0,9.6,Evora
2026-03-11 16:00:00,17.7,53,0.0,9.7,Evora
2026-03-11 17:00:00,17.1,61,0.0,6.3,Evora
2026-03-11 18:00:00,15.5,76,0.0,4.2,Evora
2026-03-11 19:00:00,13.5,74,0.0,1.9,Evora
2026-03-11 20:00:00,12.8,73,0.0,1.7,Evora
2026-03-11 21:00:00,12.1,74,0.0,3.4,Evora
2026-03-11 22:00:00,11.7,74,0.0,3.7,Evora
2026-03-11 23:00:00,10.4,79,0.0,4.7,Evora
2026-03-12 00:00:00,10.2,85,0.0,8.8,Evora
2026-03-12 01:00:00,9.9,88,0.0,9.2,Evora
2026-03-12 02:00:00,9.5,91,0.0,9.2,Evora
2026-03-12 03:00:00,9.1,93,0.0,9.0,Evora
2026-03-12 04:00:00,8.9,93,0.0,8.5,Evora
2026-03-12 05:00:00,8.6,93,0.0,6.7,Evora
2026-03-12 06:00:00,8.1,94,0.0,5.3,Evora
2026-03-12 07:00:00,7.7,95,0.0,4.9,Evora
2026-03-12 08:00:00,10.1,91,0.0,7.5,Evora
2026-03-12 09:00:00,13.1,85,0.0,5.2,Evora
2026-03-12 10:00:00,15.3,74,0.0,5.4,Evora
2026-03-12 11:00:00,17.1,65,0.0,7.1,Evora
2026-03-12 12:00:00,18.4,56,0.0,7.1,Evora
2026-03-12 13:00:00,19.0,53,0.0,5.4,Evora
2026-03-12 14:00:00,19.2,50,0.0,4.6,Evora
2026-03-12 15:00:00,19.2,48,0.0,4.3,Evora
2026-03-12 16:00:00,19.2,46,0.0,3.3,Evora
2026-03-12 17:00:00,18.7,53,0.0,1.5,Evora
2026-03-12 18:00:00,17.9,64,0.0,0.3,Evora
2026-03-12 19:00:00,15.4,70,0.0,4.8,Evora
2026-03-12 20:00:00,13.6,78,0.0,5.9,Evora
2026-03-12 21:00:00,13.4,78,0.0,17.9,Evora
2026-03-12 22:00:00,12.2,88,0.0,16.2,Evora
2026-03-12 23:00:00,11.4,91,0.0,14.6,Evora
2026-03-13 00:00:00,10.8,91,0.0,14.0,Evora
2026-03-13 01:00:00,10.3,90,0.0,12.0,Evora
2026-03-13 02:00:00,9.8,89,0.0,10.2,Evora
2026-03-13 03:00:00,9.1,91,0.0,9.1,Evora
2026-03-13 04:00:00,8.5,93,0.0,10.4,Evora
2026-03-13 05:00:00,7.9,96,0.0,10.7,Evora
2026-03-13 06:00:00,7.3,99,0.0,11.3,Evora
2026-03-13 07:00:00,7.0,99,0.0,12.5,Evora
2026-03-13 08:00:00,8.2,96,0.0,11.7,Evora
2026-03-13 09:00:00,10.1,89,0.0,10.2,Evora
2026-03-13 10:00:00,12.2,81,0.0,8.0,Evora
2026-03-13 11:00:00,14.3,72,0.0,7.6,Evora
2026-03-13 12:00:00,15.2,68,0.0,11.1,Evora
2026-03-13 13:00:00,16.2,63,0.0,9.4,Evora
2026-03-13 14:00:00,16.9,61,0.0,8.2,Evora
2026-03-13 15:00:00,17.1,60,0.0,13.4,Evora
2026-03-13 16:00:00,16.6,64,0.0,14.1,Evora
2026-03-13 17:00:00,16.4,62,0.0,14.3,Evora
2026-03-13 18:00:00,14.6,71,0.0,17.9,Evora
2026-03-13 19:00:00,12.7,80,0.0,16.7,Evora
2026-03-13 20:00:00,11.8,83,0.0,15.5,Evora
2026-03-13 21:00:00,11.1,89,0.0,14.0,Evora
2026-03-13 22:00:00,11.3,92,0.0,13.4,Evora
2026-03-13 23:00:00,10.7,96,0.0,12.4,Evora
2026-03-14 00:00:00,10.8,98,0.0,11.2,Evora
2026-03-14 01:00:00,11.4,97,0.0,11.1,Evora
2026-03-14 02:00:00,11.2,99,0.0,12.4,Evora
2026-03-14 03:00:00,11.6,95,0.1,19.0,Evora
2026-03-14 04:00:00,10.8,94,0.0,18.4,Evora
2026-03-14 05:00:00,10.1,95,0.0,17.3,Evora
2026-03-14 06:00:00,10.1,97,0.0,15.0,Evora
2026-03-14 07:00:00,10.5,93,0.0,17.6,Evora
2026-03-14 08:00:00,10.7,89,0.0,20.6,Evora
2026-03-14 09:00:00,11.3,83,0.0,21.9,Evora
2026-03-14 10:00:00,12.7,72,0.0,23.8,Evora
2026-03-14 11:00:00,13.2,70,0.1,23.9,Evora
2026-03-14 12:00:00,13.7,72,0.0,23.0,Evora
2026-03-14 13:00:00,14.4,70,0.0,22.2,Evora
2026-03-14 14:00:00,13.8,74,0.0,21.5,Evora
2026-03-14 15:00:00,13.3,77,0.0,21.6,Evora
2026-03-14 16:00:00,12.8,82,0.1,23.3,Evora
2026-03-14 17:00:00,12.7,87,0.2,21.1,Evora
2026-03-14 18:00:00,12.6,93,0.2,18.2,Evora
2026-03-14 19:00:00,12.7,94,0.1,18.2,Evora
2026-03-14 20:00:00,12.6,94,0.0,19.7,Evora
2026-03-14 21:00:00,12.4,93,0.0,19.4,Evora
2026-03-14 22:00:00,12.2,94,0.0,18.3,Evora
2026-03-14 23:00:00,12.1,93,0.0,18.7,Evora
2026-03-15 00:00:00,11.5,95,0.0,20.1,Evora
2026-03-15 01:00:00,11.0,95,0.0,19.8,Evora
2026-03-15 02:00:00,10.6,95,0.0,19.7,Evora
2026-03-15 03:00:00,10.3,94,0.0,19.8,Evora
2026-03-15 04:00:00,10.1,93,0.0,20.6,Evora
2026-03-15 05:00:00,9.6,92,0.0,19.4,Evora
2026-03-15 06:00:00,9.1,93,0.0,19.6,Evora
2026-03-15 07:00:00,8.7,92,0.0,19.3,Evora
2026-03-15 08:00:00,9.7,86,0.0,19.1,Evora
2026-03-15 09:00:00,11.2,83,0.0,15.8,Evora
2026-03-15 10:00:00,12.9,76,0.0,15.5,Evora
2026-03-15 11:00:00,14.5,67,0.0,15.9,Evora
2026-03-15 12:00:00,16.1,64,0.0,16.0,Evora
2026-03-15 13:00:00,17.2,58,0.0,18.0,Evora
2026-03-15 14:00:00,18.0,52,0.0,20.0,Evora
2026-03-15 15:00:00,18.4,51,0.0,20.8,Evora
2026-03-15 16:00:00,18.3,49,0.0,19.8,Evora
2026-03-15 17:00:00,17.8,55,0.0,14.8,Evora
2026-03-15 18:00:00,16.3,65,0.0,7.3,Evora
2026-03-15 19:00:00,13.3,78,0.0,6.3,Evora
2026-03-15 20:00:00,13.1,81,0.0,10.1,Evora
2026-03-15 21:00:00,12.8,81,0.0,13.8,Evora
2026-03-15 22:00:00,12.1,84,0.0,12.8,Evora
2026-03-15 23:00:00,11.6,84,0.0,12.3,Evora
2026-03-16 00:00:00,11.0,84,0.0,10.8,Evora
2026-03-16 01:00:00,11.0,81,0.0,11.7,Evora
2026-03-16 02:00:00,10.9,76,0.0,13.0,Evora
2026-03-16 03:00:00,10.8,70,0.0,13.7,Evora
2026-03-16 04:00:00,10.3,68,0.0,13.0,Evora
2026-03-16 05:00:00,9.5,71,0.0,11.1,Evora
2026-03-16 06:00:00,9.0,76,0.0,10.0,Evora
2026-03-16 07:00:00,8.8,79,0.0,11.5,Evora
2026-03-16 08:00:00,10.2,80,0.0,11.6,Evora
2026-03-16 09:00:00,12.5,76,0.0,9.9,Evora
2026-03-16 10:00:00,14.7,67,0.0,11.7,Evora
2026-03-16 11:00:00,16.4,59,0.0,13.7,Evora
2026-03-16 12:00:00,18.6,51,0.0,14.8,Evora
2026-03-16 13:00:00,19.3,48,0.0,15.7,Evora
2026-03-16 14:00:00,19.7,48,0.0,16.2,Evora
2026-03-16 15:00:00,19.8,46,0.0,15.7,Evora
2026-03-16 16:00:00,19.5,47,0.0,15.0,Evora
2026-03-16 17:00:00,18.7,53,0.0,12.8,Evora
2026-03-16 18:00:00,17.1,57,0.0,11.0,Evora
2026-03-16 19:00:00,15.1,58,0.0,12.5,Evora
2026-03-16 20:00:00,14.3,58,0.0,13.0,Evora
2026-03-16 21:00:00,13.5,60,0.0,12.4,Evora
2026-03-16 22:00:00,12.6,66,0.0,12.8,Evora
2026-03-16 23:00:00,11.4,74,0.0,10.7,Evora
2026-03-17 00:00:00,10.9,77,0.0,10.3,Evora
2026-03-17 01:00:00,10.1,80,0.0,9.5,Evora
2026-03-17 02:00:00,9.5,82,0.0,10.1,Evora
2026-03-17 03:00:00,9.1,81,0.0,10.4,Evora
2026-03-17 04:00:00,8.7,80,0.0,9.5,Evora
2026-03-17 05:00:00,8.4,79,0.0,11.0,Evora
2026-03-17 06:00:00,7.9,80,0.0,12.3,Evora
2026-03-17 07:00:00,7.5,82,0.0,13.6,Evora
2026-03-17 08:00:00,8.9,80,0.0,13.9,Evora
2026-03-17 09:00:00,11.5,75,0.0,12.8,Evora
2026-03-17 10:00:00,14.4,60,0.0,13.6,Evora
2026-03-17 11:00:00,16.2,52,0.0,15.4,Evora
2026-03-17 12:00:00,18.0,45,0.0,15.8,Evora
2026-03-17 13:00:00,19.1,44,0.0,18.8,Evora
2026-03-17 14:00:00,19.4,44,0.0,20.9,Evora
2026-03-17 15:00:00,19.4,47,0.0,20.2,Evora
2026-03-17 16:00:00,18.7,51,0.0,19.6,Evora
2026-03-17 17:00:00,17.7,61,0.0,17.6,Evora
2026-03-17 18:00:00,16.6,64,0.0,15.4,Evora
2026-03-17 19:00:00,15.2,68,0.0,14.1,Evora
2026-03-17 20:00:00,14.5,75,0.0,15.5,Evora
2026-03-17 21:00:00,13.8,82,0.0,13.6,Evora
2026-03-17 22:00:00,13.1,87,0.1,10.7,Evora
2026-03-17 23:00:00,12.6,89,0.0,11.1,Evora
2026-03-18 00:00:00,12.6,83,0.2,18.2,Evora
2026-03-18 01:00:00,12.7,84,0.6,21.8,Evora
2026-03-18 02:00:00,12.0,94,1.2,18.4,Evora
2026-03-18 03:00:00,12.0,95,0.7,15.5,Evora
2026-03-18 04:00:00,11.5,96,0.0,15.1,Evora
2026-03-18 05:00:00,11.4,95,0.0,17.7,Evora
2026-03-18 06:00:00,12.0,91,0.0,19.0,Evora
2026-03-18 07:00:00,11.6,86,0.0,18.3,Evora
2026-03-18 08:00:00,12.0,81,0.0,22.0,Evora
2026-03-18 09:00:00,12.9,75,0.1,20.8,Evora
2026-03-18 10:00:00,14.4,68,0.0,21.6,Evora
2026-03-18 11:00:00,15.9,65,0.0,28.6,Evora
2026-03-18 12:00:00,16.8,59,0.0,28.0,Evora
2026-03-18 13:00:00,17.0,58,0.2,26.8,Evora
2026-03-18 14:00:00,16.9,61,0.2,24.6,Evora
2026-03-18 15:00:00,16.3,77,1.2,22.0,Evora
2026-03-18 16:00:00,17.2,62,0.0,23.5,Evora
2026-03-18 17:00:00,16.0,70,0.0,22.5,Evora
2026-03-18 18:00:00,15.2,74,0.0,18.6,Evora
2026-03-18 19:00:00,13.8,81,0.0,15.7,Evora
2026-03-18 20:00:00,13.1,85,0.0,16.6,Evora
2026-03-18 21:00:00,12.9,86,0.0,17.2,Evora
2026-03-18 22:00:00,12.6,86,0.0,17.1,Evora
2026-03-18 23:00:00,12.1,86,0.0,16.8,Evora
2026-03-19 00:00:00,12.1,85,0.0,18.5,Evora
2026-03-19 01:00:00,12.1,82,0.0,17.5,Evora
2026-03-19 02:00:00,11.3,85,0.0,13.6,Evora
2026-03-19 03:00:00,11.0,85,0.2,15.4,Evora
2026-03-19 04:00:00,11.1,85,0.3,15.4,Evora
2026-03-19 05:00:00,11.5,83,0.0,14.1,Evora
2026-03-19 06:00:00,11.6,84,0.0,15.4,Evora
2026-03-19 07:00:00,12.8,81,0.0,19.3,Evora
2026-03-19 08:00:00,13.2,83,0.0,17.6,Evora
2026-03-19 09:00:00,13.9,81,0.0,19.0,Evora
2026-03-19 10:00:00,15.0,78,0.0,19.2,Evora
2026-03-19 11:00:00,16.0,73,0.0,20.6,Evora
2026-03-19 12:00:00,17.4,68,0.0,20.7,Evora
2026-03-19 13:00:00,17.9,66,0.0,18.0,Evora
2026-03-19 14:00:00,16.2,77,1.9,17.3,Evora
2026-03-19 15:00:00,14.1,94,1.9,12.8,Evora
2026-03-19 16:00:00,13.7,96,2.5,12.6,Evora
2026-03-19 17:00:00,13.4,96,2.1,11.4,Evora
2026-03-19 18:00:00,13.4,96,0.5,8.2,Evora
2026-03-19 19:00:00,13.0,96,0.5,5.3,Evora
2026-03-19 20:00:00,12.7,96,0.5,3.6,Evora
2026-03-19 21:00:00,12.4,97,1.3,6.9,Evora
2026-03-19 22:00:00,12.2,98,1.1,9.6,Evora
2026-03-19 23:00:00,12.0,98,0.4,10.1,Evora
2026-03-20 00:00:00,12.3,95,1.5,13.6,Evora
2026-03-20 01:00:00,11.9,95,1.0,19.4,Evora
2026-03-20 02:00:00,11.4,96,0.8,16.2,Evora
2026-03-20 03:00:00,11.1,96,0.2,15.4,Evora
2026-03-20 04:00:00,10.9,97,0.1,12.4,Evora
2026-03-20 05:00:00,11.2,97,0.0,11.0,Evora
2026-03-20 06:00:00,10.6,97,0.0,9.8,Evora
2026-03-20 07:00:00,10.5,98,0.1,10.7,Evora
2026-03-20 08:00:00,11.3,96,0.9,13.0,Evora
2026-03-20 09:00:00,11.9,95,0.1,13.2,Evora
2026-03-20 10:00:00,13.0,90,0.0,13.4,Evora
2026-03-20 11:00:00,14.9,77,0.0,16.2,Evora
2026-03-20 12:00:00,13.4,81,0.1,16.8,Evora
2026-03-20 13:00:00,14.5,75,0.1,18.9,Evora
2026-03-20 14:00:00,13.8,79,0.1,15.3,Evora
2026-03-20 15:00:00,13.7,81,0.1,16.5,Evora
2026-03-20 16:00:00,13.5,86,0.2,13.7,Evora
2026-03-20 17:00:00,13.3,89,0.1,15.4,Evora
2026-03-20 18:00:00,13.0,91,0.2,16.8,Evora
2026-03-20 19:00:00,12.3,95,1.0,18.2,Evora
2026-03-20 20:00:00,11.9,96,2.2,15.8,Evora
2026-03-20 21:00:00,11.8,96,2.8,15.8,Evora
2026-03-20 22:00:00,11.7,96,1.5,16.4,Evora
2026-03-20 23:00:00,11.7,96,0.1,14.5,Evora
2026-03-21 00:00:00,11.8,98,0.1,13.6,Evora
2026-03-21 01:00:00,11.6,98,0.0,11.3,Evora
2026-03-21 02:00:00,11.5,98,0.0,12.2,Evora
2026-03-21 03:00:00,11.1,98,0.1,11.7,Evora
2026-03-21 04:00:00,11.5,97,0.0,12.7,Evora
2026-03-21 05:00:00,11.5,97,0.0,12.8,Evora
2026-03-21 06:00:00,11.6,97,0.1,13.8,Evora
2026-03-21 07:00:00,11.6,97,0.0,13.1,Evora
2026-03-21 08:00:00,12.0,95,0.0,15.0,Evora
2026-03-21 09:00:00,12.4,94,0.1,16.3,Evora
2026-03-21 10:00:00,12.9,91,0.1,17.7,Evora
2026-03-21 11:00:00,14.1,84,0.1,13.1,Evora
2026-03-21 12:00:00,15.2,76,0.4,12.1,Evora
2026-03-21 13:00:00,16.0,72,0.2,10.9,Evora
2026-03-21 14:00:00,16.6,69,0.3,10.2,Evora
2026-03-21 15:00:00,17.0,66,0.1,8.5,Evora
2026-03-21 16:00:00,17.3,65,0.1,8.0,Evora
2026-03-21 17:00:00,17.0,65,0.0,7.9,Evora
2026-03-21 18:00:00,15.7,76,0.0,7.2,Evora
2026-03-21 19:00:00,13.8,84,0.0,10.3,Evora
2026-03-21 20:00:00,12.9,87,0.0,11.4,Evora
2026-03-21 21:00:00,11.9,92,0.0,8.6,Evora
2026-03-21 22:00:00,11.4,94,0.0,8.8,Evora
2026-03-21 23:00:00,11.0,94,0.0,8.9,Evora
2026-03-22 00:00:00,11.1,94,0.0,6.9,Evora
2026-03-22 01:00:00,10.9,95,0.0,6.3,Evora
2026-03-22 02:00:00,10.5,95,0.0,10.1,Evora
2026-03-22 03:00:00,10.3,96,3.1,3.9,Evora
2026-03-22 04:00:00,10.7,95,2.8,6.2,Evora
2026-03-22 05:00:00,10.5,97,0.0,5.6,Evora
2026-03-22 06:00:00,9.6,98,0.0,5.2,Evora
2026-03-22 07:00:00,10.2,99,0.0,5.9,Evora
2026-03-22 08:00:00,11.4,96,0.0,6.1,Evora
2026-03-22 09:00:00,13.1,91,0.0,4.7,Evora
2026-03-22 10:00:00,14.6,82,0.1,3.8,Evora
2026-03-22 11:00:00,16.0,75,0.4,4.0,Evora
2026-03-22 12:00:00,16.9,74,0.4,5.2,Evora
2026-03-22 13:00:00,17.6,71,0.1,5.2,Evora
2026-03-22 14:00:00,17.8,70,0.1,3.3,Evora
2026-03-22 15:00:00,17.8,66,0.0,4.3,Evora
2026-03-22 16:00:00,18.5,65,0.0,5.8,Evora
2026-03-22 17:00:00,17.7,67,0.2,4.5,Evora
2026-03-22 18:00:00,16.0,82,0.4,3.3,Evora
2026-03-22 19:00:00,14.2,89,0.0,1.7,Evora
2026-03-22 20:00:00,13.1,93,0.0,3.4,Evora
2026-03-22 21:00:00,11.9,94,0.0,3.5,Evora
2026-03-22 22:00:00,11.3,95,0.0,5.5,Evora
2026-03-22 23:00:00,10.9,94,0.0,6.1,Evora
2026-03-23 00:00:00,12.1,91,0.0,7.4,Evora
2026-03-23 01:00:00,12.2,92,0.0,9.0,Evora
2026-03-23 02:00:00,11.9,91,0.0,7.9,Evora
2026-03-23 03:00:00,11.4,91,0.0,6.9,Evora
2026-03-23 04:00:00,10.9,91,0.0,7.1,Evora
2026-03-23 05:00:00,10.5,91,0.0,6.8,Evora
2026-03-23 06:00:00,10.3,92,0.0,6.9,Evora
2026-03-23 07:00:00,10.2,94,0.0,6.9,Evora
2026-03-23 08:00:00,12.3,93,0.0,6.1,Evora
2026-03-23 09:00:00,15.1,87,0.0,3.4,Evora
2026-03-23 10:00:00,17.3,75,0.0,4.2,Evora
2026-03-23 11:00:00,19.0,64,0.0,5.6,Evora
2026-03-23 12:00:00,20.2,55,0.0,6.5,Evora
2026-03-23 13:00:00,20.5,50,0.0,6.3,Evora
2026-03-23 14:00:00,20.7,47,0.0,4.7,Evora
2026-03-23 15:00:00,20.9,47,0.0,3.2,Evora
2026-03-23 16:00:00,21.0,47,0.0,5.2,Evora
2026-03-23 17:00:00,20.3,57,0.0,4.2,Evora
2026-03-23 18:00:00,19.1,71,0.0,2.4,Evora
2026-03-23 19:00:00,16.4,74,0.0,2.8,Evora
2026-03-23 20:00:00,14.8,80,0.0,4.3,Evora
2026-03-23 21:00:00,14.3,75,0.0,5.4,Evora
2026-03-23 22:00:00,14.0,71,0.0,6.5,Evora
2026-03-23 23:00:00,13.3,72,0.0,6.0,Evora
2026-03-24 00:00:00,12.7,75,0.0,5.9,Evora
2026-03-24 01:00:00,12.4,77,0.0,5.8,Evora
2026-03-24 02:00:00,11.9,78,0.0,6.4,Evora
2026-03-24 03:00:00,11.1,80,0.0,6.6,Evora
2026-03-24 04:00:00,10.7,84,0.0,9.5,Evora
2026-03-24 05:00:00,9.7,91,0.0,6.5,Evora
2026-03-24 06:00:00,9.3,92,0.0,5.0,Evora
2026-03-24 07:00:00,9.7,94,0.0,4.6,Evora
2026-03-24 08:00:00,12.2,90,0.0,6.4,Evora
2026-03-24 09:00:00,14.0,83,0.0,6.1,Evora
2026-03-24 10:00:00,15.9,78,0.0,4.7,Evora
2026-03-24 11:00:00,17.5,73,0.0,3.9,Evora
2026-03-24 12:00:00,18.5,67,0.0,2.7,Evora
2026-03-24 13:00:00,19.7,61,0.1,1.8,Evora
2026-03-24 14:00:00,20.0,58,0.0,2.4,Evora
2026-03-24 15:00:00,20.3,54,0.0,4.3,Evora
2026-03-24 16:00:00,20.2,54,0.0,5.5,Evora
2026-03-24 17:00:00,19.7,60,0.0,5.4,Evora
2026-03-24 18:00:00,19.0,75,0.0,1.7,Evora
2026-03-24 19:00:00,16.6,76,0.0,1.4,Evora
2026-03-24 20:00:00,14.7,81,0.0,3.1,Evora
2026-03-24 21:00:00,13.4,85,0.0,4.4,Evora
2026-03-24 22:00:00,12.8,87,0.0,4.3,Evora
2026-03-24 23:00:00,12.3,85,0.0,3.8,Evora
2026-03-25 00:00:00,12.4,88,0.0,5.5,Evora
2026-03-25 01:00:00,12.1,91,0.0,10.3,Evora
2026-03-25 02:00:00,12.0,90,0.0,8.2,Evora
2026-03-25 03:00:00,10.2,94,0.0,4.9,Evora
2026-03-25 04:00:00,9.5,96,0.0,4.1,Evora
2026-03-25 05:00:00,9.3,95,0.0,4.5,Evora
2026-03-25 06:00:00,9.4,93,0.0,5.0,Evora
2026-03-25 07:00:00,9.6,92,0.0,4.6,Evora
2026-03-25 08:00:00,12.2,89,0.0,5.3,Evora
2026-03-25 09:00:00,14.9,86,0.0,4.5,Evora
2026-03-25 10:00:00,17.1,77,0.0,4.7,Evora
2026-03-25 11:00:00,18.7,65,0.0,5.5,Evora
2026-03-25 12:00:00,20.3,51,0.0,6.2,Evora
2026-03-25 13:00:00,21.1,48,0.0,5.9,Evora
2026-03-25 14:00:00,21.6,44,0.0,6.7,Evora
2026-03-25 15:00:00,21.5,43,0.0,8.6,Evora
2026-03-25 16:00:00,21.1,45,0.0,10.0,Evora
2026-03-25 17:00:00,20.4,53,0.0,7.7,Evora
2026-03-25 18:00:00,19.3,66,0.0,3.8,Evora
2026-03-25 19:00:00,16.9,60,0.0,2.8,Evora
2026-03-25 20:00:00,15.7,64,0.0,7.8,Evora
2026-03-25 21:00:00,14.9,77,0.0,17.7,Evora
2026-03-25 22:00:00,14.3,79,0.0,14.6,Evora
2026-03-25 23:00:00,13.3,83,0.0,13.4,Evora
2026-03-26 00:00:00,12.9,84,0.0,12.6,Evora
2026-03-26 01:00:00,12.9,83,0.0,12.3,Evora
2026-03-26 02:00:00,12.8,81,0.0,12.3,Evora
2026-03-26 03:00:00,12.5,81,0.0,13.0,Evora
2026-03-26 04:00:00,12.0,79,0.0,11.7,Evora
2026-03-26 05:00:00,11.5,74,0.0,11.1,Evora
2026-03-26 06:00:00,10.9,70,0.0,12.5,Evora
2026-03-26 07:00:00,10.5,69,0.0,13.8,Evora
2026-03-26 08:00:00,12.2,70,0.0,14.5,Evora
2026-03-26 09:00:00,14.7,64,0.0,13.1,Evora
2026-03-26 10:00:00,16.2,58,0.0,16.1,Evora
2026-03-26 11:00:00,17.7,53,0.0,16.8,Evora
2026-03-26 12:00:00,19.5,50,0.0,16.8,Evora
2026-03-26 13:00:00,20.1,48,0.0,16.6,Evora
2026-03-26 14:00:00,20.5,48,0.0,15.9,Evora
2026-03-26 15:00:00,20.5,47,0.0,16.2,Evora
2026-03-26 16:00:00,20.1,46,0.0,16.7,Evora
2026-03-26 17:00:00,19.1,50,0.0,14.8,Evora
2026-03-26 18:00:00,17.9,56,0.0,12.6,Evora
2026-03-26 19:00:00,16.0,57,0.0,12.6,Evora
2026-03-26 20:00:00,14.9,58,0.0,14.0,Evora
2026-03-26 21:00:00,14.3,57,0.0,14.5,Evora
2026-03-26 22:00:00,13.7,53,0.0,17.5,Evora
2026-03-26 23:00:00,12.8,51,0.0,17.6,Evora
2026-03-27 00:00:00,11.9,52,0.0,16.3,Evora
2026-03-27 01:00:00,11.7,52,0.0,16.0,Evora
2026-03-27 02:00:00,11.4,53,0.0,16.1,Evora
2026-03-27 03:00:00,11.1,53,0.0,16.0,Evora
2026-03-27 04:00:00,10.7,53,0.0,16.9,Evora
2026-03-27 05:00:00,10.3,53,0.0,17.8,Evora
2026-03-27 06:00:00,10.3,52,0.0,17.3,Evora
2026-03-27 07:00:00,9.8,56,0.0,17.4,Evora
2026-03-27 08:00:00,10.9,57,0.0,18.2,Evora
2026-03-27 09:00:00,12.7,54,0.0,16.8,Evora
2026-03-27 10:00:00,14.2,47,0.0,19.5,Evora
2026-03-27 11:00:00,15.4,44,0.0,18.5,Evora
2026-03-27 12:00:00,17.3,45,0.0,15.7,Evora
2026-03-27 13:00:00,18.2,44,0.0,13.5,Evora
2026-03-27 14:00:00,18.9,45,0.0,12.3,Evora
2026-03-27 15:00:00,19.1,45,0.0,11.6,Evora
2026-03-27 16:00:00,18.9,46,0.0,11.5,Evora
2026-03-27 17:00:00,18.2,49,0.0,11.4,Evora
2026-03-27 18:00:00,17.3,58,0.0,8.6,Evora
2026-03-27 19:00:00,14.8,63,0.0,9.4,Evora
2026-03-27 20:00:00,13.7,65,0.0,8.1,Evora
2026-03-27 21:00:00,13.5,64,0.0,9.6,Evora
2026-03-27 22:00:00,13.9,62,0.0,13.6,Evora
2026-03-27 23:00:00,13.2,62,0.0,13.8,Evora
2026-03-28 00:00:00,11.7,66,0.0,12.7,Evora
2026-03-28 01:00:00,11.2,64,0.0,12.7,Evora
2026-03-28 02:00:00,10.4,66,0.0,11.8,Evora
2026-03-28 03:00:00,9.7,68,0.0,12.1,Evora
2026-03-28 04:00:00,9.4,69,0.0,10.4,Evora
2026-03-28 05:00:00,9.7,67,0.0,11.7,Evora
2026-03-28 06:00:00,9.7,66,0.0,10.5,Evora
2026-03-28 07:00:00,9.7,67,0.0,9.9,Evora
2026-03-28 08:00:00,11.8,66,0.0,10.7,Evora
2026-03-28 09:00:00,14.2,56,0.0,9.9,Evora
2026-03-28 10:00:00,16.0,51,0.0,12.2,Evora
2026-03-28 11:00:00,17.5,47,0.0,11.3,Evora
2026-03-28 12:00:00,19.1,45,0.0,9.3,Evora
2026-03-28 13:00:00,19.8,42,0.0,12.3,Evora
2026-03-28 14:00:00,19.8,42,0.0,16.0,Evora
2026-03-28 15:00:00,19.6,43,0.0,17.3,Evora
2026-03-28 16:00:00,19.4,42,0.0,17.8,Evora
2026-03-28 17:00:00,18.8,45,0.0,16.0,Evora
2026-03-28 18:00:00,17.6,51,0.0,13.1,Evora
2026-03-28 19:00:00,15.9,51,0.0,14.8,Evora
2026-03-28 20:00:00,15.1,51,0.0,16.8,Evora
2026-03-28 21:00:00,14.7,51,0.0,20.7,Evora
2026-03-28 22:00:00,14.0,49,0.0,21.3,Evora
2026-03-28 23:00:00,13.3,48,0.0,19.0,Evora
2026-03-29 00:00:00,12.8,47,0.0,18.4,Evora
2026-03-29 01:00:00,12.7,46,0.0,18.9,Evora
2026-03-29 02:00:00,11.9,50,0.0,17.6,Evora
2026-03-29 03:00:00,10.9,56,0.0,16.9,Evora
2026-03-29 04:00:00,10.1,59,0.0,18.4,Evora
2026-03-29 05:00:00,9.4,58,0.0,18.9,Evora
2026-03-29 06:00:00,8.9,56,0.0,17.5,Evora
2026-03-29 07:00:00,8.4,56,0.0,17.5,Evora
2026-03-29 08:00:00,9.4,56,0.0,16.3,Evora
2026-03-29 09:00:00,11.1,49,0.0,17.1,Evora
2026-03-29 10:00:00,13.0,41,0.0,19.7,Evora
2026-03-29 11:00:00,14.0,42,0.0,19.9,Evora
2026-03-29 12:00:00,16.0,41,0.0,18.3,Evora
2026-03-29 13:00:00,17.0,37,0.0,19.4,Evora
2026-03-29 14:00:00,17.7,33,0.0,21.4,Evora
2026-03-29 15:00:00,18.0,31,0.0,24.0,Evora
2026-03-29 16:00:00,17.5,34,0.0,24.8,Evora
2026-03-29 17:00:00,17.0,35,0.0,22.1,Evora
2026-03-29 18:00:00,16.0,40,0.0,20.0,Evora
2026-03-29 19:00:00,14.7,40,0.0,18.6,Evora
2026-03-29 20:00:00,13.7,41,0.0,18.0,Evora
2026-03-29 21:00:00,13.1,40,0.0,18.9,Evora
2026-03-29 22:00:00,12.3,41,0.0,17.0,Evora
2026-03-29 23:00:00,11.6,42,0.0,17.9,Evora
2026-03-30 00:00:00,11.0,43,0.0,18.5,Evora
2026-03-30 01:00:00,10.5,38,0.0,18.8,Evora
2026-03-30 02:00:00,9.6,37,0.0,16.3,Evora
2026-03-30 03:00:00,8.8,40,0.0,14.7,Evora
2026-03-30 04:00:00,7.9,43,0.0,14.8,Evora
2026-03-30 05:00:00,7.2,46,0.0,14.2,Evora
2026-03-30 06:00:00,6.9,50,0.0,13.1,Evora
2026-03-30 07:00:00,6.7,56,0.0,12.6,Evora
2026-03-30 08:00:00,8.7,60,0.0,12.7,Evora
2026-03-30 09:00:00,10.8,51,0.0,13.7,Evora
2026-03-30 10:00:00,12.4,45,0.0,13.9,Evora
2026-03-30 11:00:00,13.9,43,0.0,12.2,Evora
2026-03-30 12:00:00,16.0,41,0.0,11.0,Evora
2026-03-30 13:00:00,16.9,40,0.0,9.1,Evora
2026-03-30 14:00:00,17.8,40,0.0,8.9,Evora
2026-03-30 15:00:00,18.4,39,0.0,11.7,Evora
2026-03-30 16:00:00,18.3,40,0.0,13.1,Evora
2026-03-30 17:00:00,17.9,43,0.0,12.3,Evora
2026-03-30 18:00:00,17.4,51,0.0,9.3,Evora
2026-03-30 19:00:00,14.5,59,0.0,7.1,Evora
2026-03-30 20:00:00,13.9,59,0.0,8.5,Evora
2026-03-30 21:00:00,14.0,55,0.0,10.9,Evora
2026-03-30 22:00:00,13.8,53,0.0,11.7,Evora
2026-03-30 23:00:00,13.2,56,0.0,13.1,Evora
2026-03-31 00:00:00,12.8,56,0.0,14.2,Evora
2026-03-31 01:00:00,12.5,57,0.0,13.5,Evora
2026-03-31 02:00:00,12.1,59,0.0,13.2,Evora
2026-03-31 03:00:00,11.7,61,0.0,14.4,Evora
2026-03-31 04:00:00,11.5,63,0.0,16.1,Evora
2026-03-31 05:00:00,11.3,66,0.0,16.2,Evora
2026-03-31 06:00:00,11.1,68,0.0,14.4,Evora
2026-03-31 07:00:00,10.7,73,0.0,10.1,Evora
2026-03-31 08:00:00,12.7,73,0.0,9.1,Evora
2026-03-31 09:00:00,15.2,62,0.0,9.3,Evora
2026-03-31 10:00:00,17.3,57,0.0,10.8,Evora
2026-03-31 11:00:00,19.1,52,0.0,11.0,Evora
2026-03-31 12:00:00,21.0,50,0.0,11.6,Evora
2026-03-31 13:00:00,21.7,48,0.0,13.4,Evora
2026-03-31 14:00:00,22.5,46,0.0,13.0,Evora
2026-03-31 15:00:00,22.9,44,0.0,12.7,Evora
2026-03-31 16:00:00,23.1,43,0.0,12.3,Evora
2026-03-31 17:00:00,22.7,43,0.0,11.3,Evora
2026-03-31 18:00:00,21.5,49,0.0,9.0,Evora
2026-03-31 19:00:00,18.7,54,0.0,7.6,Evora
2026-03-31 20:00:00,18.5,50,0.0,14.0,Evora
2026-03-31 21:00:00,18.6,40,0.0,20.5,Evora
2026-03-31 22:00:00,17.4,38,0.0,21.3,Evora
2026-03-31 23:00:00,16.5,37,0.0,20.6,Evora
2026-04-01 00:00:00,15.7,39,0.0,20.6,Evora
2026-04-01 01:00:00,14.6,40,0.0,19.1,Evora
2026-04-01 02:00:00,13.5,43,0.0,18.8,Evora
2026-04-01 03:00:00,12.4,47,0.0,18.4,Evora
2026-04-01 04:00:00,11.6,50,0.0,18.4,Evora
2026-04-01 05:00:00,10.8,54,0.0,16.4,Evora
2026-04-01 06:00:00,10.8,54,0.0,15.9,Evora
2026-04-01 07:00:00,10.5,59,0.0,14.5,Evora
2026-04-01 08:00:00,12.1,61,0.0,13.6,Evora
2026-04-01 09:00:00,14.2,56,0.0,14.0,Evora
2026-04-01 10:00:00,16.0,51,0.0,16.3,Evora
2026-04-01 11:00:00,17.2,46,0.0,15.5,Evora
2026-04-01 12:00:00,18.9,43,0.0,12.4,Evora
2026-04-01 13:00:00,19.9,41,0.0,9.9,Evora
2026-04-01 14:00:00,20.8,41,0.0,9.3,Evora
2026-04-01 15:00:00,21.1,40,0.0,10.7,Evora
2026-04-01 16:00:00,21.0,40,0.0,13.3,Evora
2026-04-01 17:00:00,20.4,42,0.0,13.2,Evora
2026-04-01 18:00:00,20.1,46,0.0,8.5,Evora
2026-04-01 19:00:00,17.2,57,0.0,5.0,Evora
2026-04-01 20:00:00,15.6,57,0.0,6.0,Evora
2026-04-01 21:00:00,15.1,59,0.0,10.4,Evora
2026-04-01 22:00:00,14.7,59,0.0,13.5,Evora
2026-04-01 23:00:00,14.7,51,0.0,14.4,Evora
2026-04-02 00:00:00,13.7,53,0.0,13.6,Evora
2026-04-02 01:00:00,12.8,56,0.0,11.8,Evora
2026-04-02 02:00:00,12.6,55,0.0,12.2,Evora
2026-04-02 03:00:00,12.6,53,0.0,12.3,Evora
2026-04-02 04:00:00,12.0,54,0.0,10.8,Evora
2026-04-02 05:00:00,11.1,57,0.0,9.7,Evora
2026-04-02 06:00:00,10.5,60,0.0,9.0,Evora
2026-04-02 07:00:00,10.8,64,0.0,8.9,Evora
2026-04-02 08:00:00,13.7,60,0.0,10.3,Evora
2026-04-02 09:00:00,16.5,55,0.0,7.7,Evora
2026-04-02 10:00:00,18.7,49,0.0,8.5,Evora
2026-04-02 11:00:00,20.3,42,0.0,9.0,Evora
2026-04-02 12:00:00,21.5,38,0.0,7.7,Evora
2026-04-02 13:00:00,21.7,38,0.0,8.8,Evora
2026-04-02 14:00:00,22.1,39,0.0,8.7,Evora
2026-04-02 15:00:00,22.4,38,0.0,10.4,Evora
2026-04-02 16:00:00,22.6,38,0.0,11.8,Evora
2026-04-02 17:00:00,22.5,39,0.0,7.9,Evora
2026-04-02 18:00:00,22.0,47,0.0,4.0,Evora
2026-04-02 19:00:00,18.6,54,0.0,16.1,Evora
2026-04-02 20:00:00,16.7,59,0.0,18.5,Evora
2026-04-02 21:00:00,15.9,58,0.0,18.5,Evora
2026-04-02 22:00:00,15.2,59,0.0,17.1,Evora
2026-04-02 23:00:00,14.4,59,0.0,13.9,Evora
2026-04-03 00:00:00,13.5,63,0.0,11.9,Evora
2026-04-03 01:00:00,12.6,64,0.0,9.4,Evora
2026-04-03 02:00:00,12.0,65,0.0,9.2,Evora
2026-04-03 03:00:00,11.8,62,0.0,10.3,Evora
2026-04-03 04:00:00,11.9,57,0.0,11.8,Evora
2026-04-03 05:00:00,11.8,53,0.0,11.5,Evora
2026-04-03 06:00:00,11.2,55,0.0,9.1,Evora
2026-04-03 07:00:00,11.1,60,0.0,8.2,Evora
2026-04-03 08:00:00,13.6,59,0.0,8.5,Evora
2026-04-03 09:00:00,16.4,54,0.0,6.2,Evora
2026-04-03 10:00:00,18.7,50,0.0,6.8,Evora
2026-04-03 11:00:00,20.5,44,0.0,6.7,Evora
2026-04-03 12:00:00,22.1,36,0.0,7.1,Evora
2026-04-03 13:00:00,22.8,29,0.0,7.7,Evora
2026-04-03 14:00:00,23.3,28,0.0,10.3,Evora
2026-04-03 15:00:00,23.2,32,0.0,12.4,Evora
2026-04-03 16:00:00,23.0,34,0.0,11.7,Evora
2026-04-03 17:00:00,22.5,35,0.0,8.7,Evora
2026-04-03 18:00:00,21.5,41,0.0,7.8,Evora
2026-04-03 19:00:00,18.4,48,0.0,6.8,Evora
2026-04-03 20:00:00,17.0,53,0.0,6.0,Evora
2026-04-03 21:00:00,16.5,52,0.0,5.5,Evora
2026-04-03 22:00:00,15.2,54,0.0,3.2,Evora
2026-04-03 23:00:00,14.1,61,0.0,9.4,Evora
2026-04-04 00:00:00,14.1,62,0.0,8.5,Evora
2026-04-04 01:00:00,14.0,60,0.0,7.9,Evora
2026-04-04 02:00:00,13.7,59,0.0,7.4,Evora
2026-04-04 03:00:00,12.6,64,0.0,6.8,Evora
2026-04-04 04:00:00,11.5,68,0.0,6.5,Evora
2026-04-04 05:00:00,11.0,68,0.0,6.7,Evora
2026-04-04 06:00:00,10.7,72,0.0,6.3,Evora
2026-04-04 07:00:00,12.1,67,0.0,8.4,Evora
2026-04-04 08:00:00,13.9,66,0.0,7.5,Evora
2026-04-04 09:00:00,16.5,63,0.0,5.8,Evora
2026-04-04 10:00:00,19.2,53,0.0,8.1,Evora
2026-04-04 11:00:00,21.1,47,0.0,8.1,Evora
2026-04-04 12:00:00,23.2,39,0.0,9.2,Evora
2026-04-04 13:00:00,23.7,35,0.0,7.4,Evora
2026-04-04 14:00:00,24.2,34,0.0,5.4,Evora
2026-04-04 15:00:00,24.3,33,0.0,3.4,Evora
2026-04-04 16:00:00,24.4,32,0.0,1.4,Evora
2026-04-04 17:00:00,24.1,33,0.0,1.3,Evora
2026-04-04 18:00:00,22.5,61,0.0,2.1,Evora
2026-04-04 19:00:00,19.1,56,0.0,4.5,Evora
2026-04-04 20:00:00,17.5,56,0.0,5.7,Evora
2026-04-04 21:00:00,16.6,55,0.0,5.8,Evora
2026-04-04 22:00:00,15.5,59,0.0,5.0,Evora
2026-04-04 23:00:00,14.7,61,0.0,7.1,Evora
2026-04-05 00:00:00,14.5,62,0.0,9.5,Evora
2026-04-05 01:00:00,13.9,63,0.0,9.6,Evora
2026-04-05 02:00:00,13.7,64,0.0,8.0,Evora
2026-04-05 03:00:00,12.7,72,0.0,4.6,Evora
2026-04-05 04:00:00,12.0,77,0.0,3.6,Evora
2026-04-05 05:00:00,11.1,84,0.0,3.8,Evora
2026-04-05 06:00:00,11.0,87,0.0,4.3,Evora
2026-04-05 07:00:00,11.5,85,0.0,6.0,Evora
2026-04-05 08:00:00,14.0,77,0.0,5.2,Evora
2026-04-05 09:00:00,16.9,66,0.0,4.5,Evora
2026-04-05 10:00:00,19.7,54,0.0,5.7,Evora
2026-04-05 11:00:00,22.0,44,0.0,8.2,Evora
2026-04-05 12:00:00,24.0,35,0.0,10.3,Evora
2026-04-05 13:00:00,24.4,32,0.0,10.0,Evora
2026-04-05 14:00:00,25.1,32,0.0,10.1,Evora
2026-04-05 15:00:00,25.3,34,0.0,9.9,Evora
2026-04-05 16:00:00,25.2,35,0.0,8.8,Evora
2026-04-05 17:00:00,24.5,39,0.0,5.6,Evora
2026-04-05 18:00:00,23.8,59,0.0,2.2,Evora
2026-04-05 19:00:00,20.8,53,0.0,2.7,Evora
2026-04-05 20:00:00,19.0,53,0.0,9.0,Evora
2026-04-05 21:00:00,17.1,50,0.0,6.6,Evora
2026-04-05 22:00:00,16.1,50,0.0,5.6,Evora
2026-04-05 23:00:00,15.1,50,0.0,5.8,Evora
2026-04-06 00:00:00,14.8,53,0.0,1.5,Evora
2026-04-06 01:00:00,12.8,59,0.0,6.8,Evora
2026-04-06 02:00:00,12.1,59,0.0,6.9,Evora
2026-04-06 03:00:00,12.2,59,0.0,8.4,Evora
2026-04-06 04:00:00,12.3,61,0.0,8.8,Evora
2026-04-06 05:00:00,12.2,63,0.0,9.5,Evora
2026-04-06 06:00:00,11.6,68,0.0,10.8,Evora
2026-04-06 07:00:00,11.7,69,0.0,11.3,Evora
2026-04-06 08:00:00,14.2,64,0.0,10.5,Evora
2026-04-06 09:00:00,16.7,52,0.0,9.1,Evora
2026-04-06 10:00:00,16.6,50,0.0,13.5,Evora
2026-04-06 11:00:00,18.8,45,0.0,13.3,Evora
2026-04-06 12:00:00,22.1,40,0.0,15.7,Evora
2026-04-06 13:00:00,20.8,45,0.0,16.5,Evora
2026-04-06 14:00:00,21.4,45,0.0,15.4,Evora
2026-04-06 15:00:00,20.5,47,0.0,21.4,Evora
2026-04-06 16:00:00,18.1,66,0.7,18.5,Evora
2026-04-06 17:00:00,15.9,90,1.4,13.1,Evora
2026-04-06 18:00:00,15.0,92,0.6,13.9,Evora
2026-04-06 19:00:00,14.4,93,0.8,14.4,Evora
2026-04-06 20:00:00,14.2,93,0.1,15.3,Evora
2026-04-06 21:00:00,13.9,93,0.0,16.8,Evora
2026-04-06 22:00:00,13.7,94,0.0,15.2,Evora
2026-04-06 23:00:00,13.6,94,0.0,13.8,Evora
2026-04-07 00:00:00,13.8,90,0.0,11.1,Evora
2026-04-07 01:00:00,14.3,81,0.0,19.4,Evora
2026-04-07 02:00:00,14.8,70,0.0,19.2,Evora
2026-04-07 03:00:00,15.3,66,0.2,17.7,Evora
2026-04-07 04:00:00,15.5,61,0.0,21.5,Evora
2026-04-07 05:00:00,15.4,65,0.0,27.7,Evora
2026-04-07 06:00:00,15.3,79,0.0,26.1,Evora
2026-04-07 07:00:00,15.5,85,0.1,24.3,Evora
2026-04-07 08:00:00,15.6,89,0.4,27.4,Evora
2026-04-07 09:00:00,15.2,86,0.8,20.8,Evora
2026-04-07 10:00:00,15.7,83,0.2,20.4,Evora
2026-04-07 11:00:00,16.0,76,0.2,19.9,Evora
2026-04-07 12:00:00,16.0,71,0.2,22.9,Evora
2026-04-07 13:00:00,14.6,76,0.9,23.7,Evora
2026-04-07 14:00:00,12.5,74,0.2,22.3,Evora
2026-04-07 15:00:00,12.3,76,0.2,21.6,Evora
2026-04-07 16:00:00,11.7,77,0.1,14.7,Evora
2026-04-07 17:00:00,10.8,78,0.2,13.7,Evora
2026-04-07 18:00:00,10.0,83,0.2,9.7,Evora
2026-04-07 19:00:00,9.5,87,0.3,8.8,Evora
2026-04-07 20:00:00,9.1,89,0.1,10.3,Evora
2026-04-07 21:00:00,8.9,89,0.0,8.9,Evora
2026-04-07 22:00:00,8.2,93,0.0,8.4,Evora
2026-04-07 23:00:00,7.3,95,0.0,7.2,Evora
2026-04-08 00:00:00,8.0,98,0.0,10.3,Evora
2026-04-08 01:00:00,7.5,99,0.0,10.4,Evora
2026-04-08 02:00:00,7.3,99,0.0,9.4,Evora
2026-04-08 03:00:00,7.0,99,0.0,10.1,Evora
2026-04-08 04:00:00,6.8,100,0.0,9.8,Evora
2026-04-08 05:00:00,6.6,100,0.0,10.1,Evora
2026-04-08 06:00:00,6.9,100,0.0,11.2,Evora
2026-04-08 07:00:00,7.2,99,0.0,10.3,Evora
2026-04-08 08:00:00,8.3,91,0.0,14.5,Evora
2026-04-08 09:00:00,9.9,86,0.1,13.6,Evora
2026-04-08 10:00:00,11.5,81,0.0,11.9,Evora
2026-04-08 11:00:00,13.3,67,0.1,13.1,Evora
2026-04-08 12:00:00,13.9,62,0.1,12.3,Evora
2026-04-08 13:00:00,14.6,58,0.1,14.5,Evora
2026-04-08 14:00:00,14.9,56,0.0,13.2,Evora
2026-04-08 15:00:00,15.2,52,0.0,14.2,Evora
2026-04-08 16:00:00,14.9,54,0.0,15.9,Evora
2026-04-08 17:00:00,14.6,55,0.0,13.2,Evora
2026-04-08 18:00:00,14.0,63,0.0,9.5,Evora
2026-04-08 19:00:00,12.0,73,0.0,6.3,Evora
2026-04-08 20:00:00,10.6,78,0.0,4.8,Evora
2026-04-08 21:00:00,10.5,77,0.0,4.5,Evora
2026-04-08 22:00:00,10.3,78,0.0,10.7,Evora
2026-04-08 23:00:00,9.9,78,0.0,9.9,Evora
2026-04-09 00:00:00,9.3,85,0.0,10.3,Evora
2026-04-09 01:00:00,9.1,85,0.0,10.6,Evora
2026-04-09 02:00:00,9.4,84,0.0,12.1,Evora
2026-04-09 03:00:00,9.6,84,0.0,12.9,Evora
2026-04-09 04:00:00,9.5,84,0.0,12.0,Evora
2026-04-09 05:00:00,9.3,87,0.1,11.5,Evora
2026-04-09 06:00:00,9.7,93,0.2,11.3,Evora
2026-04-09 07:00:00,10.1,94,0.0,13.0,Evora
2026-04-09 08:00:00,11.1,91,0.0,12.0,Evora
2026-04-09 09:00:00,12.6,83,0.0,12.4,Evora
2026-04-09 10:00:00,15.2,70,0.0,11.5,Evora
2026-04-09 11:00:00,17.5,64,0.0,13.8,Evora
2026-04-09 12:00:00,18.4,65,0.0,16.8,Evora
2026-04-09 13:00:00,19.9,59,0.0,15.9,Evora
2026-04-09 14:00:00,20.5,56,0.0,14.0,Evora
2026-04-09 15:00:00,21.0,54,0.0,16.7,Evora
2026-04-09 16:00:00,21.0,55,0.0,11.7,Evora
2026-04-09 17:00:00,20.8,57,0.0,9.5,Evora
2026-04-09 18:00:00,19.8,64,0.0,10.0,Evora
2026-04-09 19:00:00,17.4,72,0.0,2.7,Evora
2026-04-09 20:00:00,15.6,82,0.0,8.9,Evora
2026-04-09 21:00:00,14.4,87,0.0,12.3,Evora
2026-04-09 22:00:00,14.4,81,0.0,12.6,Evora
2026-04-09 23:00:00,14.1,82,0.0,14.3,Evora
2026-04-10 00:00:00,15.4,78,0.0,16.5,Evora
2026-04-10 01:00:00,13.8,88,0.0,15.2,Evora
2026-04-10 02:00:00,13.2,92,0.0,12.7,Evora
2026-04-10 03:00:00,13.1,90,0.0,12.4,Evora
2026-04-10 04:00:00,13.5,85,0.0,11.9,Evora
2026-04-10 05:00:00,12.2,91,0.0,7.1,Evora
2026-04-10 06:00:00,11.3,97,0.0,0.7,Evora
2026-04-10 07:00:00,12.1,98,0.0,3.3,Evora
2026-04-10 08:00:00,14.8,90,0.0,4.5,Evora
2026-04-10 09:00:00,16.9,82,0.0,6.3,Evora
2026-04-10 10:00:00,18.7,75,0.0,5.6,Evora
2026-04-10 11:00:00,20.5,69,0.0,5.4,Evora
2026-04-10 12:00:00,22.0,62,0.0,4.7,Evora
2026-04-10 13:00:00,23.4,56,0.0,2.0,Evora
2026-04-10 14:00:00,24.3,50,0.0,0.5,Evora
2026-04-10 15:00:00,23.2,51,0.6,5.3,Evora
2026-04-10 16:00:00,21.7,60,0.0,6.8,Evora
2026-04-10 17:00:00,21.6,65,0.0,7.0,Evora
2026-04-10 18:00:00,20.5,73,0.0,5.9,Evora
2026-04-10 19:00:00,18.0,81,0.1,13.2,Evora
2026-04-10 20:00:00,16.0,86,0.0,14.1,Evora
2026-04-10 21:00:00,14.8,86,0.0,15.8,Evora
2026-04-10 22:00:00,14.4,88,0.0,15.2,Evora
2026-04-10 23:00:00,14.6,86,0.0,13.9,Evora
2026-04-11 00:00:00,15.1,80,0.0,11.2,Evora
2026-04-11 01:00:00,13.8,86,0.0,5.1,Evora
2026-04-11 02:00:00,12.9,89,0.0,6.1,Evora
2026-04-11 03:00:00,11.7,94,0.0,1.7,Evora
2026-04-11 04:00:00,10.5,100,0.0,3.0,Evora
2026-04-11 05:00:00,11.4,99,0.0,10.6,Evora
2026-04-11 06:00:00,12.2,99,0.0,8.7,Evora
2026-04-11 07:00:00,12.1,99,0.0,16.8,Evora
2026-04-11 08:00:00,12.8,86,0.0,19.0,Evora
2026-04-11 09:00:00,14.6,75,0.0,18.1,Evora
2026-04-11 10:00:00,16.5,69,0.0,17.6,Evora
2026-04-11 11:00:00,18.1,65,0.0,18.8,Evora
2026-04-11 12:00:00,18.4,63,0.0,22.4,Evora
2026-04-11 13:00:00,18.8,62,0.0,24.0,Evora
2026-04-11 14:00:00,19.1,60,0.0,25.0,Evora
2026-04-11 15:00:00,18.5,59,0.0,26.2,Evora
2026-04-11 16:00:00,17.1,62,0.0,27.0,Evora
2026-04-11 17:00:00,15.8,64,0.0,26.1,Evora
2026-04-11 18:00:00,15.0,65,0.0,26.6,Evora
2026-04-11 19:00:00,13.2,68,0.0,27.5,Evora
2026-04-11 20:00:00,11.6,70,0.0,30.1,Evora
2026-04-11 21:00:00,10.4,72,0.0,31.2,Evora
2026-04-11 22:00:00,9.5,72,0.0,31.6,Evora
2026-04-11 23:00:00,8.9,73,0.0,32.3,Evora
2026-04-12 00:00:00,8.3,78,0.0,30.7,Evora
2026-04-12 01:00:00,8.1,77,0.0,31.0,Evora
2026-04-12 02:00:00,7.6,74,0.0,29.5,Evora
2026-04-12 03:00:00,7.1,71,0.0,29.4,Evora
2026-04-12 04:00:00,6.9,66,0.0,28.3,Evora
2026-04-12 05:00:00,6.8,61,0.0,27.9,Evora
2026-04-12 06:00:00,6.7,62,0.0,28.6,Evora
2026-04-12 07:00:00,7.1,64,0.0,28.3,Evora
2026-04-12 08:00:00,8.4,63,0.0,25.8,Evora
2026-04-12 09:00:00,10.0,58,0.0,30.1,Evora
2026-04-12 10:00:00,11.9,52,0.0,31.8,Evora
2026-04-12 11:00:00,13.6,50,0.0,30.4,Evora
2026-04-12 12:00:00,15.2,46,0.0,32.2,Evora
2026-04-12 13:00:00,15.6,42,0.0,31.0,Evora
2026-04-12 14:00:00,15.5,41,0.0,30.8,Evora
2026-04-12 15:00:00,15.4,43,0.0,29.1,Evora
2026-04-12 16:00:00,14.8,47,0.0,27.9,Evora
2026-04-12 17:00:00,14.1,47,0.0,27.4,Evora
2026-04-12 18:00:00,12.9,52,0.0,27.4,Evora
2026-04-12 19:00:00,11.2,56,0.0,28.4,Evora
2026-04-12 20:00:00,10.2,60,0.0,27.9,Evora
2026-04-12 21:00:00,9.5,64,0.0,26.5,Evora
2026-04-12 22:00:00,9.0,69,0.0,25.2,Evora
2026-04-12 23:00:00,8.7,72,0.0,23.2,Evora
2026-04-13 00:00:00,8.3,77,0.0,20.1,Evora
2026-04-13 01:00:00,8.0,81,0.0,18.4,Evora
2026-04-13 02:00:00,7.7,85,0.0,16.4,Evora
2026-04-13 03:00:00,7.4,89,0.0,14.3,Evora
2026-04-13 04:00:00,7.0,92,0.0,12.4,Evora
2026-04-13 05:00:00,6.9,94,0.0,11.3,Evora
2026-04-13 06:00:00,6.9,94,0.0,11.8,Evora
2026-04-13 07:00:00,8.1,91,0.0,13.1,Evora
2026-04-13 08:00:00,10.3,83,0.0,13.9,Evora
2026-04-13 09:00:00,12.0,72,0.0,18.7,Evora
2026-04-13 10:00:00,13.3,66,0.0,18.8,Evora
2026-04-13 11:00:00,13.4,65,0.0,18.6,Evora
2026-04-13 12:00:00,14.5,62,0.1,19.6,Evora
2026-04-13 13:00:00,14.5,61,0.0,18.5,Evora
2026-04-13 14:00:00,14.7,60,0.0,18.7,Evora
2026-04-13 15:00:00,14.9,59,0.0,17.7,Evora
2026-04-13 16:00:00,14.7,59,0.0,18.8,Evora
2026-04-13 17:00:00,14.7,58,0.0,17.3,Evora
2026-04-13 18:00:00,14.1,62,0.0,14.2,Evora
2026-04-13 19:00:00,13.2,64,0.0,11.8,Evora
2026-04-13 20:00:00,12.4,67,0.0,13.8,Evora
2026-04-13 21:00:00,11.2,76,0.0,14.0,Evora
2026-04-13 22:00:00,10.3,84,0.0,12.1,Evora
2026-04-13 23:00:00,9.7,89,0.0,10.2,Evora
2026-04-14 00:00:00,9.3,95,0.0,9.0,Evora
2026-04-14 01:00:00,9.0,96,0.0,9.1,Evora
2026-04-14 02:00:00,8.8,97,0.0,8.0,Evora
2026-04-14 03:00:00,9.5,98,0.0,8.1,Evora
2026-04-14 04:00:00,10.0,98,0.0,7.3,Evora
2026-04-14 05:00:00,10.6,98,0.0,7.1,Evora
2026-04-14 06:00:00,11.0,99,0.0,5.7,Evora
2026-04-14 07:00:00,11.7,97,0.0,6.7,Evora
2026-04-14 08:00:00,12.6,91,0.0,6.9,Evora
2026-04-14 09:00:00,13.9,83,0.0,6.9,Evora
2026-04-14 10:00:00,15.3,75,0.1,7.2,Evora
2026-04-14 11:00:00,16.4,69,0.1,7.1,Evora
2026-04-14 12:00:00,16.5,69,0.1,8.3,Evora
2026-04-14 13:00:00,18.0,61,0.1,8.4,Evora
2026-04-14 14:00:00,18.1,59,0.0,8.5,Evora
2026-04-14 15:00:00,18.4,57,0.0,8.5,Evora
2026-04-14 16:00:00,18.3,57,0.0,8.7,Evora
2026-04-14 17:00:00,18.5,56,0.0,8.1,Evora
2026-04-14 18:00:00,18.1,64,0.0,4.7,Evora
2026-04-14 19:00:00,16.0,72,0.0,3.5,Evora
2026-04-14 20:00:00,14.7,76,0.0,8.3,Evora
2026-04-14 21:00:00,14.4,79,0.0,15.5,Evora
2026-04-14 22:00:00,13.2,85,0.0,16.5,Evora
2026-04-14 23:00:00,12.3,89,0.0,15.1,Evora
2026-04-15 00:00:00,11.8,92,0.0,14.8,Evora
2026-04-15 01:00:00,11.4,93,0.0,13.7,Evora
2026-04-15 02:00:00,10.9,95,0.0,12.4,Evora
2026-04-15 03:00:00,10.4,96,0.0,11.7,Evora
2026-04-15 04:00:00,10.1,98,0.0,11.8,Evora
2026-04-15 05:00:00,9.9,99,0.0,10.8,Evora
2026-04-15 06:00:00,10.1,99,0.0,10.8,Evora
2026-04-15 07:00:00,10.3,96,0.0,9.0,Evora
2026-04-15 08:00:00,11.9,89,0.0,7.6,Evora
2026-04-15 09:00:00,14.2,79,0.0,7.8,Evora
2026-04-15 10:00:00,16.0,70,0.0,9.6,Evora
2026-04-15 11:00:00,17.3,63,0.0,10.2,Evora
2026-04-15 12:00:00,18.4,60,0.0,11.0,Evora
2026-04-15 13:00:00,19.3,56,0.0,8.3,Evora
2026-04-15 14:00:00,20.0,55,0.0,8.2,Evora
2026-04-15 15:00:00,20.3,57,0.0,8.8,Evora
2026-04-15 16:00:00,20.4,58,0.0,10.4,Evora
2026-04-15 17:00:00,19.7,61,0.0,12.1,Evora
2026-04-15 18:00:00,19.1,64,0.0,10.2,Evora
2026-04-15 19:00:00,16.9,71,0.0,8.3,Evora
2026-04-15 20:00:00,15.6,74,0.0,11.8,Evora
2026-04-15 21:00:00,14.5,77,0.0,15.8,Evora
2026-04-15 22:00:00,13.4,82,0.0,16.4,Evora
2026-04-15 23:00:00,12.5,86,0.0,14.5,Evora
2026-04-16 00:00:00,11.7,87,0.0,13.6,Evora
2026-04-16 01:00:00,11.2,88,0.0,12.2,Evora
2026-04-16 02:00:00,10.6,90,0.0,12.0,Evora
2026-04-16 03:00:00,10.2,91,0.0,11.7,Evora
2026-04-16 04:00:00,9.9,92,0.0,11.5,Evora
2026-04-16 05:00:00,9.6,93,0.0,11.0,Evora
2026-04-16 06:00:00,9.5,94,0.0,10.6,Evora
2026-04-16 07:00:00,10.8,91,0.0,10.5,Evora
2026-04-16 08:00:00,13.4,85,0.0,6.5,Evora
2026-04-16 09:00:00,16.3,75,0.0,4.9,Evora
2026-04-16 10:00:00,18.7,63,0.0,3.6,Evora
2026-04-16 11:00:00,20.6,58,0.0,2.6,Evora
2026-04-16 12:00:00,22.0,52,0.0,1.5,Evora
2026-04-16 13:00:00,23.4,50,0.0,2.8,Evora
2026-04-16 14:00:00,24.0,47,0.0,3.8,Evora
2026-04-16 15:00:00,24.2,45,0.0,3.7,Evora
2026-04-16 16:00:00,24.2,45,0.0,3.2,Evora
2026-04-16 17:00:00,23.7,49,0.0,5.0,Evora
2026-04-16 18:00:00,22.2,55,0.0,7.2,Evora
2026-04-16 19:00:00,19.3,56,0.0,6.8,Evora
2026-04-16 20:00:00,17.6,56,0.0,8.0,Evora
2026-04-16 21:00:00,17.0,69,0.0,16.9,Evora
2026-04-16 22:00:00,15.9,76,0.0,14.5,Evora
2026-04-16 23:00:00,14.9,79,0.0,12.9,Evora
2026-04-17 00:00:00,13.8,85,0.0,11.7,Evora
2026-04-17 01:00:00,13.5,84,0.0,10.5,Evora
2026-04-17 02:00:00,13.0,84,0.0,10.3,Evora
2026-04-17 03:00:00,12.7,83,0.0,10.3,Evora
2026-04-17 04:00:00,12.3,82,0.0,9.9,Evora
2026-04-17 05:00:00,11.9,82,0.0,9.2,Evora
2026-04-17 06:00:00,11.5,85,0.0,6.7,Evora
2026-04-17 07:00:00,13.2,81,0.0,7.3,Evora
2026-04-17 08:00:00,16.6,73,0.0,4.7,Evora
2026-04-17 09:00:00,19.6,65,0.0,4.5,Evora
2026-04-17 10:00:00,21.8,58,0.0,5.2,Evora
2026-04-17 11:00:00,23.6,51,0.0,4.9,Evora
2026-04-17 12:00:00,24.9,47,0.0,5.4,Evora
2026-04-17 13:00:00,25.6,44,0.0,5.2,Evora
2026-04-17 14:00:00,26.0,41,0.0,3.7,Evora
2026-04-17 15:00:00,26.1,40,0.0,3.1,Evora
2026-04-17 16:00:00,26.0,40,0.0,4.5,Evora
2026-04-17 17:00:00,25.9,44,0.0,4.4,Evora
2026-04-17 18:00:00,24.9,58,0.0,3.3,Evora
2026-04-17 19:00:00,21.4,62,0.0,4.2,Evora
2026-04-17 20:00:00,18.8,64,0.0,4.3,Evora
2026-04-17 21:00:00,18.8,63,0.0,18.5,Evora
2026-04-17 22:00:00,18.2,61,0.0,9.5,Evora
2026-04-17 23:00:00,16.5,69,0.0,7.0,Evora
2026-04-18 00:00:00,16.1,72,0.0,10.3,Evora
2026-04-18 01:00:00,15.8,71,0.0,11.2,Evora
2026-04-18 02:00:00,14.9,74,0.0,6.7,Evora
2026-04-18 03:00:00,13.7,80,0.0,5.4,Evora
2026-04-18 04:00:00,13.3,82,0.0,4.9,Evora
2026-04-18 05:00:00,13.2,83,0.0,3.4,Evora
2026-04-18 06:00:00,12.8,86,0.0,3.3,Evora
2026-04-18 07:00:00,14.4,84,0.0,5.8,Evora
2026-04-18 08:00:00,17.1,74,0.0,5.8,Evora
2026-04-18 09:00:00,20.2,59,0.0,5.5,Evora
2026-04-18 10:00:00,22.7,43,0.0,8.8,Evora
2026-04-18 11:00:00,24.1,36,0.0,9.9,Evora
2026-04-18 12:00:00,25.3,35,0.0,9.2,Evora
2026-04-18 13:00:00,25.7,34,0.0,8.0,Evora
2026-04-18 14:00:00,26.3,34,0.0,7.4,Evora
2026-04-18 15:00:00,26.8,34,0.0,5.9,Evora
2026-04-18 16:00:00,26.9,34,0.0,6.2,Evora
2026-04-18 17:00:00,25.8,34,0.0,10.1,Evora
2026-04-18 18:00:00,24.4,39,0.0,15.6,Evora
2026-04-18 19:00:00,21.5,49,0.0,10.7,Evora
2026-04-18 20:00:00,19.1,59,0.0,9.4,Evora
2026-04-18 21:00:00,16.8,68,0.0,6.0,Evora
2026-04-18 22:00:00,15.3,73,0.0,5.1,Evora
2026-04-18 23:00:00,14.2,75,0.0,4.7,Evora
2026-04-19 00:00:00,14.1,76,0.0,3.1,Evora
2026-04-19 01:00:00,13.9,76,0.0,0.5,Evora
2026-04-19 02:00:00,12.8,81,0.0,2.5,Evora
2026-04-19 03:00:00,11.7,87,0.0,4.2,Evora
2026-04-19 04:00:00,11.7,86,0.0,3.9,Evora
2026-04-19 05:00:00,11.8,86,0.0,4.9,Evora
2026-04-19 06:00:00,11.9,85,0.0,5.9,Evora
2026-04-19 07:00:00,14.4,74,0.0,6.4,Evora
2026-04-19 08:00:00,16.8,67,0.0,6.1,Evora
2026-04-19 09:00:00,18.6,62,0.0,7.3,Evora
2026-04-19 10:00:00,20.4,56,0.0,8.0,Evora
2026-04-19 11:00:00,22.3,50,0.0,9.5,Evora
2026-04-19 12:00:00,24.1,41,0.0,10.7,Evora
2026-04-19 13:00:00,24.4,40,0.0,9.7,Evora
2026-04-19 14:00:00,25.0,39,0.0,8.5,Evora
2026-04-19 15:00:00,25.5,38,0.0,7.4,Evora
2026-04-19 16:00:00,25.5,37,0.0,7.6,Evora
2026-04-19 17:00:00,24.9,40,0.0,6.2,Evora
2026-04-19 18:00:00,24.4,40,0.0,4.5,Evora
2026-04-19 19:00:00,21.9,51,0.0,2.2,Evora
2026-04-19 20:00:00,18.6,58,0.0,6.1,Evora
2026-04-19 21:00:00,17.3,65,0.0,8.0,Evora
2026-04-19 22:00:00,16.0,76,0.0,6.2,Evora
2026-04-19 23:00:00,15.3,82,0.0,6.9,Evora
2026-04-20 00:00:00,15.4,81,0.0,8.9,Evora
2026-04-20 01:00:00,14.5,81,0.0,6.2,Evora
2026-04-20 02:00:00,13.3,85,0.0,5.2,Evora
2026-04-20 03:00:00,12.6,86,0.0,5.2,Evora
2026-04-20 04:00:00,12.3,86,0.0,5.7,Evora
2026-04-20 05:00:00,12.3,86,0.0,7.1,Evora
2026-04-20 06:00:00,12.3,90,0.0,9.5,Evora
2026-04-20 07:00:00,13.4,88,0.0,11.9,Evora
2026-04-20 08:00:00,15.6,82,0.0,8.6,Evora
2026-04-20 09:00:00,18.0,72,0.0,5.9,Evora
2026-04-20 10:00:00,21.0,56,0.0,7.1,Evora
2026-04-20 11:00:00,23.4,46,0.0,9.1,Evora
2026-04-20 12:00:00,25.4,34,0.0,10.7,Evora
2026-04-20 13:00:00,25.7,33,0.0,10.4,Evora
2026-04-20 14:00:00,26.4,32,0.0,9.5,Evora
2026-04-20 15:00:00,26.7,32,0.0,8.9,Evora
2026-04-20 16:00:00,26.6,32,0.0,8.8,Evora
2026-04-20 17:00:00,25.8,36,0.0,6.8,Evora
2026-04-20 18:00:00,24.9,53,0.0,3.4,Evora
2026-04-20 19:00:00,23.1,44,0.0,2.1,Evora
2026-04-20 20:00:00,21.0,47,0.0,1.0,Evora
2026-04-20 21:00:00,18.3,56,0.0,6.3,Evora
2026-04-20 22:00:00,17.9,50,0.0,8.4,Evora
2026-04-20 23:00:00,17.2,44,0.0,8.6,Evora
2026-04-21 00:00:00,17.8,41,0.0,11.7,Evora
2026-04-21 01:00:00,17.4,44,0.0,11.8,Evora
2026-04-21 02:00:00,16.5,51,0.0,7.5,Evora
2026-04-21 03:00:00,16.5,52,0.0,11.6,Evora
2026-04-21 04:00:00,16.6,51,0.0,9.8,Evora
2026-04-21 05:00:00,16.3,51,0.1,20.9,Evora
2026-04-21 06:00:00,17.8,46,0.0,15.8,Evora
2026-04-21 07:00:00,17.7,53,0.0,13.0,Evora
2026-04-21 08:00:00,18.7,55,0.0,15.0,Evora
2026-04-21 09:00:00,20.4,59,0.0,9.9,Evora
2026-04-21 10:00:00,21.9,56,0.4,14.5,Evora
2026-04-21 11:00:00,21.7,50,0.0,20.6,Evora
2026-04-21 12:00:00,23.1,49,0.0,15.8,Evora
2026-04-21 13:00:00,24.8,42,0.0,24.4,Evora
2026-04-21 14:00:00,25.2,41,0.0,23.0,Evora
2026-04-21 15:00:00,23.9,49,0.0,23.2,Evora
2026-04-21 16:00:00,20.9,64,0.6,23.3,Evora
2026-04-21 17:00:00,19.7,66,0.0,16.6,Evora
2026-04-21 18:00:00,19.5,66,0.0,14.4,Evora
2026-04-21 19:00:00,18.3,66,0.0,15.4,Evora
2026-04-21 20:00:00,16.4,78,0.0,17.2,Evora
2026-04-21 21:00:00,14.9,91,0.0,15.8,Evora
2026-04-21 22:00:00,14.2,94,0.0,13.0,Evora
2026-04-21 23:00:00,13.5,96,0.0,12.5,Evora
2026-04-22 00:00:00,13.9,87,0.0,11.6,Evora
2026-04-22 01:00:00,14.0,82,0.0,11.7,Evora
2026-04-22 02:00:00,13.8,80,0.0,12.3,Evora
2026-04-22 03:00:00,13.4,81,0.0,10.1,Evora
2026-04-22 04:00:00,12.3,87,0.0,6.2,Evora
2026-04-22 05:00:00,10.8,94,0.0,4.8,Evora
2026-04-22 06:00:00,10.5,96,0.0,4.1,Evora
2026-04-22 07:00:00,12.2,91,0.0,4.6,Evora
2026-04-22 08:00:00,14.2,78,0.0,4.8,Evora
2026-04-22 09:00:00,15.6,68,0.0,1.9,Evora
2026-04-22 10:00:00,16.7,63,0.0,5.6,Evora
2026-04-22 11:00:00,17.4,60,0.0,7.8,Evora
2026-04-22 12:00:00,18.0,58,0.0,7.3,Evora
2026-04-22 13:00:00,18.5,56,0.0,6.5,Evora
2026-04-22 14:00:00,19.5,53,0.0,6.4,Evora
2026-04-22 15:00:00,20.2,52,0.0,6.1,Evora
2026-04-22 16:00:00,20.6,49,0.0,4.2,Evora
2026-04-22 17:00:00,20.6,49,0.0,1.6,Evora
2026-04-22 18:00:00,19.7,53,0.0,4.5,Evora
2026-04-22 19:00:00,16.9,70,0.0,4.2,Evora
2026-04-22 20:00:00,15.6,70,0.0,4.4,Evora
2026-04-22 21:00:00,15.2,69,0.0,10.5,Evora
2026-04-22 22:00:00,14.2,68,0.0,12.6,Evora
2026-04-22 23:00:00,12.9,74,0.0,11.1,Evora
2026-04-23 00:00:00,12.0,85,0.0,11.0,Evora
2026-04-23 01:00:00,11.4,88,0.0,8.9,Evora
2026-04-23 02:00:00,10.7,90,0.0,6.1,Evora
2026-04-23 03:00:00,10.0,94,0.0,4.7,Evora
2026-04-23 04:00:00,9.1,95,0.0,3.6,Evora
2026-04-23 05:00:00,8.8,97,0.0,4.9,Evora
2026-04-23 06:00:00,8.9,97,0.0,7.0,Evora
2026-04-23 07:00:00,11.0,88,0.0,8.7,Evora
2026-04-23 08:00:00,13.6,79,0.0,6.1,Evora
2026-04-23 09:00:00,15.6,72,0.0,3.1,Evora
2026-04-23 10:00:00,17.3,66,0.0,2.6,Evora
2026-04-23 11:00:00,18.7,61,0.0,3.6,Evora
2026-04-23 12:00:00,19.7,60,0.1,3.1,Evora
2026-04-23 13:00:00,20.4,59,0.0,4.6,Evora
2026-04-23 14:00:00,21.2,55,0.0,6.9,Evora
2026-04-23 15:00:00,21.2,51,0.0,7.8,Evora
2026-04-23 16:00:00,21.4,47,0.0,7.2,Evora
2026-04-23 17:00:00,21.0,50,0.0,8.9,Evora
2026-04-23 18:00:00,18.6,62,0.0,15.7,Evora
2026-04-23 19:00:00,16.5,68,0.0,15.0,Evora
2026-04-23 20:00:00,15.1,73,0.0,14.6,Evora
2026-04-23 21:00:00,14.7,75,0.0,12.6,Evora
2026-04-23 22:00:00,13.9,80,0.0,12.4,Evora
2026-04-23 23:00:00,13.1,81,0.0,12.2,Evora
2026-04-24 00:00:00,12.3,85,0.0,8.7,Evora
2026-04-24 01:00:00,11.9,86,0.0,6.4,Evora
2026-04-24 02:00:00,11.4,89,0.0,5.0,Evora
2026-04-24 03:00:00,11.0,91,0.0,5.3,Evora
2026-04-24 04:00:00,10.5,94,0.0,7.2,Evora
2026-04-24 05:00:00,10.3,95,0.0,8.5,Evora
2026-04-24 06:00:00,10.5,95,0.0,9.9,Evora
2026-04-24 07:00:00,12.1,90,0.0,9.4,Evora
2026-04-24 08:00:00,13.6,83,0.0,8.7,Evora
2026-04-24 09:00:00,15.8,71,0.0,7.7,Evora
2026-04-24 10:00:00,17.6,62,0.0,6.1,Evora
2026-04-24 11:00:00,19.1,57,0.0,2.5,Evora
2026-04-24 12:00:00,20.4,52,0.0,3.0,Evora
2026-04-24 13:00:00,21.1,50,0.0,3.6,Evora
2026-04-24 14:00:00,22.0,47,0.0,3.6,Evora
2026-04-24 15:00:00,22.4,45,0.0,1.9,Evora
2026-04-24 16:00:00,22.7,43,0.0,5.2,Evora
2026-04-24 17:00:00,21.9,43,0.0,10.9,Evora
2026-04-24 18:00:00,21.5,47,0.0,5.7,Evora
2026-04-24 19:00:00,19.1,60,0.0,7.3,Evora
2026-04-24 20:00:00,17.4,64,0.0,17.8,Evora
2026-04-24 21:00:00,16.2,68,0.0,16.4,Evora
2026-04-24 22:00:00,15.3,71,0.0,15.1,Evora
2026-04-24 23:00:00,14.3,75,0.0,16.7,Evora
2026-04-25 00:00:00,13.6,84,0.0,17.2,Evora
2026-04-25 01:00:00,13.1,88,0.0,16.8,Evora
2026-04-25 02:00:00,12.4,93,0.0,16.3,Evora
2026-04-25 03:00:00,11.9,96,0.0,13.9,Evora
2026-04-25 04:00:00,11.7,98,0.0,12.1,Evora
2026-04-25 05:00:00,11.4,99,0.0,8.7,Evora
2026-04-25 06:00:00,11.2,100,0.0,2.8,Evora
2026-04-25 07:00:00,12.4,94,0.0,4.2,Evora
2026-04-25 08:00:00,14.6,86,0.0,2.7,Evora
2026-04-25 09:00:00,17.5,75,0.0,1.9,Evora
2026-04-25 10:00:00,20.2,67,0.0,2.9,Evora
2026-04-25 11:00:00,22.3,59,0.0,2.8,Evora
2026-04-25 12:00:00,23.2,54,0.1,2.5,Evora
2026-04-25 13:00:00,24.0,53,0.1,4.9,Evora
2026-04-25 14:00:00,24.5,52,0.0,5.7,Evora
2026-04-25 15:00:00,24.7,50,0.0,7.9,Evora
2026-04-25 16:00:00,24.4,49,0.0,7.5,Evora
2026-04-25 17:00:00,22.8,56,1.2,11.8,Evora
2026-04-25 18:00:00,17.6,90,7.4,3.9,Evora
2026-04-25 19:00:00,17.8,92,0.1,7.7,Evora
2026-04-25 20:00:00,17.4,88,0.0,6.6,Evora
2026-04-25 21:00:00,16.5,89,0.0,9.7,Evora
2026-04-25 22:00:00,15.7,91,0.0,9.6,Evora
2026-04-25 23:00:00,15.5,91,0.0,9.8,Evora
2026-04-26 00:00:00,15.7,94,0.0,8.5,Evora
2026-04-26 01:00:00,15.2,94,0.0,6.7,Evora
2026-04-26 02:00:00,14.7,96,0.0,6.1,Evora
2026-04-26 03:00:00,14.1,96,0.0,4.9,Evora
2026-04-26 04:00:00,13.5,97,0.0,4.4,Evora
2026-04-26 05:00:00,13.5,97,0.0,4.4,Evora
2026-04-26 06:00:00,13.9,100,0.0,5.8,Evora
2026-04-26 07:00:00,15.3,99,0.0,6.6,Evora
2026-04-26 08:00:00,16.7,94,0.0,5.8,Evora
2026-04-26 09:00:00,19.2,85,0.0,5.4,Evora
2026-04-26 10:00:00,21.5,70,0.0,7.1,Evora
2026-04-26 11:00:00,23.2,55,0.0,10.5,Evora
2026-04-26 12:00:00,24.6,42,0.0,12.5,Evora
2026-04-26 13:00:00,25.3,39,0.0,14.1,Evora
2026-04-26 14:00:00,25.8,37,0.0,13.7,Evora
2026-04-26 15:00:00,26.2,35,0.0,12.5,Evora
2026-04-26 16:00:00,26.1,34,0.0,12.2,Evora
2026-04-26 17:00:00,25.7,37,0.0,8.1,Evora
2026-04-26 18:00:00,24.6,55,0.0,4.0,Evora
2026-04-26 19:00:00,22.0,60,0.0,5.0,Evora
2026-04-26 20:00:00,21.0,56,0.0,13.6,Evora
2026-04-26 21:00:00,19.9,62,0.0,14.5,Evora
2026-04-26 22:00:00,18.9,64,0.0,14.0,Evora
2026-04-26 23:00:00,17.6,69,0.0,6.8,Evora
2026-04-27 00:00:00,16.7,76,0.0,1.7,Evora
2026-04-27 01:00:00,15.6,81,0.0,4.3,Evora
2026-04-27 02:00:00,15.2,86,0.0,3.2,Evora
2026-04-27 03:00:00,14.8,88,0.0,2.6,Evora
2026-04-27 04:00:00,14.4,90,0.0,2.2,Evora
2026-04-27 05:00:00,14.0,90,0.0,2.4,Evora
2026-04-27 06:00:00,14.1,91,0.0,5.5,Evora
2026-04-27 07:00:00,15.9,89,0.0,9.1,Evora
2026-04-27 08:00:00,18.0,86,0.0,6.0,Evora
2026-04-27 09:00:00,20.5,75,0.0,4.4,Evora
2026-04-27 10:00:00,22.8,63,0.0,5.0,Evora
2026-04-27 11:00:00,24.0,56,0.0,3.8,Evora
2026-04-27 12:00:00,25.6,45,0.0,5.9,Evora
2026-04-27 13:00:00,26.2,38,0.0,5.8,Evora
2026-04-27 14:00:00,26.9,33,0.0,5.5,Evora
2026-04-27 15:00:00,27.1,30,0.0,5.4,Evora
2026-04-27 16:00:00,26.8,30,0.0,4.2,Evora
2026-04-27 17:00:00,26.5,34,0.0,3.0,Evora
2026-04-27 18:00:00,24.5,43,0.0,5.8,Evora
2026-04-27 19:00:00,22.2,47,0.0,5.3,Evora
2026-04-27 20:00:00,21.1,41,0.0,6.3,Evora
2026-04-27 21:00:00,19.7,44,0.0,6.3,Evora
2026-04-27 22:00:00,18.5,49,0.0,8.2,Evora
2026-04-27 23:00:00,18.7,54,0.0,9.7,Evora
2026-04-28 00:00:00,17.8,64,0.0,8.1,Evora
2026-04-28 01:00:00,17.1,68,0.0,8.1,Evora
2026-04-28 02:00:00,15.6,75,0.0,4.1,Evora
2026-04-28 03:00:00,15.0,81,0.0,8.5,Evora
2026-04-28 04:00:00,14.7,93,0.0,11.6,Evora
2026-04-28 05:00:00,14.6,93,0.0,14.9,Evora
2026-04-28 06:00:00,14.4,96,0.0,10.9,Evora
2026-04-28 07:00:00,15.5,91,0.0,8.2,Evora
2026-04-28 08:00:00,17.5,83,0.0,7.4,Evora
2026-04-28 09:00:00,19.8,73,0.0,11.3,Evora
2026-04-28 10:00:00,21.4,62,0.0,10.0,Evora
2026-04-28 11:00:00,22.9,58,0.0,11.2,Evora
2026-04-28 12:00:00,23.8,54,0.0,11.3,Evora
2026-04-28 13:00:00,22.3,61,0.2,6.2,Evora
2026-04-28 14:00:00,23.0,58,0.0,8.0,Evora
2026-04-28 15:00:00,21.3,70,4.0,14.6,Evora
2026-04-28 16:00:00,17.9,85,2.2,8.5,Evora
2026-04-28 17:00:00,19.2,81,0.0,3.9,Evora
2026-04-28 18:00:00,19.8,75,0.0,4.2,Evora
2026-04-28 19:00:00,18.0,83,0.4,11.2,Evora
2026-04-28 20:00:00,16.1,93,1.1,1.0,Evora
2026-04-28 21:00:00,15.8,95,0.0,9.0,Evora
2026-04-28 22:00:00,15.0,98,0.0,4.9,Evora
2026-04-28 23:00:00,15.1,98,0.0,1.3,Evora
2026-04-29 00:00:00,15.1,100,0.3,7.8,Evora
2026-04-29 01:00:00,14.8,97,0.0,10.7,Evora
2026-04-29 02:00:00,14.5,96,0.0,9.1,Evora
2026-04-29 03:00:00,14.3,97,0.0,11.2,Evora
2026-04-29 04:00:00,14.0,96,0.0,14.5,Evora
2026-04-29 05:00:00,13.7,94,0.0,14.3,Evora
2026-04-29 06:00:00,14.3,95,0.2,13.9,Evora
2026-04-29 07:00:00,14.3,92,0.4,12.5,Evora
2026-04-29 08:00:00,14.2,91,0.2,12.5,Evora
2026-04-29 09:00:00,14.4,87,0.2,13.9,Evora
2026-04-29 10:00:00,14.7,81,0.3,12.6,Evora
2026-04-29 11:00:00,15.3,77,0.0,13.7,Evora
2026-04-29 12:00:00,17.5,63,0.2,20.1,Evora
2026-04-29 13:00:00,18.8,53,0.1,20.7,Evora
2026-04-29 14:00:00,18.9,49,0.0,21.3,Evora
2026-04-29 15:00:00,18.6,49,0.0,20.9,Evora
2026-04-29 16:00:00,18.2,49,0.0,20.4,Evora
2026-04-29 17:00:00,17.2,53,0.0,20.0,Evora
2026-04-29 18:00:00,16.1,58,0.0,17.0,Evora
2026-04-29 19:00:00,14.8,66,0.0,13.7,Evora
2026-04-29 20:00:00,13.4,73,0.0,12.1,Evora
2026-04-29 21:00:00,12.5,81,0.0,10.6,Evora
2026-04-29 22:00:00,11.8,88,0.0,10.0,Evora
2026-04-29 23:00:00,11.3,94,0.0,9.3,Evora
2026-04-30 00:00:00,11.3,95,0.0,7.7,Evora
2026-04-30 01:00:00,10.8,97,0.0,5.1,Evora
2026-04-30 02:00:00,10.1,97,0.0,4.4,Evora
2026-04-30 03:00:00,9.8,98,0.0,3.2,Evora
2026-04-30 04:00:00,9.4,99,0.0,2.5,Evora
2026-04-30 05:00:00,9.1,100,0.0,2.3,Evora
2026-04-30 06:00:00,9.9,100,0.0,2.1,Evora
2026-04-30 07:00:00,11.7,97,0.0,2.7,Evora
2026-04-30 08:00:00,13.9,88,0.0,2.5,Evora
2026-04-30 09:00:00,15.8,73,0.0,5.1,Evora
2026-04-30 10:00:00,17.0,63,0.0,5.8,Evora
2026-04-30 11:00:00,18.0,56,0.0,6.2,Evora
2026-04-30 12:00:00,18.1,54,0.0,4.9,Evora
2026-04-30 13:00:00,19.0,50,0.0,5.0,Evora
2026-04-30 14:00:00,19.6,48,0.0,4.7,Evora
2026-04-30 15:00:00,19.4,48,0.0,4.4,Evora
2026-04-30 16:00:00,19.5,48,0.0,2.4,Evora
2026-04-30 17:00:00,19.5,47,0.0,0.7,Evora
2026-04-30 18:00:00,18.8,50,0.0,3.1,Evora
2026-04-30 19:00:00,17.6,66,0.0,0.4,Evora
2026-04-30 20:00:00,15.4,67,0.0,13.6,Evora
2026-04-30 21:00:00,14.4,72,0.0,13.6,Evora
2026-04-30 22:00:00,13.6,82,0.0,12.7,Evora
2026-04-30 23:00:00,12.9,89,0.0,12.7,Evora
2026-05-01 00:00:00,12.3,90,0.0,10.2,Evora
2026-05-01 01:00:00,11.9,92,0.0,9.0,Evora
2026-05-01 02:00:00,11.4,93,0.0,7.2,Evora
2026-05-01 03:00:00,11.3,93,0.0,7.4,Evora
2026-05-01 04:00:00,10.8,94,0.0,5.9,Evora
2026-05-01 05:00:00,10.1,96,0.0,5.0,Evora
2026-05-01 06:00:00,10.5,94,0.0,6.1,Evora
2026-05-01 07:00:00,12.7,89,0.0,5.1,Evora
2026-05-01 08:00:00,15.5,79,0.0,2.1,Evora
2026-05-01 09:00:00,17.6,67,0.0,0.7,Evora
2026-05-01 10:00:00,19.1,58,0.0,2.9,Evora
2026-05-01 11:00:00,20.2,53,0.0,4.4,Evora
2026-05-01 12:00:00,20.7,51,0.0,5.2,Evora
2026-05-01 13:00:00,21.4,49,0.0,4.5,Evora
2026-05-01 14:00:00,21.6,48,0.0,5.0,Evora
2026-05-01 15:00:00,22.0,48,0.0,6.4,Evora
2026-05-01 16:00:00,21.7,46,0.0,8.9,Evora
2026-05-01 17:00:00,21.5,43,0.0,7.8,Evora
2026-05-01 18:00:00,21.1,48,0.0,5.1,Evora
2026-05-01 19:00:00,18.8,57,0.0,12.4,Evora
2026-05-01 20:00:00,16.7,62,0.0,15.5,Evora
2026-05-01 21:00:00,16.0,64,0.0,11.4,Evora
2026-05-01 22:00:00,15.4,67,0.0,9.9,Evora
2026-05-01 23:00:00,14.8,72,0.0,8.5,Evora
2026-05-02 00:00:00,14.4,81,0.0,7.6,Evora
2026-05-02 01:00:00,13.9,85,0.0,5.1,Evora
2026-05-02 02:00:00,13.6,89,0.0,2.0,Evora
2026-05-02 03:00:00,13.1,91,0.0,2.2,Evora
2026-05-02 04:00:00,12.8,93,0.0,2.1,Evora
2026-05-02 05:00:00,12.8,92,0.0,4.7,Evora
2026-05-02 06:00:00,13.0,93,0.0,4.1,Evora
2026-05-02 07:00:00,13.8,89,0.0,4.8,Evora
2026-05-02 08:00:00,15.6,75,0.0,5.1,Evora
2026-05-02 09:00:00,17.2,63,0.0,7.4,Evora
2026-05-02 10:00:00,17.8,63,0.6,11.5,Evora
2026-05-02 11:00:00,18.0,59,0.0,12.5,Evora
2026-05-02 12:00:00,19.3,54,0.0,12.1,Evora
2026-05-02 13:00:00,19.8,53,0.0,10.5,Evora
2026-05-02 14:00:00,20.5,51,0.1,12.1,Evora
2026-05-02 15:00:00,21.2,49,0.1,13.7,Evora
2026-05-02 16:00:00,21.1,49,0.0,15.8,Evora
2026-05-02 17:00:00,19.8,57,0.0,17.0,Evora
2026-05-02 18:00:00,19.0,60,0.0,15.0,Evora
2026-05-02 19:00:00,17.4,67,0.0,12.7,Evora
2026-05-02 20:00:00,15.7,73,0.0,11.7,Evora
2026-05-02 21:00:00,14.7,79,0.0,12.4,Evora
2026-05-02 22:00:00,14.0,87,0.0,12.2,Evora
2026-05-02 23:00:00,13.5,94,0.0,9.9,Evora
2026-05-03 00:00:00,13.6,97,0.0,7.9,Evora
2026-05-03 01:00:00,13.0,99,0.0,7.3,Evora
2026-05-03 02:00:00,12.6,100,0.0,6.1,Evora
2026-05-03 03:00:00,12.8,99,0.0,8.0,Evora
2026-05-03 04:00:00,12.8,96,0.0,7.2,Evora
2026-05-03 05:00:00,12.4,96,0.0,5.3,Evora
2026-05-03 06:00:00,12.0,99,0.0,6.1,Evora
2026-05-03 07:00:00,12.4,98,0.0,8.0,Evora
2026-05-03 08:00:00,13.7,85,0.0,7.8,Evora
2026-05-03 09:00:00,15.5,70,0.0,9.8,Evora
2026-05-03 10:00:00,16.9,62,0.1,10.6,Evora
2026-05-03 11:00:00,17.2,61,0.0,11.1,Evora
2026-05-03 12:00:00,17.8,59,0.1,10.5,Evora
2026-05-03 13:00:00,18.4,56,0.0,10.9,Evora
2026-05-03 14:00:00,19.3,51,0.2,12.9,Evora
2026-05-03 15:00:00,18.9,51,0.0,14.2,Evora
2026-05-03 16:00:00,18.6,53,0.0,17.4,Evora
2026-05-03 17:00:00,18.0,57,0.0,16.6,Evora
2026-05-03 18:00:00,17.3,60,0.0,15.0,Evora
2026-05-03 19:00:00,15.9,68,0.0,13.2,Evora
2026-05-03 20:00:00,14.2,79,0.0,10.1,Evora
2026-05-03 21:00:00,13.3,86,0.0,9.1,Evora
2026-05-03 22:00:00,12.6,88,0.0,11.4,Evora
2026-05-03 23:00:00,11.8,91,0.0,12.0,Evora
2026-05-04 00:00:00,11.4,93,0.0,12.1,Evora
2026-05-04 01:00:00,10.8,95,0.0,11.8,Evora
2026-05-04 02:00:00,10.4,95,0.0,11.1,Evora
2026-05-04 03:00:00,10.1,95,0.0,11.0,Evora
2026-05-04 04:00:00,9.7,96,0.0,10.7,Evora
2026-05-04 05:00:00,9.3,96,0.0,10.8,Evora
2026-05-04 06:00:00,9.6,96,0.0,11.0,Evora
2026-05-04 07:00:00,11.3,89,0.0,11.0,Evora
2026-05-04 08:00:00,13.4,75,0.0,14.7,Evora
2026-05-04 09:00:00,14.9,65,0.0,13.4,Evora
2026-05-04 10:00:00,16.2,57,0.0,13.1,Evora
2026-05-04 11:00:00,17.2,51,0.1,13.8,Evora
2026-05-04 12:00:00,18.3,47,0.1,13.7,Evora
2026-05-04 13:00:00,19.0,42,0.0,15.0,Evora
2026-05-04 14:00:00,18.2,41,0.0,15.5,Evora
2026-05-04 15:00:00,17.9,43,0.0,14.6,Evora
2026-05-04 16:00:00,18.3,40,0.0,16.5,Evora
2026-05-04 17:00:00,17.2,45,0.0,15.6,Evora
2026-05-04 18:00:00,17.0,46,0.0,13.8,Evora
2026-05-04 19:00:00,15.4,53,0.0,17.1,Evora
2026-05-04 20:00:00,13.7,58,0.0,15.8,Evora
2026-05-04 21:00:00,12.5,67,0.0,16.5,Evora
2026-05-04 22:00:00,11.6,73,0.0,15.2,Evora
2026-05-04 23:00:00,10.7,80,0.0,15.0,Evora
2026-05-05 00:00:00,10.2,87,0.0,14.6,Evora
2026-05-05 01:00:00,9.7,91,0.0,12.7,Evora
2026-05-05 02:00:00,9.3,93,0.0,12.4,Evora
2026-05-05 03:00:00,9.0,94,0.0,11.2,Evora
2026-05-05 04:00:00,8.7,95,0.0,11.0,Evora
2026-05-05 05:00:00,8.5,96,0.0,10.3,Evora
2026-05-05 06:00:00,8.6,96,0.0,8.7,Evora
2026-05-05 07:00:00,10.7,86,0.0,10.4,Evora
2026-05-05 08:00:00,12.7,73,0.0,14.6,Evora
2026-05-05 09:00:00,14.2,65,0.0,13.5,Evora
2026-05-05 10:00:00,15.7,57,0.0,13.0,Evora
2026-05-05 11:00:00,17.2,48,0.0,14.3,Evora
2026-05-05 12:00:00,17.7,44,0.0,14.2,Evora
2026-05-05 13:00:00,18.0,43,0.0,13.9,Evora
2026-05-05 14:00:00,18.5,41,0.0,14.1,Evora
2026-05-05 15:00:00,18.0,46,0.0,14.4,Evora
2026-05-05 16:00:00,18.4,43,0.0,12.3,Evora
2026-05-05 17:00:00,17.6,47,0.0,15.9,Evora
2026-05-05 18:00:00,17.1,50,0.0,12.4,Evora
2026-05-05 19:00:00,15.7,56,0.0,12.3,Evora
2026-05-05 20:00:00,14.3,62,0.0,18.0,Evora
2026-05-05 21:00:00,13.1,71,0.0,19.5,Evora
2026-05-05 22:00:00,12.3,76,0.0,19.6,Evora
2026-05-05 23:00:00,11.3,82,0.0,19.1,Evora
2026-05-06 00:00:00,10.6,87,0.0,18.0,Evora
2026-05-06 01:00:00,10.1,90,0.0,16.8,Evora
2026-05-06 02:00:00,9.6,93,0.0,15.3,Evora
2026-05-06 03:00:00,9.1,94,0.0,13.7,Evora
2026-05-06 04:00:00,8.8,95,0.0,11.8,Evora
2026-05-06 05:00:00,8.4,96,0.0,11.4,Evora
2026-05-06 06:00:00,8.7,96,0.0,12.1,Evora
2026-05-06 07:00:00,10.4,90,0.0,9.8,Evora
2026-05-06 08:00:00,12.5,80,0.0,9.0,Evora
2026-05-06 09:00:00,14.8,69,0.0,8.3,Evora
2026-05-06 10:00:00,16.5,60,0.0,6.1,Evora
2026-05-06 11:00:00,18.2,52,0.0,5.8,Evora
2026-05-06 12:00:00,19.1,44,0.0,7.9,Evora
2026-05-06 13:00:00,19.9,39,0.0,5.5,Evora
2026-05-06 14:00:00,20.5,35,0.0,2.2,Evora
2026-05-06 15:00:00,20.9,34,0.0,1.1,Evora
2026-05-06 16:00:00,21.1,33,0.0,1.7,Evora
2026-05-06 17:00:00,20.3,34,0.0,6.9,Evora
2026-05-06 18:00:00,19.2,41,0.0,9.8,Evora
2026-05-06 19:00:00,17.3,49,0.0,19.8,Evora
2026-05-06 20:00:00,14.8,64,0.0,20.8,Evora
2026-05-06 21:00:00,13.8,68,0.0,21.1,Evora
2026-05-06 22:00:00,13.0,70,0.0,18.7,Evora
2026-05-06 23:00:00,12.2,73,0.0,17.3,Evora
2026-05-07 00:00:00,11.2,79,0.0,16.9,Evora
2026-05-07 01:00:00,10.7,83,0.0,16.7,Evora
2026-05-07 02:00:00,10.2,88,0.0,15.6,Evora
2026-05-07 03:00:00,9.8,93,0.0,15.5,Evora
2026-05-07 04:00:00,9.6,95,0.0,14.7,Evora
2026-05-07 05:00:00,9.5,96,0.0,12.9,Evora
2026-05-07 06:00:00,9.7,96,0.0,10.6,Evora
2026-05-07 07:00:00,11.4,88,0.0,10.1,Evora
2026-05-07 08:00:00,13.1,81,0.0,7.1,Evora
2026-05-07 09:00:00,15.1,72,0.0,7.1,Evora
2026-05-07 10:00:00,16.9,60,0.0,6.2,Evora
2026-05-07 11:00:00,18.3,50,0.1,5.8,Evora
2026-05-07 12:00:00,18.6,49,0.0,8.5,Evora
2026-05-07 13:00:00,19.4,45,0.0,10.7,Evora
2026-05-07 14:00:00,20.3,40,0.0,11.3,Evora
2026-05-07 15:00:00,20.4,39,0.0,11.1,Evora
2026-05-07 16:00:00,20.4,37,0.0,12.5,Evora
2026-05-07 17:00:00,18.7,41,0.0,17.0,Evora
2026-05-07 18:00:00,17.2,44,0.0,21.8,Evora
2026-05-07 19:00:00,15.4,48,0.0,19.3,Evora
2026-05-07 20:00:00,14.9,50,0.0,14.9,Evora
2026-05-07 21:00:00,14.1,57,0.0,13.0,Evora
2026-05-07 22:00:00,13.2,63,0.0,10.5,Evora
2026-05-07 23:00:00,12.6,67,0.0,9.0,Evora
2026-05-08 00:00:00,12.0,74,0.0,5.5,Evora
2026-05-08 01:00:00,12.1,75,0.0,4.6,Evora
2026-05-08 02:00:00,11.9,78,0.0,4.6,Evora
2026-05-08 03:00:00,11.4,82,0.0,3.2,Evora
2026-05-08 04:00:00,11.1,85,0.0,4.2,Evora
2026-05-08 05:00:00,10.6,87,0.0,3.4,Evora
2026-05-08 06:00:00,9.9,91,0.0,3.0,Evora
2026-05-08 07:00:00,12.1,82,0.0,4.3,Evora
2026-05-08 08:00:00,13.9,68,0.0,6.7,Evora
2026-05-08 09:00:00,15.5,59,0.0,9.0,Evora
2026-05-08 10:00:00,16.7,50,0.1,13.2,Evora
2026-05-08 11:00:00,17.9,46,0.0,14.2,Evora
2026-05-08 12:00:00,18.5,41,0.0,17.1,Evora
2026-05-08 13:00:00,18.5,41,0.0,16.0,Evora
2026-05-08 14:00:00,19.1,41,0.0,16.8,Evora
2026-05-08 15:00:00,19.1,43,0.0,17.6,Evora
2026-05-08 16:00:00,18.5,46,0.1,16.2,Evora
2026-05-08 17:00:00,18.8,43,0.1,18.1,Evora
2026-05-08 18:00:00,17.5,53,0.0,15.1,Evora
2026-05-08 19:00:00,15.7,62,0.0,20.9,Evora
2026-05-08 20:00:00,13.3,81,1.4,12.0,Evora
2026-05-08 21:00:00,12.7,90,0.5,17.4,Evora
2026-05-08 22:00:00,12.3,95,0.7,18.1,Evora
2026-05-08 23:00:00,12.2,92,0.6,19.7,Evora
2026-05-09 00:00:00,12.4,92,0.0,16.4,Evora
2026-05-09 01:00:00,12.2,93,0.0,18.2,Evora
2026-05-09 02:00:00,11.9,95,0.0,18.0,Evora
2026-05-09 03:00:00,11.8,93,0.1,20.8,Evora
2026-05-09 04:00:00,11.2,96,2.8,19.2,Evora
2026-05-09 05:00:00,11.8,95,0.2,23.6,Evora
2026-05-09 06:00:00,11.5,94,0.2,15.7,Evora
2026-05-09 07:00:00,12.6,96,0.6,16.7,Evora
2026-05-09 08:00:00,12.2,93,2.3,20.5,Evora
2026-05-09 09:00:00,13.9,89,0.3,22.7,Evora
2026-05-09 10:00:00,15.3,81,0.2,23.7,Evora
2026-05-09 11:00:00,16.2,68,0.1,25.2,Evora
2026-05-09 12:00:00,17.9,57,0.1,26.4,Evora
2026-05-09 13:00:00,18.8,54,0.0,25.8,Evora
2026-05-09 14:00:00,16.6,68,1.1,20.2,Evora
2026-05-09 15:00:00,16.2,66,0.3,31.1,Evora
2026-05-09 16:00:00,16.7,65,0.4,28.9,Evora
2026-05-09 17:00:00,15.5,77,2.5,21.4,Evora
2026-05-09 18:00:00,13.4,84,0.3,17.6,Evora
2026-05-09 19:00:00,13.2,87,0.2,19.0,Evora
2026-05-09 20:00:00,12.1,92,0.4,17.8,Evora
2026-05-09 21:00:00,11.7,95,0.0,14.7,Evora
2026-05-09 22:00:00,11.6,94,0.0,13.9,Evora
2026-05-09 23:00:00,11.0,95,0.2,13.7,Evora
2026-05-10 00:00:00,12.0,94,0.4,16.4,Evora
2026-05-10 01:00:00,10.8,94,0.4,13.7,Evora
2026-05-10 02:00:00,11.3,94,0.2,16.6,Evora
2026-05-10 03:00:00,10.8,96,0.1,16.4,Evora
2026-05-10 04:00:00,10.8,96,0.0,18.1,Evora
2026-05-10 05:00:00,10.8,94,0.0,15.3,Evora
2026-05-10 06:00:00,10.7,92,0.0,14.9,Evora
2026-05-10 07:00:00,11.2,91,0.2,15.1,Evora
2026-05-10 08:00:00,12.0,89,0.0,12.8,Evora
2026-05-10 09:00:00,13.3,83,0.0,16.1,Evora
2026-05-10 10:00:00,15.8,69,0.0,21.2,Evora
2026-05-10 11:00:00,17.0,58,0.1,24.3,Evora
2026-05-10 12:00:00,17.1,51,0.1,28.2,Evora
2026-05-10 13:00:00,17.0,50,0.0,27.9,Evora
2026-05-10 14:00:00,17.5,48,0.0,25.2,Evora
2026-05-10 15:00:00,17.6,49,0.2,25.6,Evora
2026-05-10 16:00:00,17.2,53,0.1,26.2,Evora
2026-05-10 17:00:00,16.2,60,0.1,20.8,Evora
2026-05-10 18:00:00,15.1,71,0.1,21.9,Evora
2026-05-10 19:00:00,14.2,75,0.1,17.5,Evora
2026-05-10 20:00:00,13.4,81,0.2,18.6,Evora
2026-05-10 21:00:00,12.9,82,0.0,17.7,Evora
2026-05-10 22:00:00,12.7,82,0.0,17.7,Evora
2026-05-10 23:00:00,12.5,82,0.0,17.4,Evora
2026-05-11 00:00:00,12.4,92,0.0,16.5,Evora
2026-05-11 01:00:00,12.5,91,0.0,17.0,Evora
2026-05-11 02:00:00,12.3,91,0.1,16.5,Evora
2026-05-11 03:00:00,12.3,92,0.1,16.1,Evora
2026-05-11 04:00:00,12.3,92,0.0,16.2,Evora
2026-05-11 05:00:00,12.1,92,1.9,15.0,Evora
2026-05-11 06:00:00,12.6,92,2.1,18.8,Evora
2026-05-11 07:00:00,12.9,91,1.2,19.1,Evora
2026-05-11 08:00:00,13.8,90,1.7,18.8,Evora
2026-05-11 09:00:00,14.2,80,0.8,18.0,Evora
2026-05-11 10:00:00,15.7,78,0.2,18.1,Evora
2026-05-11 11:00:00,15.5,77,0.1,17.8,Evora
2026-05-11 12:00:00,16.2,80,0.1,14.0,Evora
2026-05-11 13:00:00,17.9,66,0.2,20.6,Evora
2026-05-11 14:00:00,17.2,71,0.4,15.0,Evora
2026-05-11 15:00:00,18.4,64,0.0,18.5,Evora
2026-05-11 16:00:00,16.1,74,0.3,13.9,Evora
2026-05-11 17:00:00,17.0,69,0.1,16.3,Evora
2026-05-11 18:00:00,15.9,72,0.0,16.1,Evora
2026-05-11 19:00:00,15.1,77,0.1,12.3,Evora
2026-05-11 20:00:00,13.9,84,0.3,9.3,Evora
2026-05-11 21:00:00,12.7,93,0.5,9.7,Evora
2026-05-11 22:00:00,12.3,95,0.0,11.0,Evora
2026-05-11 23:00:00,11.8,94,0.1,16.6,Evora
2026-05-12 00:00:00,11.6,97,0.0,13.2,Evora
2026-05-12 01:00:00,11.6,98,0.0,12.7,Evora
2026-05-12 02:00:00,11.1,98,0.0,11.0,Evora
2026-05-12 03:00:00,11.3,97,0.0,9.7,Evora
2026-05-12 04:00:00,11.0,97,0.0,7.5,Evora
2026-05-12 05:00:00,10.8,98,0.0,3.1,Evora
2026-05-12 06:00:00,12.2,99,0.0,7.7,Evora
2026-05-12 07:00:00,12.3,98,0.0,10.3,Evora
2026-05-12 08:00:00,12.9,95,0.0,10.0,Evora
2026-05-12 09:00:00,14.7,82,0.0,9.3,Evora
2026-05-12 10:00:00,16.7,72,0.1,11.6,Evora
2026-05-12 11:00:00,18.0,63,0.1,13.9,Evora
2026-05-12 12:00:00,18.0,58,0.1,14.0,Evora
2026-05-12 13:00:00,18.6,57,0.2,14.0,Evora
2026-05-12 14:00:00,18.9,59,0.1,17.5,Evora
2026-05-12 15:00:00,19.2,56,0.1,15.7,Evora
2026-05-12 16:00:00,19.0,55,0.0,16.7,Evora
2026-05-12 17:00:00,18.0,56,0.1,18.8,Evora
2026-05-12 18:00:00,17.0,63,0.0,13.9,Evora
2026-05-12 19:00:00,15.7,72,0.0,10.8,Evora
2026-05-12 20:00:00,14.3,80,0.0,10.3,Evora
2026-05-12 21:00:00,13.2,88,0.0,8.6,Evora
2026-05-12 22:00:00,12.5,93,0.0,6.3,Evora
2026-05-12 23:00:00,11.9,94,0.0,4.9,Evora
2026-05-13 00:00:00,11.4,96,0.0,3.1,Evora
2026-05-13 01:00:00,10.9,98,0.0,1.9,Evora
2026-05-13 02:00:00,10.6,99,0.0,2.5,Evora
2026-05-13 03:00:00,10.4,100,0.0,3.5,Evora
2026-05-13 04:00:00,11.4,98,0.0,3.8,Evora
2026-05-13 05:00:00,12.2,95,0.0,4.4,Evora
2026-05-13 06:00:00,11.5,99,0.0,3.9,Evora
2026-05-13 07:00:00,13.0,94,0.0,4.9,Evora
2026-05-13 08:00:00,14.6,89,0.1,5.8,Evora
2026-05-13 09:00:00,16.1,80,0.0,6.2,Evora
2026-05-13 10:00:00,17.0,76,0.0,5.8,Evora
2026-05-13 11:00:00,18.0,70,0.1,5.4,Evora
2026-05-13 12:00:00,18.7,57,0.2,5.5,Evora
2026-05-13 13:00:00,19.3,54,0.2,7.3,Evora
2026-05-13 14:00:00,19.7,52,0.3,9.3,Evora
2026-05-13 15:00:00,18.0,63,0.3,12.6,Evora
2026-05-13 16:00:00,17.9,72,0.5,11.1,Evora
2026-05-13 17:00:00,17.1,75,0.5,12.9,Evora
2026-05-13 18:00:00,17.5,69,0.0,11.7,Evora
2026-05-13 19:00:00,16.2,73,0.0,11.9,Evora
2026-05-13 20:00:00,14.2,85,0.0,10.5,Evora
2026-05-13 21:00:00,13.5,89,0.0,8.9,Evora
2026-05-13 22:00:00,13.0,92,0.0,7.9,Evora
2026-05-13 23:00:00,12.6,93,0.0,7.7,Evora
2026-05-14 00:00:00,12.6,93,0.0,11.5,Evora
2026-05-14 01:00:00,12.1,95,0.0,11.4,Evora
2026-05-14 02:00:00,11.5,96,0.0,11.2,Evora
2026-05-14 03:00:00,11.0,96,0.0,10.4,Evora
2026-05-14 04:00:00,10.6,96,0.0,12.1,Evora
2026-05-14 05:00:00,10.3,98,0.0,14.8,Evora
2026-05-14 06:00:00,10.8,97,0.0,13.1,Evora
2026-05-14 07:00:00,12.1,91,0.0,12.0,Evora
2026-05-14 08:00:00,13.8,83,0.0,12.5,Evora
2026-05-14 09:00:00,15.6,75,0.0,13.0,Evora
2026-05-14 10:00:00,17.2,68,0.0,11.4,Evora
2026-05-14 11:00:00,18.7,60,0.0,11.2,Evora
2026-05-14 12:00:00,19.7,55,0.0,10.7,Evora
2026-05-14 13:00:00,20.5,51,0.0,10.3,Evora
2026-05-14 14:00:00,21.1,48,0.0,11.1,Evora
2026-05-14 15:00:00,21.6,44,0.0,13.1,Evora
2026-05-14 16:00:00,21.1,44,0.0,17.7,Evora
2026-05-14 17:00:00,20.6,46,0.0,16.9,Evora
2026-05-14 18:00:00,19.0,52,0.0,19.1,Evora
2026-05-14 19:00:00,16.9,57,0.0,16.9,Evora
2026-05-14 20:00:00,14.9,70,0.0,17.2,Evora
2026-05-14 21:00:00,13.7,76,0.0,19.0,Evora
2026-05-14 22:00:00,12.6,81,0.0,18.5,Evora
2026-05-14 23:00:00,11.9,84,0.0,20.2,Evora
2026-05-15 00:00:00,11.2,88,0.0,16.8,Evora
2026-05-15 01:00:00,10.8,90,0.0,17.5,Evora
2026-05-15 02:00:00,10.5,92,0.0,17.1,Evora
2026-05-15 03:00:00,10.3,92,0.0,18.6,Evora
2026-05-15 04:00:00,10.0,90,0.0,20.6,Evora
2026-05-15 05:00:00,9.8,88,0.0,23.2,Evora
2026-05-15 06:00:00,10.0,86,0.0,22.8,Evora
2026-05-15 07:00:00,11.4,81,0.0,19.6,Evora
2026-05-15 08:00:00,13.1,73,0.0,22.6,Evora
2026-05-15 09:00:00,14.8,62,0.0,27.6,Evora
2026-05-15 10:00:00,16.3,57,0.0,28.8,Evora
2026-05-15 11:00:00,17.5,53,0.0,26.1,Evora
2026-05-15 12:00:00,18.8,49,0.0,25.6,Evora
2026-05-15 13:00:00,19.9,44,0.0,25.8,Evora
2026-05-15 14:00:00,20.0,43,0.0,24.9,Evora
2026-05-15 15:00:00,19.4,46,0.0,22.6,Evora
2026-05-15 16:00:00,19.0,47,0.0,22.4,Evora
2026-05-15 17:00:00,18.5,46,0.0,21.1,Evora
2026-05-15 18:00:00,17.7,52,0.0,19.3,Evora
2026-05-15 19:00:00,16.4,59,0.0,18.0,Evora
2026-05-15 20:00:00,14.8,66,0.0,18.9,Evora
2026-05-15 21:00:00,13.8,72,0.0,19.5,Evora
2026-05-15 22:00:00,13.0,75,0.0,20.7,Evora
2026-05-15 23:00:00,12.2,79,0.0,20.7,Evora
2026-05-16 00:00:00,11.3,85,0.0,20.9,Evora
2026-05-16 01:00:00,10.8,88,0.0,20.6,Evora
2026-05-16 02:00:00,10.5,90,0.0,19.7,Evora
2026-05-16 03:00:00,10.2,92,0.0,18.5,Evora
2026-05-16 04:00:00,9.9,94,0.0,16.6,Evora
2026-05-16 05:00:00,9.7,95,0.0,13.9,Evora
2026-05-16 06:00:00,10.0,93,0.0,11.7,Evora
2026-05-16 07:00:00,11.8,87,0.0,9.1,Evora
2026-05-16 08:00:00,14.4,76,0.0,9.3,Evora
2026-05-16 09:00:00,16.6,64,0.0,8.6,Evora
2026-05-16 10:00:00,18.3,54,0.0,7.0,Evora
2026-05-16 11:00:00,19.4,51,0.0,5.0,Evora
2026-05-16 12:00:00,20.4,44,0.0,7.1,Evora
2026-05-16 13:00:00,21.0,41,0.0,8.4,Evora
2026-05-16 14:00:00,21.6,39,0.0,8.9,Evora
2026-05-16 15:00:00,21.9,39,0.0,9.2,Evora
2026-05-16 16:00:00,21.8,39,0.0,11.0,Evora
2026-05-16 17:00:00,21.3,39,0.0,13.8,Evora
2026-05-16 18:00:00,20.3,44,0.0,15.9,Evora
2026-05-16 19:00:00,18.0,54,0.0,19.2,Evora
2026-05-16 20:00:00,15.7,62,0.0,19.5,Evora
2026-05-16 21:00:00,14.1,72,0.0,18.7,Evora
2026-05-16 22:00:00,12.9,79,0.0,18.0,Evora
2026-05-16 23:00:00,11.9,83,0.0,17.0,Evora
2026-05-17 00:00:00,11.4,84,0.0,17.3,Evora
2026-05-17 01:00:00,10.7,85,0.0,16.4,Evora
2026-05-17 02:00:00,10.4,85,0.0,16.6,Evora
2026-05-17 03:00:00,10.1,86,0.0,16.1,Evora
2026-05-17 04:00:00,9.9,87,0.0,15.3,Evora
2026-05-17 05:00:00,10.0,85,0.0,15.5,Evora
2026-05-17 06:00:00,10.7,83,0.0,14.8,Evora
2026-05-17 07:00:00,12.1,78,0.0,11.6,Evora
2026-05-17 08:00:00,13.7,71,0.0,15.9,Evora
2026-05-17 09:00:00,15.2,66,0.0,16.9,Evora
2026-05-17 10:00:00,16.9,57,0.0,16.7,Evora
2026-05-17 11:00:00,18.0,52,0.0,14.9,Evora
2026-05-17 12:00:00,19.7,46,0.0,14.1,Evora
2026-05-17 13:00:00,20.3,44,0.0,13.2,Evora
2026-05-17 14:00:00,21.0,40,0.0,13.1,Evora
2026-05-17 15:00:00,20.2,45,0.0,16.1,Evora
2026-05-17 16:00:00,20.1,46,0.0,12.8,Evora
2026-05-17 17:00:00,20.0,43,0.0,12.8,Evora
2026-05-17 18:00:00,19.8,44,0.0,14.4,Evora
2026-05-17 19:00:00,18.3,50,0.0,16.7,Evora
2026-05-17 20:00:00,15.8,63,0.0,19.3,Evora
2026-05-17 21:00:00,14.5,72,0.0,19.1,Evora
2026-05-17 22:00:00,13.4,76,0.0,18.7,Evora
2026-05-17 23:00:00,12.3,79,0.0,16.6,Evora
2026-05-18 00:00:00,11.3,83,0.0,16.8,Evora
2026-05-18 01:00:00,10.6,86,0.0,16.2,Evora
2026-05-18 02:00:00,10.0,90,0.0,15.1,Evora
2026-05-18 03:00:00,9.7,92,0.0,15.0,Evora
2026-05-18 04:00:00,9.5,92,0.0,13.8,Evora
2026-05-18 05:00:00,9.3,93,0.0,12.1,Evora
2026-05-18 06:00:00,9.9,89,0.0,12.5,Evora
2026-05-18 07:00:00,11.8,78,0.0,13.1,Evora
2026-05-18 08:00:00,13.3,71,0.0,12.6,Evora
2026-05-18 09:00:00,15.0,64,0.0,11.6,Evora
2026-05-18 10:00:00,16.5,58,0.0,10.7,Evora
2026-05-18 11:00:00,17.9,53,0.0,10.2,Evora
2026-05-18 12:00:00,19.2,50,0.0,9.5,Evora
2026-05-18 13:00:00,19.9,48,0.0,10.2,Evora
2026-05-18 14:00:00,20.6,46,0.0,10.7,Evora
2026-05-18 15:00:00,20.9,45,0.0,11.7,Evora
2026-05-18 16:00:00,21.1,45,0.0,12.3,Evora
2026-05-18 17:00:00,20.7,47,0.0,12.9,Evora
2026-05-18 18:00:00,20.0,50,0.0,14.2,Evora
2026-05-18 19:00:00,18.3,55,0.0,13.0,Evora
2026-05-18 20:00:00,16.5,61,0.0,15.2,Evora
2026-05-18 21:00:00,14.9,67,0.0,16.7,Evora
2026-05-18 22:00:00,13.7,71,0.0,16.1,Evora
2026-05-18 23:00:00,12.5,76,0.0,14.5,Evora
2026-05-19 00:00:00,11.7,79,0.0,12.0,Evora
2026-05-19 01:00:00,10.9,83,0.0,8.6,Evora
2026-05-19 02:00:00,10.5,85,0.0,8.4,Evora
2026-05-19 03:00:00,10.4,86,0.0,8.4,Evora
2026-05-19 04:00:00,10.2,88,0.0,7.3,Evora
2026-05-19 05:00:00,10.1,90,0.0,7.5,Evora
2026-05-19 06:00:00,11.0,91,0.0,9.0,Evora
2026-05-19 07:00:00,13.2,85,0.0,6.0,Evora
2026-05-19 08:00:00,15.7,76,0.0,7.5,Evora
2026-05-19 09:00:00,18.1,68,0.0,11.0,Evora
2026-05-19 10:00:00,19.5,64,0.0,10.8,Evora
2026-05-19 11:00:00,20.0,62,0.0,8.1,Evora
2026-05-19 12:00:00,21.5,57,0.0,8.0,Evora
2026-05-19 13:00:00,22.2,57,0.0,8.4,Evora
2026-05-19 14:00:00,22.7,55,0.0,10.0,Evora
2026-05-19 15:00:00,22.9,55,0.0,10.2,Evora
2026-05-19 16:00:00,23.3,52,0.0,10.6,Evora
2026-05-19 17:00:00,23.1,53,0.0,12.8,Evora
2026-05-19 18:00:00,22.5,55,0.0,13.7,Evora
2026-05-19 19:00:00,21.0,61,0.0,11.5,Evora
2026-05-19 20:00:00,19.3,67,0.0,12.0,Evora
2026-05-19 21:00:00,18.3,71,0.0,12.0,Evora
2026-05-19 22:00:00,17.4,76,0.0,13.0,Evora
2026-05-19 23:00:00,16.3,82,0.0,14.2,Evora
2026-05-20 00:00:00,15.3,88,0.0,13.7,Evora
2026-05-20 01:00:00,14.5,93,0.0,12.3,Evora
2026-05-20 02:00:00,14.1,96,0.0,11.5,Evora
2026-05-20 03:00:00,13.8,96,0.0,11.0,Evora
2026-05-20 04:00:00,13.5,97,0.0,9.7,Evora
2026-05-20 05:00:00,13.1,98,0.0,8.6,Evora
2026-05-20 06:00:00,13.2,99,0.0,9.5,Evora
2026-05-20 07:00:00,15.4,92,0.0,7.4,Evora
2026-05-20 08:00:00,18.3,81,0.0,6.5,Evora
2026-05-20 09:00:00,21.2,69,0.0,7.7,Evora
2026-05-20 10:00:00,23.9,59,0.0,9.7,Evora
2026-05-20 11:00:00,26.1,46,0.0,10.9,Evora
2026-05-20 12:00:00,27.9,35,0.0,10.0,Evora
2026-05-20 13:00:00,28.6,33,0.0,9.2,Evora
2026-05-20 14:00:00,29.3,32,0.0,7.2,Evora
2026-05-20 15:00:00,29.8,31,0.0,5.8,Evora
2026-05-20 16:00:00,29.9,31,0.0,4.7,Evora
2026-05-20 17:00:00,29.9,31,0.0,3.7,Evora
2026-05-20 18:00:00,29.8,33,0.0,3.1,Evora
2026-05-20 19:00:00,27.4,51,0.0,1.6,Evora
2026-05-20 20:00:00,23.3,44,0.0,19.2,Evora
2026-05-20 21:00:00,21.0,48,0.0,16.2,Evora
2026-05-20 22:00:00,19.9,49,0.0,13.6,Evora
2026-05-20 23:00:00,19.2,51,0.0,10.1,Evora
2026-05-21 00:00:00,18.7,60,0.0,7.5,Evora
2026-05-21 01:00:00,17.6,71,0.0,5.1,Evora
2026-05-21 02:00:00,17.0,74,0.0,0.9,Evora
2026-05-21 03:00:00,16.1,77,0.0,3.8,Evora
2026-05-21 04:00:00,15.7,77,0.0,7.8,Evora
2026-05-21 05:00:00,15.1,78,0.0,7.2,Evora
2026-05-21 06:00:00,15.6,78,0.0,10.7,Evora
2026-05-21 07:00:00,17.8,74,0.0,11.2,Evora
2026-05-21 08:00:00,20.7,66,0.0,9.0,Evora
2026-05-21 09:00:00,23.6,56,0.0,7.8,Evora
2026-05-21 10:00:00,26.0,48,0.0,10.1,Evora
2026-05-21 11:00:00,28.0,42,0.0,9.2,Evora
2026-05-21 12:00:00,29.8,34,0.0,7.5,Evora
2026-05-21 13:00:00,30.8,30,0.0,7.2,Evora
2026-05-21 14:00:00,31.4,27,0.0,8.3,Evora
2026-05-21 15:00:00,31.7,25,0.0,8.5,Evora
2026-05-21 16:00:00,31.7,25,0.0,8.1,Evora
2026-05-21 17:00:00,31.1,26,0.0,7.1,Evora
2026-05-21 18:00:00,30.1,31,0.0,6.4,Evora
2026-05-21 19:00:00,27.2,41,0.0,5.8,Evora
2026-05-21 20:00:00,25.3,39,0.0,5.1,Evora
2026-05-21 21:00:00,23.9,41,0.0,6.7,Evora
2026-05-21 22:00:00,22.4,54,0.0,2.5,Evora
2026-05-21 23:00:00,21.3,58,0.0,1.3,Evora
2026-05-22 00:00:00,19.7,68,0.0,4.9,Evora
2026-05-22 01:00:00,18.2,66,0.0,5.4,Evora
2026-05-22 02:00:00,17.5,64,0.0,4.3,Evora
2026-05-22 03:00:00,16.8,63,0.0,5.1,Evora
2026-05-22 04:00:00,16.3,65,0.0,5.7,Evora
2026-05-22 05:00:00,15.8,66,0.0,5.8,Evora
2026-05-22 06:00:00,16.7,65,0.0,7.6,Evora
2026-05-22 07:00:00,19.1,59,0.0,10.2,Evora
2026-05-22 08:00:00,22.2,55,0.0,10.8,Evora
2026-05-22 09:00:00,25.5,47,0.0,13.3,Evora
2026-05-22 10:00:00,28.3,38,0.0,11.8,Evora
2026-05-22 11:00:00,30.5,29,0.0,9.3,Evora
2026-05-22 12:00:00,32.0,26,0.0,10.7,Evora
2026-05-22 13:00:00,32.9,24,0.0,8.0,Evora
2026-05-22 14:00:00,33.6,21,0.0,6.5,Evora
2026-05-22 15:00:00,33.8,20,0.0,7.2,Evora
2026-05-22 16:00:00,33.5,20,0.0,8.5,Evora
2026-05-22 17:00:00,32.7,21,0.0,9.4,Evora
2026-05-22 18:00:00,32.0,25,0.0,8.2,Evora
2026-05-22 19:00:00,29.3,40,0.0,4.5,Evora
2026-05-22 20:00:00,26.7,37,0.0,11.5,Evora
2026-05-22 21:00:00,24.4,49,0.0,16.4,Evora
2026-05-22 22:00:00,22.6,52,0.0,12.2,Evora
2026-05-22 23:00:00,21.1,61,0.0,2.2,Evora
2026-05-23 00:00:00,20.2,64,0.0,4.2,Evora
2026-05-23 01:00:00,19.7,65,0.0,4.0,Evora
2026-05-23 02:00:00,19.1,66,0.0,3.8,Evora
2026-05-23 03:00:00,18.5,69,0.0,1.5,Evora
2026-05-23 04:00:00,18.1,72,0.0,5.8,Evora
2026-05-23 05:00:00,17.9,71,0.0,4.2,Evora
2026-05-23 06:00:00,18.7,68,0.0,5.0,Evora
2026-05-23 07:00:00,20.3,64,0.0,6.5,Evora
2026-05-23 08:00:00,22.9,52,0.0,4.2,Evora
2026-05-23 09:00:00,24.9,45,0.0,5.2,Evora
2026-05-23 10:00:00,26.8,41,0.0,4.0,Evora
2026-05-23 11:00:00,28.3,38,0.0,3.5,Evora
2026-05-23 12:00:00,30.4,31,0.0,4.2,Evora
2026-05-23 13:00:00,31.1,29,0.0,1.9,Evora
2026-05-23 14:00:00,31.5,29,0.0,1.7,Evora
2026-05-23 15:00:00,31.3,29,0.0,3.5,Evora
2026-05-23 16:00:00,31.4,28,0.0,4.6,Evora
2026-05-23 17:00:00,30.6,30,0.0,4.3,Evora
2026-05-23 18:00:00,29.7,33,0.0,6.5,Evora
2026-05-23 19:00:00,28.0,45,0.0,4.7,Evora
2026-05-23 20:00:00,26.4,46,0.0,8.9,Evora
2026-05-23 21:00:00,25.0,51,0.0,10.9,Evora
2026-05-23 22:00:00,23.8,58,0.0,9.0,Evora
2026-05-23 23:00:00,21.8,72,0.0,13.6,Evora
2026-05-24 00:00:00,20.4,76,0.0,8.9,Evora
2026-05-24 01:00:00,19.1,83,0.0,2.5,Evora
2026-05-24 02:00:00,18.5,86,0.0,0.9,Evora
2026-05-24 03:00:00,17.9,88,0.0,0.7,Evora
2026-05-24 04:00:00,17.2,91,0.0,2.5,Evora
2026-05-24 05:00:00,16.6,93,0.0,2.5,Evora
2026-05-24 06:00:00,17.1,93,0.0,4.9,Evora
2026-05-24 07:00:00,19.9,77,0.0,5.7,Evora
2026-05-24 08:00:00,23.0,50,0.0,7.0,Evora
2026-05-24 09:00:00,24.8,35,0.0,10.8,Evora
2026-05-24 10:00:00,26.2,33,0.0,11.1,Evora
2026-05-24 11:00:00,27.8,30,0.0,11.9,Evora
2026-05-24 12:00:00,28.7,29,0.0,11.9,Evora
2026-05-24 13:00:00,28.4,31,0.0,12.1,Evora
2026-05-24 14:00:00,28.9,30,0.0,12.3,Evora
2026-05-24 15:00:00,30.5,25,0.0,12.8,Evora
2026-05-24 16:00:00,30.6,25,0.0,18.0,Evora
2026-05-24 17:00:00,30.1,28,0.0,16.9,Evora
2026-05-24 18:00:00,28.1,35,0.0,13.5,Evora
2026-05-24 19:00:00,25.1,50,0.0,8.4,Evora
2026-05-24 20:00:00,22.4,60,0.0,8.5,Evora
2026-05-24 21:00:00,21.0,63,0.0,9.1,Evora
2026-05-24 22:00:00,20.1,64,0.0,7.4,Evora
2026-05-24 23:00:00,19.1,68,0.0,5.1,Evora
2026-05-25 00:00:00,18.7,69,0.0,3.8,Evora
2026-05-25 01:00:00,17.8,73,0.0,0.7,Evora
2026-05-25 02:00:00,17.4,74,0.0,1.6,Evora
2026-05-25 03:00:00,17.8,70,0.0,2.2,Evora
2026-05-25 04:00:00,17.6,68,0.0,2.3,Evora
2026-05-25 05:00:00,17.1,67,0.0,1.8,Evora
2026-05-25 06:00:00,17.1,75,0.0,3.7,Evora
2026-05-25 07:00:00,19.5,64,0.0,5.6,Evora
2026-05-25 08:00:00,22.3,53,0.0,5.4,Evora
2026-05-25 09:00:00,24.7,46,0.0,8.7,Evora
2026-05-25 10:00:00,26.6,37,0.0,10.8,Evora
2026-05-25 11:00:00,28.2,31,0.0,12.0,Evora
2026-05-25 12:00:00,29.6,26,0.0,14.0,Evora
2026-05-25 13:00:00,30.4,25,0.0,14.1,Evora
2026-05-25 14:00:00,31.1,24,0.0,14.4,Evora
2026-05-25 15:00:00,31.5,24,0.0,14.9,Evora
2026-05-25 16:00:00,31.7,25,0.0,14.9,Evora
2026-05-25 17:00:00,31.4,26,0.0,14.5,Evora
2026-05-25 18:00:00,30.0,33,0.0,12.2,Evora
2026-05-25 19:00:00,27.0,41,0.0,11.2,Evora
2026-05-25 20:00:00,24.6,45,0.0,10.1,Evora
2026-05-25 21:00:00,23.0,48,0.0,5.3,Evora
2026-05-25 22:00:00,21.9,54,0.0,4.2,Evora
2026-05-25 23:00:00,20.9,60,0.0,2.1,Evora
2026-05-26 00:00:00,19.8,64,0.0,1.2,Evora
2026-05-26 01:00:00,18.9,67,0.0,4.5,Evora
2026-05-26 02:00:00,19.1,62,0.0,6.0,Evora
2026-05-26 03:00:00,18.7,60,0.0,6.4,Evora
2026-05-26 04:00:00,17.9,63,0.0,5.4,Evora
2026-05-26 05:00:00,17.9,63,0.0,6.1,Evora
2026-05-26 06:00:00,18.4,63,0.0,10.7,Evora
2026-05-26 07:00:00,20.1,63,0.0,11.2,Evora
2026-05-26 08:00:00,22.8,55,0.0,8.5,Evora
2026-05-26 09:00:00,25.6,46,0.0,12.3,Evora
2026-05-26 10:00:00,27.9,37,0.0,11.7,Evora
2026-05-26 11:00:00,29.7,31,0.0,12.4,Evora
2026-05-26 12:00:00,31.4,27,0.0,11.9,Evora
2026-05-26 13:00:00,32.6,24,0.0,9.4,Evora
2026-05-26 14:00:00,33.6,23,0.0,8.3,Evora
2026-05-26 15:00:00,34.1,22,0.0,6.2,Evora
2026-05-26 16:00:00,34.2,21,0.0,6.2,Evora
2026-05-26 17:00:00,33.7,21,0.0,6.5,Evora
2026-05-26 18:00:00,33.5,21,0.0,6.3,Evora
2026-05-26 19:00:00,30.9,32,0.0,5.0,Evora
2026-05-26 20:00:00,28.3,29,0.0,7.8,Evora
2026-05-26 21:00:00,26.4,31,0.0,7.5,Evora
2026-05-26 22:00:00,24.2,38,0.0,7.3,Evora
2026-05-26 23:00:00,22.9,43,0.0,6.4,Evora
2026-05-27 00:00:00,22.4,44,0.0,7.1,Evora
2026-05-27 01:00:00,20.9,48,0.0,5.8,Evora
2026-05-27 02:00:00,19.8,52,0.0,5.3,Evora
2026-05-27 03:00:00,18.8,57,0.0,4.4,Evora
2026-05-27 04:00:00,18.3,59,0.0,5.2,Evora
2026-05-27 05:00:00,17.9,60,0.0,6.3,Evora
2026-05-27 06:00:00,18.3,62,0.0,8.1,Evora
2026-05-27 07:00:00,20.3,59,0.0,8.5,Evora
2026-05-27 08:00:00,22.8,50,0.0,7.3,Evora
2026-05-27 09:00:00,25.4,44,0.0,8.6,Evora
2026-05-27 10:00:00,28.1,40,0.0,10.5,Evora
2026-05-27 11:00:00,30.4,34,0.0,11.6,Evora
2026-05-27 12:00:00,32.9,25,0.0,15.1,Evora
2026-05-27 13:00:00,33.9,22,0.0,14.2,Evora
2026-05-27 14:00:00,34.5,20,0.0,12.2,Evora
2026-05-27 15:00:00,34.9,18,0.0,10.3,Evora
2026-05-27 16:00:00,35.2,17,0.0,7.0,Evora
2026-05-27 17:00:00,34.9,18,0.0,5.0,Evora
2026-05-27 18:00:00,34.2,17,0.0,10.4,Evora
2026-05-27 19:00:00,28.1,35,0.0,21.1,Evora
2026-05-27 20:00:00,26.6,35,0.0,17.1,Evora
2026-05-27 21:00:00,24.6,44,0.0,19.2,Evora
2026-05-27 22:00:00,22.9,46,0.0,16.2,Evora
2026-05-27 23:00:00,21.5,48,0.0,15.5,Evora
2026-05-28 00:00:00,20.5,52,0.0,16.8,Evora
2026-05-28 01:00:00,20.0,51,0.0,13.7,Evora
2026-05-28 02:00:00,19.4,53,0.0,9.4,Evora
2026-05-28 03:00:00,17.9,60,0.0,5.4,Evora
2026-05-28 04:00:00,16.9,66,0.0,5.8,Evora
2026-05-28 05:00:00,16.7,67,0.0,7.4,Evora
2026-05-28 06:00:00,18.2,62,0.0,8.6,Evora
2026-05-28 07:00:00,20.3,58,0.0,5.7,Evora
2026-05-28 08:00:00,22.4,51,0.0,7.0,Evora
2026-05-28 09:00:00,24.6,44,0.0,6.0,Evora
2026-05-28 10:00:00,26.8,37,0.0,4.2,Evora
2026-05-28 11:00:00,28.6,34,0.0,1.8,Evora
2026-05-28 12:00:00,30.7,29,0.0,2.3,Evora
2026-05-28 13:00:00,31.7,27,0.0,4.1,Evora
2026-05-28 14:00:00,32.4,24,0.0,4.8,Evora
2026-05-28 15:00:00,32.8,23,0.0,4.9,Evora
2026-05-28 16:00:00,33.0,23,0.0,5.2,Evora
2026-05-28 17:00:00,32.2,23,0.0,8.6,Evora
2026-05-28 18:00:00,31.9,24,0.0,6.6,Evora
2026-05-28 19:00:00,29.0,33,0.0,10.8,Evora
2026-05-28 20:00:00,25.1,48,0.0,16.1,Evora
2026-05-28 21:00:00,24.0,52,0.0,15.3,Evora
2026-05-28 22:00:00,22.7,56,0.0,12.7,Evora
2026-05-28 23:00:00,21.4,59,0.0,11.8,Evora
2026-05-29 00:00:00,20.2,61,0.0,11.5,Evora
2026-05-29 01:00:00,19.3,64,0.0,10.3,Evora
2026-05-29 02:00:00,18.5,67,0.0,8.1,Evora
2026-05-29 03:00:00,17.5,72,0.0,4.7,Evora
2026-05-29 04:00:00,16.6,77,0.0,4.0,Evora
2026-05-29 05:00:00,15.7,82,0.0,3.8,Evora
2026-05-29 06:00:00,15.8,84,0.0,4.2,Evora
2026-05-29 07:00:00,18.7,73,0.0,1.7,Evora
2026-05-29 08:00:00,22.0,57,0.0,2.0,Evora
2026-05-29 09:00:00,25.0,47,0.0,4.4,Evora
2026-05-29 10:00:00,27.6,40,0.0,5.9,Evora
2026-05-29 11:00:00,29.6,35,0.0,5.6,Evora
2026-05-29 12:00:00,31.3,32,0.0,5.7,Evora
2026-05-29 13:00:00,32.3,29,0.0,5.0,Evora
2026-05-29 14:00:00,33.0,26,0.0,5.1,Evora
2026-05-29 15:00:00,33.3,25,0.0,5.5,Evora
2026-05-29 16:00:00,33.3,24,0.0,6.7,Evora
2026-05-29 17:00:00,32.8,24,0.0,6.2,Evora
2026-05-29 18:00:00,32.7,23,0.0,4.6,Evora
2026-05-29 19:00:00,29.1,39,0.0,18.3,Evora
2026-05-29 20:00:00,26.3,46,0.0,16.9,Evora
2026-05-29 21:00:00,24.2,58,0.0,17.8,Evora
2026-05-29 22:00:00,22.9,62,0.0,16.7,Evora
2026-05-29 23:00:00,21.5,65,0.0,16.0,Evora
2026-05-30 00:00:00,20.2,69,0.0,16.0,Evora
2026-05-30 01:00:00,19.2,72,0.0,13.6,Evora
2026-05-30 02:00:00,18.2,76,0.0,13.0,Evora
2026-05-30 03:00:00,17.5,78,0.0,14.5,Evora
2026-05-30 04:00:00,16.8,81,0.0,15.0,Evora
2026-05-30 05:00:00,16.2,84,0.0,12.8,Evora
2026-05-30 06:00:00,16.2,82,0.0,8.1,Evora
2026-05-30 07:00:00,17.7,77,0.0,4.3,Evora
2026-05-30 08:00:00,20.2,69,0.0,6.0,Evora
2026-05-30 09:00:00,23.3,56,0.0,7.7,Evora
2026-05-30 10:00:00,26.3,45,0.0,8.0,Evora
2026-05-30 11:00:00,28.6,37,0.0,8.5,Evora
2026-05-30 12:00:00,30.6,30,0.0,9.0,Evora
2026-05-30 13:00:00,31.6,27,0.0,8.4,Evora
2026-05-30 14:00:00,32.2,25,0.0,9.7,Evora
2026-05-30 15:00:00,32.5,24,0.0,11.3,Evora
2026-05-30 16:00:00,32.1,25,0.0,13.5,Evora
2026-05-30 17:00:00,30.9,31,0.0,15.2,Evora
2026-05-30 18:00:00,29.4,34,0.0,16.1,Evora
2026-05-30 19:00:00,26.9,41,0.0,17.2,Evora
2026-05-30 20:00:00,23.9,52,0.0,16.3,Evora
2026-05-30 21:00:00,22.0,59,0.0,16.7,Evora
2026-05-30 22:00:00,20.4,61,0.0,16.5,Evora
2026-05-30 23:00:00,18.7,64,0.0,15.0,Evora
2026-05-31 00:00:00,17.6,71,0.0,15.4,Evora
2026-05-31 01:00:00,16.4,78,0.0,16.5,Evora
2026-05-31 02:00:00,15.4,84,0.0,16.7,Evora
2026-05-31 03:00:00,15.0,86,0.0,15.9,Evora
2026-05-31 04:00:00,14.6,88,0.0,13.9,Evora
2026-05-31 05:00:00,14.2,90,0.0,10.8,Evora
2026-05-31 06:00:00,14.3,89,0.0,9.3,Evora
2026-05-31 07:00:00,15.7,83,0.0,7.5,Evora
2026-05-31 08:00:00,18.1,74,0.0,7.2,Evora
2026-05-31 09:00:00,21.1,63,0.0,6.2,Evora
2026-05-31 10:00:00,24.1,51,0.0,6.3,Evora
2026-05-31 11:00:00,26.6,43,0.0,7.6,Evora
2026-05-31 12:00:00,29.0,34,0.0,8.5,Evora
2026-05-31 13:00:00,30.3,29,0.0,8.3,Evora
2026-05-31 14:00:00,31.3,25,0.0,8.5,Evora
2026-05-31 15:00:00,31.8,24,0.0,9.1,Evora
2026-05-31 16:00:00,31.8,25,0.0,9.8,Evora
2026-05-31 17:00:00,31.3,29,0.0,11.7,Evora
2026-05-31 18:00:00,30.5,32,0.0,13.9,Evora
2026-05-31 19:00:00,28.3,33,0.0,16.2,Evora
2026-05-31 20:00:00,25.6,35,0.0,19.3,Evora
2026-05-31 21:00:00,23.4,39,0.0,20.1,Evora
2026-05-31 22:00:00,21.6,46,0.0,20.3,Evora
2026-05-31 23:00:00,20.3,53,0.0,20.3,Evora
2026-06-01 00:00:00,18.9,60,0.0,21.3,Evora
2026-06-01 01:00:00,17.9,67,0.0,21.4,Evora
2026-06-01 02:00:00,17.2,72,0.0,20.5,Evora
2026-06-01 03:00:00,16.6,78,0.0,18.8,Evora
2026-06-01 04:00:00,16.0,83,0.0,16.6,Evora
2026-06-01 05:00:00,15.5,87,0.0,15.4,Evora
2026-06-01 06:00:00,15.5,90,0.0,15.2,Evora
2026-06-01 07:00:00,17.1,83,0.0,13.1,Evora
2026-06-01 08:00:00,19.3,74,0.0,11.8,Evora
2026-06-01 09:00:00,21.9,64,0.0,10.1,Evora
2026-06-01 10:00:00,24.4,55,0.0,10.9,Evora
2026-06-01 11:00:00,26.5,49,0.0,12.0,Evora
2026-06-01 12:00:00,28.6,44,0.0,10.9,Evora
2026-06-01 13:00:00,29.8,39,0.0,10.7,Evora
2026-06-01 14:00:00,30.8,35,0.0,11.5,Evora
2026-06-01 15:00:00,31.0,33,0.0,17.5,Evora
2026-06-01 16:00:00,29.7,35,0.0,21.4,Evora
2026-06-01 17:00:00,28.9,32,0.0,20.5,Evora
2026-06-01 18:00:00,27.8,33,0.0,19.8,Evora
2026-06-01 19:00:00,25.5,44,0.0,18.8,Evora
2026-06-01 20:00:00,23.0,53,0.0,20.5,Evora
2026-06-01 21:00:00,20.5,65,0.0,19.7,Evora
2026-06-01 22:00:00,18.8,74,0.0,20.5,Evora
2026-06-01 23:00:00,17.5,81,0.0,20.3,Evora
2026-06-02 00:00:00,16.7,87,0.0,18.8,Evora
2026-06-02 01:00:00,16.3,89,0.0,18.7,Evora
2026-06-02 02:00:00,16.0,90,0.0,19.2,Evora
2026-06-02 03:00:00,16.2,89,0.0,20.3,Evora
2026-06-02 04:00:00,16.4,88,0.0,20.9,Evora
2026-06-02 05:00:00,16.4,88,0.0,20.2,Evora
2026-06-02 06:00:00,16.8,86,0.0,21.5,Evora
2026-06-02 07:00:00,17.9,79,0.0,23.3,Evora
2026-06-02 08:00:00,19.5,71,0.0,22.8,Evora
2026-06-02 09:00:00,21.0,61,0.0,22.1,Evora
2026-06-02 10:00:00,21.9,55,0.0,20.6,Evora
2026-06-02 11:00:00,23.1,52,0.0,20.8,Evora
2026-06-02 12:00:00,24.2,46,0.0,19.8,Evora
2026-06-02 13:00:00,24.8,42,0.0,19.3,Evora
2026-06-02 14:00:00,25.4,38,0.0,20.1,Evora
2026-06-02 15:00:00,25.5,37,0.0,21.1,Evora
2026-06-02 16:00:00,25.1,39,0.0,21.8,Evora
2026-06-02 17:00:00,24.3,40,0.0,22.3,Evora
2026-06-02 18:00:00,22.9,42,0.0,21.7,Evora
2026-06-02 19:00:00,20.9,48,0.0,21.9,Evora
2026-06-02 20:00:00,19.0,54,0.0,23.4,Evora
2026-06-02 21:00:00,17.3,59,0.0,23.3,Evora
2026-06-02 22:00:00,16.1,64,0.0,22.5,Evora
2026-06-02 23:00:00,15.2,67,0.0,22.9,Evora
2026-06-03 00:00:00,14.0,76,0.0,24.1,Evora
2026-06-03 01:00:00,13.5,81,0.0,23.8,Evora
2026-06-03 02:00:00,13.2,84,0.0,23.5,Evora
2026-06-03 03:00:00,13.1,84,0.0,22.4,Evora
2026-06-03 04:00:00,13.1,82,0.0,20.4,Evora
2026-06-03 05:00:00,13.1,80,0.0,19.4,Evora
2026-06-03 06:00:00,13.8,78,0.0,18.6,Evora
2026-06-03 07:00:00,15.6,70,0.0,16.3,Evora
2026-06-03 08:00:00,18.2,59,0.0,17.2,Evora
2026-06-03 09:00:00,21.1,48,0.0,16.3,Evora
2026-06-03 10:00:00,23.8,41,0.0,15.8,Evora
2026-06-03 11:00:00,26.3,37,0.0,15.6,Evora
2026-06-03 12:00:00,28.4,36,0.0,15.0,Evora
2026-06-03 13:00:00,29.3,36,0.0,15.8,Evora
2026-06-03 14:00:00,30.0,36,0.0,17.0,Evora
2026-06-03 15:00:00,30.0,38,0.0,18.4,Evora
2026-06-03 16:00:00,29.6,39,0.0,19.7,Evora
2026-06-03 17:00:00,28.3,40,0.0,21.0,Evora
2026-06-03 18:00:00,26.8,42,0.0,20.2,Evora
2026-06-03 19:00:00,24.5,50,0.0,18.6,Evora
2026-06-03 20:00:00,21.8,63,0.0,20.0,Evora
2026-06-03 21:00:00,19.5,73,0.0,19.1,Evora
2026-06-03 22:00:00,17.9,81,0.0,20.0,Evora
2026-06-03 23:00:00,17.3,85,0.0,18.7,Evora
2026-06-04 00:00:00,16.7,86,0.0,17.4,Evora
2026-06-04 01:00:00,16.8,85,0.0,17.2,Evora
2026-06-04 02:00:00,16.9,82,0.0,17.4,Evora
2026-06-04 03:00:00,16.8,80,0.0,18.5,Evora
2026-06-04 04:00:00,15.7,89,0.0,15.3,Evora
2026-06-04 05:00:00,15.3,89,0.0,15.6,Evora
2026-06-04 06:00:00,15.6,85,0.0,16.6,Evora
2026-06-04 07:00:00,16.5,78,0.0,18.4,Evora
2026-06-04 08:00:00,17.3,71,0.0,17.7,Evora
2026-06-04 09:00:00,18.5,64,0.0,18.1,Evora
2026-06-04 10:00:00,19.9,56,0.0,17.8,Evora
2026-06-04 11:00:00,21.7,50,0.0,17.2,Evora
2026-06-04 12:00:00,23.3,44,0.0,17.2,Evora
2026-06-04 13:00:00,24.1,41,0.0,17.7,Evora
2026-06-04 14:00:00,24.6,40,0.0,18.5,Evora
2026-06-04 15:00:00,24.9,38,0.0,19.9,Evora
2026-06-04 16:00:00,23.9,40,0.0,22.2,Evora
2026-06-04 17:00:00,23.5,39,0.0,20.9,Evora
2026-06-04 18:00:00,22.5,45,0.0,28.6,Evora
2026-06-04 19:00:00,20.1,52,0.0,26.3,Evora
2026-06-04 20:00:00,18.3,56,0.0,26.0,Evora
2026-06-04 21:00:00,16.8,59,0.0,25.8,Evora
2026-06-04 22:00:00,15.5,64,0.0,25.8,Evora
2026-06-04 23:00:00,14.4,68,0.0,25.6,Evora
2026-06-05 00:00:00,13.5,67,0.0,24.9,Evora
2026-06-05 01:00:00,12.7,71,0.0,24.1,Evora
2026-06-05 02:00:00,12.1,75,0.0,22.7,Evora
2026-06-05 03:00:00,11.7,77,0.0,22.2,Evora
2026-06-05 04:00:00,11.4,79,0.0,21.7,Evora
2026-06-05 05:00:00,11.1,82,0.0,20.4,Evora
2026-06-05 06:00:00,11.3,81,0.0,16.6,Evora
2026-06-05 07:00:00,12.9,75,0.0,16.9,Evora
2026-06-05 08:00:00,15.2,64,0.0,15.6,Evora
2026-06-05 09:00:00,17.8,53,0.0,14.1,Evora
2026-06-05 10:00:00,20.0,45,0.0,13.8,Evora
2026-06-05 11:00:00,21.8,39,0.0,12.2,Evora
2026-06-05 12:00:00,23.9,30,0.0,12.1,Evora
2026-06-05 13:00:00,25.2,23,0.0,14.3,Evora
2026-06-05 14:00:00,26.0,19,0.0,15.6,Evora
2026-06-05 15:00:00,26.3,19,0.0,17.1,Evora
2026-06-05 16:00:00,25.8,24,0.0,17.6,Evora
2026-06-05 17:00:00,24.6,27,0.0,19.4,Evora
2026-06-05 18:00:00,23.3,29,0.0,18.1,Evora
2026-06-05 19:00:00,21.6,31,0.0,17.1,Evora
2026-06-05 20:00:00,19.6,37,0.0,18.1,Evora
2026-06-05 21:00:00,17.8,48,0.0,19.3,Evora
2026-06-05 22:00:00,16.3,57,0.0,19.6,Evora
2026-06-05 23:00:00,15.2,62,0.0,17.3,Evora
2026-06-06 00:00:00,14.6,64,0.0,15.3,Evora
2026-06-06 01:00:00,14.1,69,0.0,13.4,Evora
2026-06-06 02:00:00,13.6,75,0.0,14.4,Evora
2026-06-06 03:00:00,13.4,79,0.0,14.2,Evora
2026-06-06 04:00:00,13.8,81,0.0,14.2,Evora
2026-06-06 05:00:00,13.9,82,0.0,12.7,Evora
2026-06-06 06:00:00,14.0,84,0.0,11.8,Evora
2026-06-06 07:00:00,15.7,78,0.0,10.4,Evora
2026-06-06 08:00:00,18.3,68,0.0,11.5,Evora
2026-06-06 09:00:00,20.6,61,0.0,12.8,Evora
2026-06-06 10:00:00,22.5,54,0.0,13.5,Evora
2026-06-06 11:00:00,24.2,49,0.0,11.2,Evora
2026-06-06 12:00:00,25.9,43,0.0,8.1,Evora
2026-06-06 13:00:00,26.8,40,0.0,7.3,Evora
2026-06-06 14:00:00,27.4,39,0.0,7.5,Evora
2026-06-06 15:00:00,27.6,39,0.0,8.9,Evora
2026-06-06 16:00:00,27.6,39,0.0,9.5,Evora
2026-06-06 17:00:00,27.4,39,0.0,9.5,Evora
2026-06-06 18:00:00,26.9,39,0.0,11.6,Evora
2026-06-06 19:00:00,25.8,42,0.0,9.4,Evora
2026-06-06 20:00:00,22.4,58,0.0,18.7,Evora
2026-06-06 21:00:00,20.2,66,0.0,18.2,Evora
2026-06-06 22:00:00,19.3,69,0.0,17.7,Evora
2026-06-06 23:00:00,18.4,71,0.0,15.8,Evora
2026-06-07 00:00:00,17.3,74,0.0,13.6,Evora
2026-06-07 01:00:00,16.4,76,0.0,11.4,Evora
2026-06-07 02:00:00,15.7,76,0.0,11.0,Evora
2026-06-07 03:00:00,15.1,77,0.0,11.0,Evora
2026-06-07 04:00:00,14.4,80,0.0,11.6,Evora
2026-06-07 05:00:00,13.8,84,0.0,11.2,Evora
2026-06-07 06:00:00,14.4,83,0.0,10.8,Evora
2026-06-07 07:00:00,16.8,75,0.0,6.1,Evora
2026-06-07 08:00:00,20.0,65,0.0,3.5,Evora
2026-06-07 09:00:00,23.3,55,0.0,0.9,Evora
2026-06-07 10:00:00,26.0,44,0.0,2.5,Evora
2026-06-07 11:00:00,28.1,37,0.0,5.2,Evora
2026-06-07 12:00:00,29.6,33,0.0,8.5,Evora
2026-06-07 13:00:00,30.2,29,0.0,10.2,Evora
2026-06-07 14:00:00,30.7,26,0.0,11.2,Evora
2026-06-07 15:00:00,30.9,24,0.0,11.6,Evora
2026-06-07 16:00:00,30.8,26,0.0,11.4,Evora
2026-06-07 17:00:00,30.2,33,0.0,13.3,Evora
2026-06-07 18:00:00,29.1,38,0.0,16.6,Evora
2026-06-07 19:00:00,26.3,43,0.0,20.2,Evora
2026-06-07 20:00:00,23.8,43,0.0,21.3,Evora
2026-06-07 21:00:00,21.9,43,0.0,21.1,Evora
2026-06-07 22:00:00,20.1,43,0.0,21.1,Evora
2026-06-07 23:00:00,18.4,46,0.0,20.6,Evora
2026-06-08 00:00:00,16.8,52,0.0,20.0,Evora
2026-06-08 01:00:00,15.7,57,0.0,19.2,Evora
2026-06-08 02:00:00,14.9,64,0.0,18.9,Evora
2026-06-08 03:00:00,14.1,71,0.0,19.6,Evora
2026-06-08 04:00:00,13.6,78,0.0,20.8,Evora
2026-06-08 05:00:00,13.3,83,0.0,20.8,Evora
2026-06-08 06:00:00,13.8,83,0.0,18.8,Evora
2026-06-08 07:00:00,15.3,78,0.0,16.6,Evora
2026-06-08 08:00:00,17.4,67,0.0,18.4,Evora
2026-06-08 09:00:00,20.1,55,0.0,17.1,Evora
2026-06-08 10:00:00,22.6,45,0.0,16.5,Evora
2026-06-08 11:00:00,24.5,40,0.0,16.7,Evora
2026-06-08 12:00:00,26.3,35,0.0,16.4,Evora
2026-06-08 13:00:00,27.3,33,0.0,16.8,Evora
2026-06-08 14:00:00,28.3,31,0.0,17.4,Evora
2026-06-08 15:00:00,28.6,33,0.0,18.4,Evora
2026-06-08 16:00:00,28.4,35,0.0,20.1,Evora
2026-06-08 17:00:00,27.5,38,0.0,21.3,Evora
2026-06-08 18:00:00,26.3,42,0.0,20.6,Evora
2026-06-08 19:00:00,24.3,47,0.0,20.7,Evora
2026-06-08 20:00:00,22.1,57,0.0,22.1,Evora
2026-06-08 21:00:00,20.1,67,0.0,22.5,Evora
2026-06-08 22:00:00,18.5,76,0.0,21.7,Evora
2026-06-08 23:00:00,17.4,82,0.0,20.5,Evora
2026-06-09 00:00:00,16.2,87,0.0,20.0,Evora
2026-06-09 01:00:00,15.5,90,0.0,20.5,Evora
2026-06-09 02:00:00,15.3,91,0.0,21.1,Evora
2026-06-09 03:00:00,15.4,89,0.0,21.3,Evora
2026-06-09 04:00:00,15.3,89,0.0,20.1,Evora
2026-06-09 05:00:00,15.2,88,0.0,19.2,Evora
2026-06-09 06:00:00,15.4,86,0.0,16.6,Evora
2026-06-09 07:00:00,16.3,81,0.0,15.4,Evora
2026-06-09 08:00:00,18.0,73,0.0,13.5,Evora
2026-06-09 09:00:00,20.6,61,0.0,12.7,Evora
2026-06-09 10:00:00,23.0,52,0.0,13.2,Evora
2026-06-09 11:00:00,25.1,44,0.0,14.1,Evora
2026-06-09 12:00:00,26.9,37,0.0,12.9,Evora
2026-06-09 13:00:00,28.0,33,0.0,13.1,Evora
2026-06-09 14:00:00,29.0,30,0.0,14.6,Evora
2026-06-09 15:00:00,29.6,28,0.0,16.0,Evora
2026-06-09 16:00:00,29.6,29,0.0,17.0,Evora
2026-06-09 17:00:00,28.7,32,0.0,19.3,Evora
2026-06-09 18:00:00,27.0,34,0.0,20.1,Evora
2026-06-09 19:00:00,24.4,39,0.0,21.7,Evora
2026-06-09 20:00:00,22.0,43,0.0,23.1,Evora
2026-06-09 21:00:00,20.3,41,0.0,24.3,Evora
2026-06-09 22:00:00,18.7,44,0.0,24.9,Evora
2026-06-09 23:00:00,17.6,49,0.0,25.0,Evora
2026-06-10 00:00:00,16.6,57,0.0,22.2,Evora
2026-06-10 01:00:00,16.3,62,0.0,21.1,Evora
2026-06-10 02:00:00,15.9,65,0.0,19.7,Evora
2026-06-10 03:00:00,15.5,68,0.0,18.4,Evora
2026-06-10 04:00:00,15.2,70,0.0,16.3,Evora
2026-06-10 05:00:00,14.8,72,0.0,14.5,Evora
2026-06-10 06:00:00,15.2,71,0.0,15.1,Evora
2026-06-10 07:00:00,16.9,66,0.0,12.0,Evora
2026-06-10 08:00:00,19.9,54,0.0,13.2,Evora
2026-06-10 09:00:00,22.9,41,0.0,14.4,Evora
2026-06-10 10:00:00,25.4,33,0.0,12.6,Evora
2026-06-10 11:00:00,27.5,29,0.0,10.3,Evora
2026-06-10 12:00:00,29.2,25,0.0,8.2,Evora
2026-06-10 13:00:00,30.4,23,0.0,8.6,Evora
2026-06-10 14:00:00,31.6,21,0.0,10.3,Evora
2026-06-10 15:00:00,32.3,20,0.0,11.7,Evora
2026-06-10 16:00:00,32.6,19,0.0,12.1,Evora
2026-06-10 17:00:00,32.6,19,0.0,12.3,Evora
2026-06-10 18:00:00,32.1,18,0.0,12.4,Evora
2026-06-10 19:00:00,30.5,22,0.0,9.7,Evora
2026-06-10 20:00:00,26.7,40,0.0,22.4,Evora
2026-06-10 21:00:00,25.0,42,0.0,20.1,Evora
2026-06-10 22:00:00,23.5,45,0.0,20.7,Evora
2026-06-10 23:00:00,22.4,47,0.0,19.0,Evora
2026-06-11 00:00:00,22.4,45,0.0,17.5,Evora
2026-06-11 01:00:00,21.8,44,0.0,15.2,Evora
2026-06-11 02:00:00,21.3,42,0.0,14.2,Evora
2026-06-11 03:00:00,20.9,39,0.0,13.5,Evora
2026-06-11 04:00:00,20.2,38,0.0,11.4,Evora
2026-06-11 05:00:00,19.5,38,0.0,11.2,Evora
2026-06-11 06:00:00,19.8,39,0.0,11.2,Evora
2026-06-11 07:00:00,21.6,41,0.0,9.3,Evora
2026-06-11 08:00:00,24.2,38,0.0,5.5,Evora
2026-06-11 09:00:00,26.4,32,0.0,4.8,Evora
2026-06-11 10:00:00,28.4,29,0.0,4.9,Evora
2026-06-11 11:00:00,30.3,26,0.0,2.8,Evora
2026-06-11 12:00:00,32.7,19,0.0,1.6,Evora
2026-06-11 13:00:00,34.1,17,0.0,2.1,Evora
2026-06-11 14:00:00,34.8,16,0.0,3.6,Evora
2026-06-11 15:00:00,35.2,15,0.0,4.0,Evora
2026-06-11 16:00:00,35.0,16,0.0,4.8,Evora
2026-06-11 17:00:00,34.6,16,0.0,7.2,Evora
2026-06-11 18:00:00,34.3,17,0.0,6.9,Evora
2026-06-11 19:00:00,32.7,23,0.0,4.4,Evora
2026-06-11 20:00:00,29.1,29,0.0,15.4,Evora
2026-06-11 21:00:00,28.1,33,0.0,16.9,Evora
2026-06-11 22:00:00,26.6,39,0.0,13.9,Evora
2026-06-11 23:00:00,25.6,43,0.0,13.5,Evora
2026-06-12 00:00:00,24.9,48,0.0,4.3,Evora
2026-06-12 01:00:00,24.5,46,0.0,2.9,Evora
2026-06-12 02:00:00,22.8,50,0.0,5.6,Evora
2026-06-12 03:00:00,21.3,51,0.0,11.8,Evora
2026-06-12 04:00:00,20.4,52,0.0,6.1,Evora
2026-06-12 05:00:00,19.8,57,0.0,5.4,Evora
2026-06-12 06:00:00,20.9,56,0.0,4.6,Evora
2026-06-12 07:00:00,23.0,53,0.0,6.1,Evora
2026-06-12 08:00:00,25.4,47,0.0,7.4,Evora
2026-06-12 09:00:00,28.0,42,0.0,8.6,Evora
2026-06-12 10:00:00,30.4,38,0.0,11.5,Evora
2026-06-12 11:00:00,32.3,33,0.0,13.1,Evora
2026-06-12 12:00:00,33.7,30,0.0,14.1,Evora
2026-06-12 13:00:00,34.1,29,0.0,12.8,Evora
2026-06-12 14:00:00,34.8,27,0.0,13.4,Evora
2026-06-12 15:00:00,35.3,25,0.0,12.7,Evora
2026-06-12 16:00:00,35.4,25,0.0,10.4,Evora
2026-06-12 17:00:00,35.3,24,0.0,12.6,Evora
2026-06-12 18:00:00,34.8,24,0.0,11.9,Evora
2026-06-12 19:00:00,33.0,28,0.0,6.9,Evora
2026-06-12 20:00:00,31.5,30,0.0,11.4,Evora
2026-06-12 21:00:00,26.6,45,0.0,19.3,Evora
2026-06-12 22:00:00,25.3,50,0.0,12.0,Evora
2026-06-12 23:00:00,24.4,53,0.0,12.1,Evora
2026-06-13 00:00:00,23.1,57,0.0,10.4,Evora
2026-06-13 01:00:00,22.4,59,0.0,7.2,Evora
2026-06-13 02:00:00,22.3,55,0.0,8.4,Evora
2026-06-13 03:00:00,22.0,41,0.0,11.2,Evora
2026-06-13 04:00:00,21.3,39,0.0,8.6,Evora
2026-06-13 05:00:00,20.2,43,0.0,5.2,Evora
2026-06-13 06:00:00,20.8,45,0.0,3.2,Evora
2026-06-13 07:00:00,22.9,42,0.0,5.2,Evora
2026-06-13 08:00:00,25.1,34,0.0,8.3,Evora
2026-06-13 09:00:00,27.5,31,0.0,12.5,Evora
2026-06-13 10:00:00,29.3,27,0.0,13.1,Evora
2026-06-13 11:00:00,31.0,23,0.0,11.3,Evora
2026-06-13 12:00:00,32.5,22,0.0,12.7,Evora
2026-06-13 13:00:00,32.9,22,0.0,11.1,Evora
2026-06-13 14:00:00,33.4,21,0.0,9.3,Evora
2026-06-13 15:00:00,33.5,21,0.0,9.2,Evora
2026-06-13 16:00:00,33.5,22,0.0,8.4,Evora
2026-06-13 17:00:00,33.1,23,0.0,8.6,Evora
2026-06-13 18:00:00,32.2,24,0.0,9.4,Evora
2026-06-13 19:00:00,30.8,27,0.0,12.9,Evora
2026-06-13 20:00:00,24.6,57,0.0,18.7,Evora
2026-06-13 21:00:00,23.6,60,0.0,16.0,Evora
2026-06-13 22:00:00,22.7,59,0.0,12.9,Evora
2026-06-13 23:00:00,21.8,60,0.0,9.3,Evora
2026-06-14 00:00:00,20.9,65,0.0,7.9,Evora
2026-06-14 01:00:00,19.9,71,0.0,5.0,Evora
2026-06-14 02:00:00,19.3,75,0.0,4.4,Evora
2026-06-14 03:00:00,19.0,76,0.0,1.3,Evora
2026-06-14 04:00:00,18.6,80,0.0,6.8,Evora
2026-06-14 05:00:00,18.0,86,0.0,7.6,Evora
2026-06-14 06:00:00,18.4,87,0.0,7.8,Evora
2026-06-14 07:00:00,20.3,75,0.0,7.6,Evora
2026-06-14 08:00:00,22.6,62,0.0,7.2,Evora
2026-06-14 09:00:00,24.6,55,0.0,10.1,Evora
2026-06-14 10:00:00,25.9,52,0.0,8.3,Evora
2026-06-14 11:00:00,27.4,47,0.0,7.6,Evora
2026-06-14 12:00:00,28.2,44,0.0,6.7,Evora
2026-06-14 13:00:00,29.7,39,0.0,8.1,Evora
2026-06-14 14:00:00,30.6,36,0.0,9.5,Evora
2026-06-14 15:00:00,30.0,37,0.0,3.7,Evora
2026-06-14 16:00:00,28.0,46,0.2,16.0,Evora
2026-06-14 17:00:00,26.3,54,0.1,12.3,Evora
2026-06-14 18:00:00,26.3,54,0.2,17.3,Evora
2026-06-14 19:00:00,25.1,56,0.0,16.0,Evora
2026-06-14 20:00:00,23.5,60,0.0,16.4,Evora
2026-06-14 21:00:00,22.5,63,0.0,14.0,Evora
2026-06-14 22:00:00,21.7,66,0.0,11.8,Evora
2026-06-14 23:00:00,20.8,69,0.0,10.2,Evora
2026-06-15 00:00:00,19.3,79,0.0,4.0,Evora
2026-06-15 01:00:00,18.5,83,0.0,6.1,Evora
2026-06-15 02:00:00,17.9,87,0.0,8.0,Evora
2026-06-15 03:00:00,17.2,90,0.0,8.8,Evora
2026-06-15 04:00:00,16.7,93,0.0,10.7,Evora
2026-06-15 05:00:00,16.1,95,0.0,8.5,Evora
2026-06-15 06:00:00,16.6,92,0.0,8.7,Evora
2026-06-15 07:00:00,18.2,83,0.0,7.1,Evora
2026-06-15 08:00:00,20.5,72,0.0,7.1,Evora
2026-06-15 09:00:00,22.6,63,0.0,8.9,Evora
2026-06-15 10:00:00,24.4,56,0.0,10.3,Evora
2026-06-15 11:00:00,26.1,50,0.0,10.1,Evora
2026-06-15 12:00:00,27.2,47,0.0,11.0,Evora
2026-06-15 13:00:00,28.0,46,0.0,10.8,Evora
2026-06-15 14:00:00,28.9,44,0.0,10.1,Evora
2026-06-15 15:00:00,29.4,42,0.0,12.6,Evora
2026-06-15 16:00:00,29.4,41,0.0,13.8,Evora
2026-06-15 17:00:00,28.9,42,0.0,15.6,Evora
2026-06-15 18:00:00,28.5,43,0.0,15.9,Evora
2026-06-15 19:00:00,26.9,50,0.0,15.9,Evora
2026-06-15 20:00:00,24.4,59,0.0,15.8,Evora
2026-06-15 21:00:00,22.7,66,0.0,15.2,Evora
2026-06-15 22:00:00,21.2,71,0.0,14.8,Evora
2026-06-15 23:00:00,20.1,74,0.0,14.8,Evora
2026-06-16 00:00:00,18.9,78,0.0,12.3,Evora
2026-06-16 01:00:00,18.1,80,0.0,10.7,Evora
2026-06-16 02:00:00,17.5,82,0.0,10.8,Evora
2026-06-16 03:00:00,16.9,84,0.0,10.6,Evora
2026-06-16 04:00:00,16.4,86,0.0,8.2,Evora
2026-06-16 05:00:00,16.1,87,0.0,6.4,Evora
2026-06-16 06:00:00,16.4,87,0.0,6.1,Evora
2026-06-16 07:00:00,19.0,76,0.0,5.6,Evora
2026-06-16 08:00:00,22.4,65,0.0,4.3,Evora
2026-06-16 09:00:00,25.4,56,0.0,3.7,Evora
2026-06-16 10:00:00,27.8,50,0.0,2.9,Evora
2026-06-16 11:00:00,29.6,45,0.0,3.0,Evora
2026-06-16 12:00:00,31.0,41,0.0,2.3,Evora
2026-06-16 13:00:00,32.0,38,0.0,3.1,Evora
2026-06-16 14:00:00,32.6,38,0.0,3.0,Evora
2026-06-16 15:00:00,32.9,37,0.0,3.7,Evora
2026-06-16 16:00:00,32.8,36,0.0,3.4,Evora
2026-06-16 17:00:00,32.2,37,0.0,2.4,Evora
2026-06-16 18:00:00,31.9,35,0.0,8.5,Evora
2026-06-16 19:00:00,28.9,48,0.1,17.8,Evora
2026-06-16 20:00:00,27.2,53,0.1,15.0,Evora
2026-06-16 21:00:00,26.3,53,0.0,15.5,Evora
2026-06-16 22:00:00,24.9,56,0.0,16.0,Evora
2026-06-16 23:00:00,23.5,59,0.0,14.3,Evora
2026-06-17 00:00:00,22.3,63,0.0,14.3,Evora
2026-06-17 01:00:00,21.4,64,0.0,13.8,Evora
2026-06-17 02:00:00,20.8,64,0.0,13.5,Evora
2026-06-17 03:00:00,20.1,65,0.0,13.0,Evora
2026-06-17 04:00:00,19.5,65,0.0,11.6,Evora
2026-06-17 05:00:00,19.0,66,0.0,9.6,Evora
2026-06-17 06:00:00,19.6,65,0.0,4.5,Evora
2026-06-17 07:00:00,21.1,61,0.0,2.3,Evora
2026-06-17 08:00:00,24.0,53,0.0,3.3,Evora
2026-06-17 09:00:00,27.1,47,0.0,3.0,Evora
2026-06-17 10:00:00,29.7,43,0.0,1.6,Evora
2026-06-17 11:00:00,32.0,38,0.0,2.2,Evora
2026-06-17 12:00:00,34.0,31,0.0,4.8,Evora
2026-06-17 13:00:00,34.4,29,0.0,7.0,Evora
2026-06-17 14:00:00,34.6,27,0.0,7.9,Evora
2026-06-17 15:00:00,34.7,27,0.0,9.4,Evora
2026-06-17 16:00:00,34.2,27,0.0,11.5,Evora
2026-06-17 17:00:00,34.2,26,0.0,8.0,Evora
2026-06-17 18:00:00,33.3,27,0.2,4.1,Evora
2026-06-17 19:00:00,29.8,38,0.1,20.6,Evora
2026-06-17 20:00:00,26.9,48,0.1,10.6,Evora
2026-06-17 21:00:00,26.1,52,0.0,10.8,Evora
2026-06-17 22:00:00,25.2,55,0.0,11.6,Evora
2026-06-17 23:00:00,24.2,56,0.0,11.9,Evora
2026-06-18 00:00:00,23.2,61,0.0,12.2,Evora
2026-06-18 01:00:00,22.2,66,0.0,10.4,Evora
2026-06-18 02:00:00,21.2,70,0.0,9.6,Evora
2026-06-18 03:00:00,20.5,73,0.0,7.8,Evora
2026-06-18 04:00:00,19.8,76,0.0,5.4,Evora
2026-06-18 05:00:00,19.0,79,0.0,3.8,Evora
2026-06-18 06:00:00,19.3,79,0.0,3.4,Evora
2026-06-18 07:00:00,22.1,68,0.0,3.3,Evora
2026-06-18 08:00:00,25.2,57,0.0,3.6,Evora
2026-06-18 09:00:00,28.1,46,0.0,5.4,Evora
2026-06-18 10:00:00,30.2,38,0.0,6.5,Evora
2026-06-18 11:00:00,31.6,33,0.0,7.4,Evora
2026-06-18 12:00:00,33.4,28,0.0,9.1,Evora
2026-06-18 13:00:00,33.7,27,0.0,9.9,Evora
2026-06-18 14:00:00,34.2,25,0.0,10.1,Evora
2026-06-18 15:00:00,34.4,24,0.0,10.1,Evora
2026-06-18 16:00:00,34.3,23,0.0,11.0,Evora
2026-06-18 17:00:00,33.7,23,0.0,12.5,Evora
2026-06-18 18:00:00,33.1,22,0.0,15.5,Evora
2026-06-18 19:00:00,31.2,26,0.0,16.6,Evora
2026-06-18 20:00:00,28.3,30,0.0,17.4,Evora
2026-06-18 21:00:00,26.3,31,0.0,17.5,Evora
2026-06-18 22:00:00,24.6,38,0.0,15.5,Evora
2026-06-18 23:00:00,23.0,50,0.0,14.4,Evora
2026-06-19 00:00:00,21.5,59,0.0,13.7,Evora
2026-06-19 01:00:00,20.6,61,0.0,12.0,Evora
2026-06-19 02:00:00,19.6,64,0.0,10.9,Evora
2026-06-19 03:00:00,18.8,65,0.0,10.4,Evora
2026-06-19 04:00:00,18.2,65,0.0,8.2,Evora
2026-06-19 05:00:00,17.5,69,0.0,6.8,Evora
2026-06-19 06:00:00,17.6,71,0.0,5.6,Evora
2026-06-19 07:00:00,19.8,65,0.0,3.8,Evora
2026-06-19 08:00:00,23.5,50,0.0,3.4,Evora
2026-06-19 09:00:00,26.9,36,0.0,4.0,Evora
2026-06-19 10:00:00,29.1,28,0.0,5.4,Evora
2026-06-19 11:00:00,30.9,24,0.0,7.3,Evora
2026-06-19 12:00:00,32.3,22,0.0,10.3,Evora
2026-06-19 13:00:00,33.0,22,0.0,11.2,Evora
2026-06-19 14:00:00,33.6,21,0.0,11.1,Evora
2026-06-19 15:00:00,33.9,22,0.0,10.7,Evora
2026-06-19 16:00:00,33.7,23,0.0,12.0,Evora
2026-06-19 17:00:00,33.0,24,0.0,13.2,Evora
2026-06-19 18:00:00,32.1,27,0.0,16.9,Evora
2026-06-19 19:00:00,29.5,33,0.0,17.6,Evora
2026-06-19 20:00:00,26.9,38,0.0,17.7,Evora
2026-06-19 21:00:00,25.2,41,0.0,17.8,Evora
2026-06-19 22:00:00,23.8,44,0.0,18.0,Evora
2026-06-19 23:00:00,22.6,48,0.0,18.1,Evora
2026-06-20 00:00:00,21.3,54,0.0,15.1,Evora
2026-06-20 01:00:00,20.6,56,0.0,15.2,Evora
2026-06-20 02:00:00,20.0,57,0.0,13.1,Evora
2026-06-20 03:00:00,20.0,55,0.0,11.2,Evora
2026-06-20 04:00:00,19.3,61,0.1,11.5,Evora
2026-06-20 05:00:00,18.6,68,0.0,10.2,Evora
2026-06-20 06:00:00,18.4,73,0.0,8.9,Evora
2026-06-20 07:00:00,20.1,68,0.0,6.3,Evora
2026-06-20 08:00:00,22.7,59,0.0,7.6,Evora
2026-06-20 09:00:00,25.7,49,0.0,6.1,Evora
2026-06-20 10:00:00,29.1,37,0.0,5.1,Evora
2026-06-20 11:00:00,31.8,27,0.0,4.3,Evora
2026-06-20 12:00:00,34.0,21,0.0,1.0,Evora
2026-06-20 13:00:00,35.4,21,0.0,2.2,Evora
2026-06-20 14:00:00,36.0,21,0.0,2.6,Evora
2026-06-20 15:00:00,36.3,21,0.0,3.1,Evora
2026-06-20 16:00:00,36.4,21,0.0,5.8,Evora
2026-06-20 17:00:00,36.0,22,0.0,8.2,Evora
2026-06-20 18:00:00,35.6,21,0.0,9.4,Evora
2026-06-20 19:00:00,33.3,27,0.0,16.9,Evora
2026-06-20 20:00:00,28.7,41,0.0,18.0,Evora
2026-06-20 21:00:00,27.5,43,0.0,18.3,Evora
2026-06-20 22:00:00,26.2,45,0.0,18.7,Evora
2026-06-20 23:00:00,24.9,49,0.0,17.4,Evora
2026-06-21 00:00:00,24.5,46,0.0,18.1,Evora
2026-06-21 01:00:00,23.8,46,0.0,16.1,Evora
2026-06-21 02:00:00,23.4,45,0.0,13.6,Evora
2026-06-21 03:00:00,22.9,46,0.0,9.5,Evora
2026-06-21 04:00:00,21.9,51,0.0,2.5,Evora
2026-06-21 05:00:00,21.3,54,0.0,2.1,Evora
2026-06-21 06:00:00,21.9,52,0.0,8.0,Evora
2026-06-21 07:00:00,25.2,44,0.0,5.4,Evora
2026-06-21 08:00:00,28.3,37,0.0,4.2,Evora
2026-06-21 09:00:00,30.4,34,0.0,7.2,Evora
2026-06-21 10:00:00,32.4,32,0.0,8.0,Evora
2026-06-21 11:00:00,33.9,28,0.0,10.7,Evora
2026-06-21 12:00:00,35.6,24,0.0,9.2,Evora
2026-06-21 13:00:00,36.4,23,0.0,6.7,Evora
2026-06-21 14:00:00,36.8,23,0.0,6.9,Evora
2026-06-21 15:00:00,37.1,24,0.0,6.8,Evora
2026-06-21 16:00:00,37.0,25,0.0,10.7,Evora
2026-06-21 17:00:00,35.8,27,0.0,18.0,Evora
2026-06-21 18:00:00,32.5,30,0.0,21.3,Evora
2026-06-21 19:00:00,30.8,35,0.0,15.8,Evora
2026-06-21 20:00:00,29.6,36,0.0,12.4,Evora
2026-06-21 21:00:00,28.1,39,0.0,6.8,Evora
2026-06-21 22:00:00,27.1,44,0.0,3.1,Evora
2026-06-21 23:00:00,26.5,47,0.0,1.1,Evora
2026-06-22 00:00:00,25.6,58,0.0,0.8,Evora
2026-06-22 01:00:00,25.0,52,0.0,4.2,Evora
2026-06-22 02:00:00,24.5,58,0.0,7.1,Evora
2026-06-22 03:00:00,23.5,69,0.0,10.8,Evora
2026-06-22 04:00:00,22.6,74,0.0,9.3,Evora
2026-06-22 05:00:00,21.8,78,0.0,8.5,Evora
2026-06-22 06:00:00,22.2,77,0.0,8.5,Evora
2026-06-22 07:00:00,23.1,73,0.0,8.0,Evora
2026-06-22 08:00:00,24.9,66,0.0,8.5,Evora
2026-06-22 09:00:00,27.0,57,0.0,9.8,Evora
2026-06-22 10:00:00,28.9,49,0.0,10.1,Evora
2026-06-22 11:00:00,30.3,45,0.0,10.2,Evora
2026-06-22 12:00:00,32.1,41,0.0,11.0,Evora
2026-06-22 13:00:00,32.1,41,0.0,10.9,Evora
2026-06-22 14:00:00,31.3,43,0.0,10.1,Evora
2026-06-22 15:00:00,32.4,40,0.0,7.9,Evora
2026-06-22 16:00:00,32.5,40,0.0,8.1,Evora
2026-06-22 17:00:00,32.2,41,0.0,7.1,Evora
2026-06-22 18:00:00,31.2,44,0.0,6.4,Evora
2026-06-22 19:00:00,30.5,47,0.0,5.9,Evora
2026-06-22 20:00:00,28.8,58,0.0,2.4,Evora
2026-06-22 21:00:00,27.5,61,0.0,2.5,Evora
2026-06-22 22:00:00,26.0,62,0.0,4.4,Evora
2026-06-22 23:00:00,24.9,65,0.0,3.8,Evora
2026-06-23 00:00:00,24.1,66,0.0,3.5,Evora
2026-06-23 01:00:00,23.6,67,0.0,5.1,Evora
2026-06-23 02:00:00,22.8,67,0.0,7.8,Evora
2026-06-23 03:00:00,22.3,68,0.0,8.9,Evora
2026-06-23 04:00:00,21.9,71,0.0,9.2,Evora
2026-06-23 05:00:00,21.7,73,0.0,9.8,Evora
2026-06-23 06:00:00,22.1,73,0.0,10.7,Evora
2026-06-23 07:00:00,23.3,68,0.0,11.4,Evora
2026-06-23 08:00:00,24.9,61,0.0,12.6,Evora
2026-06-23 09:00:00,27.1,50,0.0,16.4,Evora
2026-06-23 10:00:00,28.1,46,0.0,16.6,Evora
2026-06-23 11:00:00,29.1,41,0.0,16.3,Evora
2026-06-23 12:00:00,31.4,34,0.0,15.1,Evora
2026-06-23 13:00:00,32.6,31,0.0,12.6,Evora
2026-06-23 14:00:00,33.6,28,0.0,14.3,Evora
2026-06-23 15:00:00,34.3,28,0.0,17.5,Evora
2026-06-23 16:00:00,34.0,30,0.0,14.9,Evora
2026-06-23 17:00:00,33.0,31,0.0,17.9,Evora
2026-06-23 18:00:00,31.2,34,0.0,19.1,Evora
2026-06-23 19:00:00,29.6,37,0.0,20.3,Evora
2026-06-23 20:00:00,28.5,40,0.0,19.0,Evora
2026-06-23 21:00:00,25.2,54,0.0,12.8,Evora
2026-06-23 22:00:00,21.7,69,0.0,12.4,Evora
2026-06-23 23:00:00,20.6,76,0.0,8.7,Evora
2026-06-24 00:00:00,19.5,82,0.0,8.7,Evora
2026-06-24 01:00:00,18.7,86,0.0,6.5,Evora
2026-06-24 02:00:00,18.1,90,0.0,4.8,Evora
2026-06-24 03:00:00,17.5,95,0.0,4.2,Evora
2026-06-24 04:00:00,17.2,98,0.0,5.6,Evora
2026-06-24 05:00:00,16.9,100,0.0,5.2,Evora
2026-06-24 06:00:00,17.5,96,0.0,5.5,Evora
2026-06-24 07:00:00,19.2,84,0.0,3.7,Evora
2026-06-24 08:00:00,21.3,73,0.0,3.2,Evora
2026-06-24 09:00:00,23.7,62,0.0,3.6,Evora
2026-06-24 10:00:00,25.9,55,0.0,5.5,Evora
2026-06-24 11:00:00,28.0,47,0.0,6.8,Evora
2026-06-24 12:00:00,29.7,40,0.0,7.2,Evora
2026-06-24 13:00:00,30.9,36,0.0,9.2,Evora
2026-06-24 14:00:00,31.1,34,0.0,12.2,Evora
2026-06-24 15:00:00,31.4,32,0.0,14.2,Evora
2026-06-24 16:00:00,30.7,34,0.0,12.9,Evora
2026-06-24 17:00:00,25.1,56,0.0,24.3,Evora
2026-06-24 18:00:00,24.2,59,0.0,21.0,Evora
2026-06-24 19:00:00,22.3,63,0.0,18.9,Evora
2026-06-24 20:00:00,20.9,66,0.0,18.0,Evora
2026-06-24 21:00:00,19.6,72,0.0,15.4,Evora
2026-06-24 22:00:00,18.7,82,0.0,14.0,Evora
2026-06-24 23:00:00,18.4,85,0.1,13.5,Evora
2026-06-25 00:00:00,17.6,96,0.0,11.9,Evora
2026-06-25 01:00:00,17.2,97,0.0,11.1,Evora
2026-06-25 02:00:00,17.1,97,0.0,10.2,Evora
2026-06-25 03:00:00,17.1,96,0.0,11.2,Evora
2026-06-25 04:00:00,16.9,96,0.2,12.1,Evora
2026-06-25 05:00:00,16.9,96,0.1,11.8,Evora
2026-06-25 06:00:00,16.9,98,0.0,12.1,Evora
2026-06-25 07:00:00,18.3,86,0.1,15.5,Evora
2026-06-25 08:00:00,20.2,71,0.1,17.4,Evora
2026-06-25 09:00:00,21.7,62,0.1,18.8,Evora
2026-06-25 10:00:00,23.2,56,0.1,19.3,Evora
2026-06-25 11:00:00,24.4,51,0.5,20.1,Evora
2026-06-25 12:00:00,25.4,47,0.8,22.4,Evora
2026-06-25 13:00:00,25.8,46,0.6,22.7,Evora
2026-06-25 14:00:00,26.4,45,0.4,22.0,Evora
2026-06-25 15:00:00,27.1,44,0.5,22.9,Evora
2026-06-25 16:00:00,25.5,51,0.2,23.0,Evora
2026-06-25 17:00:00,24.0,59,0.4,22.1,Evora
2026-06-25 18:00:00,23.0,64,0.3,20.1,Evora
2026-06-25 19:00:00,22.2,68,0.0,16.5,Evora
2026-06-25 20:00:00,20.8,75,0.0,13.0,Evora
2026-06-25 21:00:00,19.9,80,0.0,9.7,Evora
2026-06-25 22:00:00,19.3,85,0.0,9.9,Evora
2026-06-25 23:00:00,18.5,89,0.0,8.6,Evora
2026-06-26 00:00:00,18.4,91,0.0,8.9,Evora
2026-06-26 01:00:00,17.8,96,0.0,8.8,Evora
2026-06-26 02:00:00,17.8,97,0.0,8.5,Evora
2026-06-26 03:00:00,18.1,95,0.0,9.6,Evora
2026-06-26 04:00:00,18.6,90,0.0,9.8,Evora
2026-06-26 05:00:00,18.5,91,0.0,7.8,Evora
2026-06-26 06:00:00,18.5,91,0.0,5.9,Evora
2026-06-26 07:00:00,19.4,85,0.0,5.9,Evora
2026-06-26 08:00:00,20.8,76,0.1,5.1,Evora
2026-06-26 09:00:00,22.1,69,0.1,4.3,Evora
2026-06-26 10:00:00,23.4,62,0.1,6.0,Evora
2026-06-26 11:00:00,24.3,58,0.0,7.8,Evora
2026-06-26 12:00:00,24.9,55,0.0,8.0,Evora
2026-06-26 13:00:00,26.1,50,0.0,8.5,Evora
2026-06-26 14:00:00,26.4,49,0.0,9.8,Evora
2026-06-26 15:00:00,26.4,50,0.0,8.7,Evora
2026-06-26 16:00:00,27.1,46,0.0,7.6,Evora
2026-06-26 17:00:00,27.3,46,0.0,9.7,Evora
2026-06-26 18:00:00,26.1,53,0.0,15.1,Evora
2026-06-26 19:00:00,23.9,60,0.0,16.8,Evora
2026-06-26 20:00:00,22.3,64,0.0,14.4,Evora
2026-06-26 21:00:00,21.1,69,0.0,14.5,Evora
2026-06-26 22:00:00,20.2,71,0.0,14.2,Evora
2026-06-26 23:00:00,19.5,76,0.0,13.5,Evora
2026-06-27 00:00:00,18.7,82,0.0,12.1,Evora
2026-06-27 01:00:00,18.0,86,0.0,11.8,Evora
2026-06-27 02:00:00,17.5,89,0.0,11.6,Evora
2026-06-27 03:00:00,16.9,93,0.0,10.4,Evora
2026-06-27 04:00:00,16.6,96,0.0,9.7,Evora
2026-06-27 05:00:00,16.4,97,0.0,9.4,Evora
2026-06-27 06:00:00,17.2,96,0.0,9.9,Evora
2026-06-27 07:00:00,18.3,88,0.0,9.0,Evora
2026-06-27 08:00:00,20.3,75,0.0,6.7,Evora
2026-06-27 09:00:00,22.6,62,0.0,5.5,Evora
2026-06-27 10:00:00,24.7,50,0.0,4.5,Evora
2026-06-27 11:00:00,26.3,43,0.0,5.2,Evora
2026-06-27 12:00:00,27.7,40,0.0,6.8,Evora
2026-06-27 13:00:00,28.6,38,0.0,7.6,Evora
2026-06-27 14:00:00,29.3,36,0.0,8.7,Evora
2026-06-27 15:00:00,29.6,36,0.0,9.7,Evora
2026-06-27 16:00:00,29.5,37,0.0,11.3,Evora
2026-06-27 17:00:00,28.9,39,0.0,15.2,Evora
2026-06-27 18:00:00,28.3,39,0.0,15.7,Evora
2026-06-27 19:00:00,26.8,44,0.0,18.3,Evora
2026-06-27 20:00:00,24.3,54,0.0,20.0,Evora
2026-06-27 21:00:00,22.5,60,0.0,17.9,Evora
2026-06-27 22:00:00,20.9,63,0.0,18.3,Evora
2026-06-27 23:00:00,19.5,71,0.0,17.0,Evora
2026-06-28 00:00:00,18.6,77,0.0,15.7,Evora
2026-06-28 01:00:00,17.9,82,0.0,14.1,Evora
2026-06-28 02:00:00,17.3,85,0.0,13.8,Evora
2026-06-28 03:00:00,16.8,87,0.0,14.8,Evora
2026-06-28 04:00:00,16.5,89,0.0,15.6,Evora
2026-06-28 05:00:00,16.1,93,0.0,15.0,Evora
2026-06-28 06:00:00,16.4,93,0.0,12.9,Evora
2026-06-28 07:00:00,18.0,85,0.0,12.4,Evora
2026-06-28 08:00:00,20.4,71,0.0,10.6,Evora
2026-06-28 09:00:00,23.0,58,0.0,10.4,Evora
2026-06-28 10:00:00,25.4,48,0.0,10.1,Evora
2026-06-28 11:00:00,27.1,43,0.0,11.3,Evora
2026-06-28 12:00:00,28.3,39,0.0,12.0,Evora
2026-06-28 13:00:00,29.2,36,0.0,14.0,Evora
2026-06-28 14:00:00,29.7,35,0.0,14.1,Evora
2026-06-28 15:00:00,30.0,34,0.0,14.9,Evora
2026-06-28 16:00:00,29.9,36,0.0,16.1,Evora
2026-06-28 17:00:00,29.3,38,0.0,17.1,Evora
2026-06-28 18:00:00,28.4,42,0.0,18.6,Evora
2026-06-28 19:00:00,26.6,42,0.0,18.4,Evora
2026-06-28 20:00:00,24.5,52,0.0,19.0,Evora
2026-06-28 21:00:00,22.7,60,0.0,19.6,Evora
2026-06-28 22:00:00,21.2,67,0.0,19.8,Evora
2026-06-28 23:00:00,20.0,70,0.0,20.8,Evora
2026-06-29 00:00:00,18.9,74,0.0,18.8,Evora
2026-06-29 01:00:00,18.0,77,0.0,17.4,Evora
2026-06-29 02:00:00,17.4,80,0.0,16.3,Evora
2026-06-29 03:00:00,16.8,85,0.0,14.7,Evora
2026-06-29 04:00:00,16.5,88,0.0,12.8,Evora
2026-06-29 05:00:00,16.2,91,0.0,11.4,Evora
2026-06-29 06:00:00,16.9,87,0.0,11.1,Evora
2026-06-29 07:00:00,19.4,76,0.0,7.4,Evora
2026-06-29 08:00:00,22.5,65,0.0,7.9,Evora
2026-06-29 09:00:00,25.7,53,0.0,7.6,Evora
2026-06-29 10:00:00,28.4,43,0.0,5.9,Evora
2026-06-29 11:00:00,30.7,35,0.0,5.7,Evora
2026-06-29 12:00:00,32.5,30,0.0,6.1,Evora
2026-06-29 13:00:00,33.5,26,0.0,5.0,Evora
2026-06-29 14:00:00,34.3,23,0.0,4.9,Evora
2026-06-29 15:00:00,34.8,22,0.0,5.2,Evora
2026-06-29 16:00:00,35.0,22,0.0,5.9,Evora
2026-06-29 17:00:00,34.8,21,0.0,6.7,Evora
2026-06-29 18:00:00,34.5,20,0.0,7.3,Evora
2026-06-29 19:00:00,32.6,24,0.0,10.9,Evora
2026-06-29 20:00:00,27.1,45,0.0,21.1,Evora
2026-06-29 21:00:00,26.0,47,0.0,21.8,Evora
2026-06-29 22:00:00,24.6,51,0.0,20.4,Evora
2026-06-29 23:00:00,23.2,55,0.0,19.0,Evora
2026-06-30 00:00:00,22.0,62,0.0,17.8,Evora
2026-06-30 01:00:00,21.6,63,0.0,17.0,Evora
2026-06-30 02:00:00,21.2,65,0.0,15.7,Evora
2026-06-30 03:00:00,20.7,68,0.0,15.7,Evora
2026-06-30 04:00:00,20.2,71,0.0,15.3,Evora
2026-06-30 05:00:00,19.8,74,0.0,14.7,Evora
2026-06-30 06:00:00,20.1,76,0.0,14.8,Evora
2026-06-30 07:00:00,22.1,70,0.0,8.4,Evora
2026-06-30 08:00:00,25.2,59,0.0,2.7,Evora
2026-06-30 09:00:00,28.1,50,0.0,1.8,Evora
2026-06-30 10:00:00,31.3,41,0.0,1.5,Evora
2026-06-30 11:00:00,33.9,32,0.0,3.1,Evora
2026-06-30 12:00:00,35.7,26,0.0,3.1,Evora
2026-06-30 13:00:00,36.7,23,0.0,4.8,Evora
2026-06-30 14:00:00,37.2,22,0.0,7.8,Evora
2026-06-30 15:00:00,37.2,22,0.0,11.3,Evora
2026-06-30 16:00:00,36.9,23,0.0,14.8,Evora
2026-06-30 17:00:00,36.0,24,0.0,17.1,Evora
2026-06-30 18:00:00,34.8,26,0.0,18.5,Evora
2026-06-30 19:00:00,32.5,31,0.0,18.2,Evora
2026-06-30 20:00:00,29.6,38,0.0,17.2,Evora
2026-06-30 21:00:00,27.2,51,0.0,18.9,Evora
2026-06-30 22:00:00,25.7,55,0.0,19.4,Evora
2026-06-30 23:00:00,24.2,55,0.0,17.8,Evora
2026-07-01 00:00:00,23.2,56,0.0,16.9,Evora
2026-07-01 01:00:00,22.1,59,0.0,16.7,Evora
2026-07-01 02:00:00,20.9,65,0.0,16.8,Evora
2026-07-01 03:00:00,19.8,73,0.0,14.5,Evora
2026-07-01 04:00:00,19.2,76,0.0,14.0,Evora
2026-07-01 05:00:00,18.6,81,0.0,12.0,Evora
2026-07-01 06:00:00,18.9,82,0.0,10.1,Evora
2026-07-01 07:00:00,21.8,71,0.0,6.4,Evora
2026-07-01 08:00:00,25.8,55,0.0,3.8,Evora
2026-07-01 09:00:00,29.1,45,0.0,1.7,Evora
2026-07-01 10:00:00,31.8,38,0.0,3.2,Evora
2026-07-01 11:00:00,34.2,32,0.0,3.8,Evora
2026-07-01 12:00:00,36.2,23,0.0,5.4,Evora
2026-07-01 13:00:00,37.3,20,0.0,6.6,Evora
2026-07-01 14:00:00,38.0,18,0.0,8.6,Evora
2026-07-01 15:00:00,38.3,17,0.0,9.8,Evora
2026-07-01 16:00:00,38.2,16,0.0,9.9,Evora
2026-07-01 17:00:00,37.8,16,0.0,9.8,Evora
2026-07-01 18:00:00,37.1,19,0.0,11.4,Evora
2026-07-01 19:00:00,35.1,26,0.0,9.8,Evora
2026-07-01 20:00:00,32.3,35,0.0,13.8,Evora
2026-07-01 21:00:00,29.9,45,0.0,14.3,Evora
2026-07-01 22:00:00,28.7,48,0.0,14.2,Evora
2026-07-01 23:00:00,27.9,50,0.0,13.8,Evora
2026-07-02 00:00:00,27.1,53,0.0,13.0,Evora
2026-07-02 01:00:00,26.6,54,0.0,11.7,Evora
2026-07-02 02:00:00,26.6,52,0.0,10.8,Evora
2026-07-02 03:00:00,26.0,51,0.0,9.2,Evora
2026-07-02 04:00:00,25.4,46,0.0,9.2,Evora
2026-07-02 05:00:00,25.3,35,0.0,10.8,Evora
2026-07-02 06:00:00,25.6,35,0.0,11.4,Evora
2026-07-02 07:00:00,27.3,34,0.0,9.4,Evora
2026-07-02 08:00:00,30.0,30,0.0,10.2,Evora
2026-07-02 09:00:00,32.5,27,0.0,12.7,Evora
2026-07-02 10:00:00,34.6,24,0.0,12.9,Evora
2026-07-02 11:00:00,36.4,22,0.0,11.1,Evora
2026-07-02 12:00:00,38.5,20,0.0,7.9,Evora
2026-07-02 13:00:00,39.4,18,0.0,5.6,Evora
2026-07-02 14:00:00,40.1,17,0.0,4.2,Evora
2026-07-02 15:00:00,40.6,16,0.0,6.1,Evora
2026-07-02 16:00:00,40.6,15,0.0,9.3,Evora
2026-07-02 17:00:00,39.8,16,0.0,11.2,Evora
2026-07-02 18:00:00,38.9,16,0.0,13.9,Evora
2026-07-02 19:00:00,37.4,18,0.0,10.3,Evora
2026-07-02 20:00:00,35.0,20,0.0,13.0,Evora
2026-07-02 21:00:00,33.7,22,0.0,15.6,Evora
2026-07-02 22:00:00,32.4,23,0.0,11.2,Evora
2026-07-02 23:00:00,30.9,24,0.0,9.9,Evora
2026-07-03 00:00:00,30.1,23,0.0,8.0,Evora
2026-07-03 01:00:00,29.0,22,0.0,9.2,Evora
2026-07-03 02:00:00,28.0,22,0.0,8.7,Evora
2026-07-03 03:00:00,27.2,23,0.0,9.8,Evora
2026-07-03 04:00:00,26.9,23,0.0,11.7,Evora
2026-07-03 05:00:00,26.5,24,0.0,12.4,Evora
2026-07-03 06:00:00,26.3,25,0.0,13.2,Evora
2026-07-03 07:00:00,27.4,26,0.0,12.2,Evora
2026-07-03 08:00:00,29.0,25,0.0,13.5,Evora
2026-07-03 09:00:00,30.9,30,0.0,9.9,Evora
2026-07-03 10:00:00,33.0,31,0.0,7.3,Evora
2026-07-03 11:00:00,34.8,30,0.0,5.7,Evora
2026-07-03 12:00:00,35.8,28,0.0,3.5,Evora
2026-07-03 13:00:00,37.2,24,0.0,2.5,Evora
2026-07-03 14:00:00,38.2,20,0.0,4.8,Evora
2026-07-03 15:00:00,38.9,17,0.0,6.4,Evora
2026-07-03 16:00:00,39.1,16,0.0,8.3,Evora
2026-07-03 17:00:00,38.8,17,0.0,6.2,Evora
2026-07-03 18:00:00,38.3,17,0.0,8.4,Evora
2026-07-03 19:00:00,37.0,18,0.0,11.5,Evora
2026-07-03 20:00:00,34.2,23,0.0,11.3,Evora
2026-07-03 21:00:00,30.5,33,0.0,18.7,Evora
2026-07-03 22:00:00,29.8,33,0.0,14.7,Evora
2026-07-03 23:00:00,28.7,33,0.0,6.6,Evora
2026-07-04 00:00:00,27.1,39,0.0,5.9,Evora
2026-07-04 01:00:00,26.1,43,0.0,8.0,Evora
2026-07-04 02:00:00,25.2,46,0.0,8.4,Evora
2026-07-04 03:00:00,24.3,51,0.0,4.2,Evora
2026-07-04 04:00:00,23.8,54,0.0,2.2,Evora
2026-07-04 05:00:00,23.5,56,0.0,1.5,Evora
2026-07-04 06:00:00,23.6,55,0.0,4.5,Evora
2026-07-04 07:00:00,25.6,51,0.0,4.1,Evora
2026-07-04 08:00:00,28.2,42,0.0,4.7,Evora
2026-07-04 09:00:00,31.0,33,0.0,4.7,Evora
2026-07-04 10:00:00,33.6,28,0.0,3.8,Evora
2026-07-04 11:00:00,36.0,24,0.0,4.2,Evora
2026-07-04 12:00:00,37.9,23,0.0,6.5,Evora
2026-07-04 13:00:00,39.1,21,0.0,6.6,Evora
2026-07-04 14:00:00,39.8,18,0.0,6.5,Evora
2026-07-04 15:00:00,40.1,17,0.0,7.7,Evora
2026-07-04 16:00:00,39.9,16,0.0,9.9,Evora
2026-07-04 17:00:00,39.6,15,0.0,13.0,Evora
2026-07-04 18:00:00,38.7,13,0.0,18.1,Evora
2026-07-04 19:00:00,36.7,15,0.0,15.1,Evora
2026-07-04 20:00:00,34.1,19,0.0,5.6,Evora
2026-07-04 21:00:00,31.8,31,0.0,15.7,Evora
2026-07-04 22:00:00,30.8,33,0.0,12.6,Evora
2026-07-04 23:00:00,29.4,35,0.0,5.6,Evora
2026-07-05 00:00:00,28.6,35,0.0,7.1,Evora
2026-07-05 01:00:00,27.7,37,0.0,9.8,Evora
2026-07-05 02:00:00,27.1,37,0.0,10.4,Evora
2026-07-05 03:00:00,26.1,39,0.0,5.4,Evora
2026-07-05 04:00:00,25.2,43,0.0,0.9,Evora
2026-07-05 05:00:00,24.3,47,0.0,2.6,Evora
2026-07-05 06:00:00,24.6,48,0.0,3.7,Evora
2026-07-05 07:00:00,26.2,46,0.0,3.9,Evora
2026-07-05 08:00:00,28.7,39,0.0,3.1,Evora
2026-07-05 09:00:00,31.6,33,0.0,3.6,Evora
2026-07-05 10:00:00,34.1,29,0.0,6.0,Evora
2026-07-05 11:00:00,36.0,25,0.0,7.8,Evora
2026-07-05 12:00:00,37.4,23,0.0,7.2,Evora
2026-07-05 13:00:00,38.0,20,0.0,7.4,Evora
2026-07-05 14:00:00,38.7,17,0.0,5.2,Evora
2026-07-05 15:00:00,39.3,15,0.0,1.9,Evora
2026-07-05 16:00:00,39.2,15,0.0,5.1,Evora
2026-07-05 17:00:00,39.0,14,0.0,6.5,Evora
2026-07-05 18:00:00,38.8,14,0.0,11.2,Evora
2026-07-05 19:00:00,33.5,27,0.0,20.4,Evora
2026-07-05 20:00:00,30.0,33,0.0,16.1,Evora
2026-07-05 21:00:00,29.0,34,0.0,14.3,Evora
2026-07-05 22:00:00,28.0,37,0.0,12.9,Evora
2026-07-05 23:00:00,27.2,40,0.0,11.0,Evora
2026-07-06 00:00:00,25.7,45,0.0,6.3,Evora
2026-07-06 01:00:00,25.1,46,0.0,6.7,Evora
2026-07-06 02:00:00,25.3,41,0.0,8.9,Evora
2026-07-06 03:00:00,25.6,36,0.0,10.7,Evora
2026-07-06 04:00:00,25.8,33,0.0,11.7,Evora
2026-07-06 05:00:00,25.7,32,0.0,13.0,Evora
2026-07-06 06:00:00,25.4,34,0.0,7.5,Evora
2026-07-06 07:00:00,26.6,34,0.0,6.9,Evora
2026-07-06 08:00:00,28.3,34,0.0,6.6,Evora
2026-07-06 09:00:00,30.5,31,0.0,6.1,Evora
2026-07-06 10:00:00,32.8,27,0.0,6.6,Evora
2026-07-06 11:00:00,34.9,24,0.0,8.0,Evora
2026-07-06 12:00:00,37.0,20,0.0,9.4,Evora
2026-07-06 13:00:00,38.2,18,0.0,10.9,Evora
2026-07-06 14:00:00,38.8,17,0.0,12.9,Evora
2026-07-06 15:00:00,39.0,17,0.0,12.4,Evora
2026-07-06 16:00:00,39.0,16,0.0,13.8,Evora
2026-07-06 17:00:00,38.0,17,0.0,19.1,Evora
2026-07-06 18:00:00,36.1,19,0.0,18.3,Evora
2026-07-06 19:00:00,34.3,19,0.0,16.5,Evora
2026-07-06 20:00:00,31.4,24,0.0,17.2,Evora
2026-07-06 21:00:00,28.3,33,0.0,16.4,Evora
2026-07-06 22:00:00,26.1,39,0.0,14.6,Evora
2026-07-06 23:00:00,24.5,48,0.0,12.9,Evora
2026-07-07 00:00:00,22.8,57,0.0,11.3,Evora
2026-07-07 01:00:00,22.0,61,0.0,8.1,Evora
2026-07-07 02:00:00,21.3,62,0.0,5.2,Evora
2026-07-07 03:00:00,20.6,63,0.0,4.6,Evora
2026-07-07 04:00:00,20.1,63,0.0,7.0,Evora
2026-07-07 05:00:00,19.9,61,0.0,5.8,Evora
2026-07-07 06:00:00,19.8,63,0.0,4.0,Evora
2026-07-07 07:00:00,22.0,55,0.0,2.8,Evora
2026-07-07 08:00:00,25.0,46,0.0,3.7,Evora
2026-07-07 09:00:00,28.5,37,0.0,4.5,Evora
2026-07-07 10:00:00,31.7,30,0.0,5.3,Evora
2026-07-07 11:00:00,33.9,26,0.0,6.2,Evora
2026-07-07 12:00:00,35.8,20,0.0,8.2,Evora
2026-07-07 13:00:00,36.6,19,0.0,9.1,Evora
2026-07-07 14:00:00,37.1,17,0.0,10.4,Evora
2026-07-07 15:00:00,37.3,16,0.0,11.7,Evora
2026-07-07 16:00:00,37.3,15,0.0,12.7,Evora
2026-07-07 17:00:00,36.8,15,0.0,13.7,Evora
2026-07-07 18:00:00,35.3,19,0.0,14.3,Evora
2026-07-07 19:00:00,33.1,26,0.0,14.0,Evora
2026-07-07 20:00:00,30.5,29,0.0,14.1,Evora
2026-07-07 21:00:00,28.1,34,0.0,13.5,Evora
2026-07-07 22:00:00,25.9,45,0.0,13.7,Evora
2026-07-07 23:00:00,24.2,53,0.0,12.9,Evora
2026-07-08 00:00:00,22.7,58,0.0,11.3,Evora
2026-07-08 01:00:00,21.5,61,0.0,9.3,Evora
2026-07-08 02:00:00,20.3,65,0.0,10.3,Evora
2026-07-08 03:00:00,19.4,68,0.0,10.1,Evora
2026-07-08 04:00:00,18.7,68,0.0,9.9,Evora
2026-07-08 05:00:00,18.0,69,0.0,9.0,Evora
2026-07-08 06:00:00,17.9,70,0.0,9.7,Evora
2026-07-08 07:00:00,20.9,59,0.0,7.6,Evora
2026-07-08 08:00:00,25.0,45,0.0,4.6,Evora
2026-07-08 09:00:00,29.1,32,0.0,2.1,Evora
2026-07-08 10:00:00,32.2,23,0.0,1.2,Evora
2026-07-08 11:00:00,34.4,17,0.0,2.8,Evora
2026-07-08 12:00:00,36.4,13,0.0,7.0,Evora
2026-07-08 13:00:00,37.1,12,0.0,9.1,Evora
2026-07-08 14:00:00,37.5,11,0.0,10.4,Evora
2026-07-08 15:00:00,37.5,11,0.0,10.7,Evora
2026-07-08 16:00:00,37.2,12,0.0,11.8,Evora
2026-07-08 17:00:00,36.7,14,0.0,12.7,Evora
2026-07-08 18:00:00,35.9,14,0.0,13.3,Evora
2026-07-08 19:00:00,34.0,18,0.0,13.7,Evora
2026-07-08 20:00:00,30.8,27,0.0,12.8,Evora
2026-07-08 21:00:00,28.7,32,0.0,12.6,Evora
2026-07-08 22:00:00,26.6,36,0.0,13.5,Evora
2026-07-08 23:00:00,24.1,45,0.0,12.0,Evora
2026-07-09 00:00:00,22.3,52,0.0,9.5,Evora
2026-07-09 01:00:00,20.9,61,0.0,6.0,Evora
2026-07-09 02:00:00,19.5,68,0.0,4.0,Evora
2026-07-09 03:00:00,18.4,75,0.0,3.7,Evora
2026-07-09 04:00:00,17.5,80,0.0,3.6,Evora
2026-07-09 05:00:00,16.7,85,0.0,4.3,Evora
2026-07-09 06:00:00,16.4,86,0.0,7.4,Evora
2026-07-09 07:00:00,18.3,76,0.0,5.6,Evora
2026-07-09 08:00:00,21.0,63,0.0,4.9,Evora
2026-07-09 09:00:00,23.7,51,0.0,6.1,Evora
2026-07-09 10:00:00,26.2,42,0.0,8.5,Evora
2026-07-09 11:00:00,28.1,37,0.0,10.9,Evora
2026-07-09 12:00:00,30.1,32,0.0,12.2,Evora
2026-07-09 13:00:00,31.2,31,0.0,12.5,Evora
2026-07-09 14:00:00,32.2,29,0.0,13.2,Evora
2026-07-09 15:00:00,32.4,28,0.0,14.7,Evora
2026-07-09 16:00:00,31.9,30,0.0,16.0,Evora
2026-07-09 17:00:00,30.9,35,0.0,16.3,Evora
2026-07-09 18:00:00,29.8,40,0.0,15.0,Evora
2026-07-09 19:00:00,28.2,44,0.0,14.8,Evora
2026-07-09 20:00:00,26.0,47,0.0,14.5,Evora
2026-07-09 21:00:00,23.4,53,0.0,14.8,Evora
2026-07-09 22:00:00,20.8,62,0.0,13.8,Evora
2026-07-09 23:00:00,19.0,70,0.0,13.4,Evora
2026-07-10 00:00:00,18.0,77,0.0,12.6,Evora
2026-07-10 01:00:00,16.9,83,0.0,11.5,Evora
2026-07-10 02:00:00,16.3,86,0.0,10.0,Evora
2026-07-10 03:00:00,15.9,88,0.0,6.5,Evora
2026-07-10 04:00:00,15.3,91,0.0,7.4,Evora
2026-07-10 05:00:00,15.0,93,0.0,7.8,Evora
2026-07-10 06:00:00,15.3,89,0.0,8.8,Evora
2026-07-10 07:00:00,16.8,80,0.0,4.0,Evora
2026-07-10 08:00:00,19.0,70,0.0,6.1,Evora
2026-07-10 09:00:00,21.5,61,0.0,8.7,Evora
2026-07-10 10:00:00,24.1,50,0.0,8.8,Evora
2026-07-10 11:00:00,26.8,40,0.0,8.1,Evora
2026-07-10 12:00:00,28.6,36,0.0,6.9,Evora
2026-07-10 13:00:00,30.0,33,0.0,6.3,Evora
2026-07-10 14:00:00,31.4,29,0.0,7.4,Evora
2026-07-10 15:00:00,32.1,27,0.0,9.2,Evora
2026-07-10 16:00:00,32.3,26,0.0,10.3,Evora
2026-07-10 17:00:00,31.8,29,0.0,12.8,Evora
2026-07-10 18:00:00,30.8,32,0.0,14.8,Evora
2026-07-10 19:00:00,28.9,35,0.0,14.3,Evora
2026-07-10 20:00:00,26.4,42,0.0,14.7,Evora
2026-07-10 21:00:00,23.4,52,0.0,16.4,Evora
2026-07-10 22:00:00,21.7,58,0.0,16.4,Evora
2026-07-10 23:00:00,20.5,62,0.0,12.9,Evora
2026-07-11 00:00:00,19.8,66,0.0,4.0,Evora
2026-07-11 01:00:00,19.1,70,0.0,2.5,Evora
2026-07-11 02:00:00,18.6,72,0.0,4.6,Evora
2026-07-11 03:00:00,17.8,77,0.0,3.2,Evora
2026-07-11 04:00:00,17.2,81,0.0,0.9,Evora
2026-07-11 05:00:00,16.5,85,0.0,1.6,Evora
2026-07-11 06:00:00,16.7,84,0.0,6.0,Evora
2026-07-11 07:00:00,18.2,77,0.0,7.5,Evora
2026-07-11 08:00:00,20.0,70,0.0,10.1,Evora
2026-07-11 09:00:00,21.8,59,0.0,12.5,Evora
2026-07-11 10:00:00,23.6,51,0.0,13.7,Evora
2026-07-11 11:00:00,24.9,48,0.0,15.7,Evora
2026-07-11 12:00:00,24.9,49,0.0,17.6,Evora
2026-07-11 13:00:00,25.8,45,0.0,16.3,Evora
2026-07-11 14:00:00,26.2,42,0.0,16.9,Evora
2026-07-11 15:00:00,25.9,43,0.0,16.6,Evora
2026-07-11 16:00:00,26.0,43,0.0,15.7,Evora
2026-07-11 17:00:00,25.2,46,0.0,16.6,Evora
2026-07-11 18:00:00,24.0,50,0.0,17.3,Evora
2026-07-11 19:00:00,22.1,56,0.0,16.4,Evora
2026-07-11 20:00:00,20.2,63,0.0,17.2,Evora
2026-07-11 21:00:00,18.8,69,0.0,12.6,Evora
2026-07-11 22:00:00,18.1,73,0.0,10.3,Evora
2026-07-11 23:00:00,17.5,77,0.0,8.7,Evora
2026-07-12 00:00:00,16.9,84,0.0,8.0,Evora
2026-07-12 01:00:00,16.3,90,0.0,4.5,Evora
2026-07-12 02:00:00,15.9,94,0.0,3.1,Evora
2026-07-12 03:00:00,15.4,97,0.0,3.0,Evora
2026-07-12 04:00:00,15.4,97,0.0,0.9,Evora
2026-07-12 05:00:00,15.7,95,0.0,2.4,Evora
2026-07-12 06:00:00,16.4,91,0.0,6.0,Evora
2026-07-12 07:00:00,18.4,80,0.1,5.9,Evora
2026-07-12 08:00:00,20.5,69,0.0,10.7,Evora
2026-07-12 09:00:00,22.2,60,0.1,14.3,Evora
2026-07-12 10:00:00,24.0,49,0.0,15.9,Evora
2026-07-12 11:00:00,25.9,40,0.0,16.7,Evora
2026-07-12 12:00:00,26.9,36,0.0,15.8,Evora
2026-07-12 13:00:00,27.6,33,0.0,15.7,Evora
2026-07-12 14:00:00,28.1,31,0.0,15.2,Evora
2026-07-12 15:00:00,28.5,31,0.0,15.7,Evora
2026-07-12 16:00:00,28.2,33,0.0,17.9,Evora
2026-07-12 17:00:00,26.6,39,0.0,19.9,Evora
2026-07-12 18:00:00,25.2,44,0.0,20.8,Evora
2026-07-12 19:00:00,23.1,53,0.0,19.3,Evora
2026-07-12 20:00:00,21.0,63,0.0,16.7,Evora
2026-07-12 21:00:00,20.0,67,0.0,12.1,Evora
2026-07-12 22:00:00,19.3,72,0.0,10.3,Evora
2026-07-12 23:00:00,18.5,78,0.0,8.3,Evora
2026-07-13 00:00:00,17.8,83,0.0,8.1,Evora
2026-07-13 01:00:00,17.3,85,0.0,5.2,Evora
2026-07-13 02:00:00,16.8,87,0.0,3.8,Evora
2026-07-13 03:00:00,16.4,89,0.0,3.3,Evora
2026-07-13 04:00:00,16.0,92,0.0,1.5,Evora
2026-07-13 05:00:00,15.6,94,0.0,1.5,Evora
2026-07-13 06:00:00,16.1,92,0.0,2.4,Evora
2026-07-13 07:00:00,18.3,79,0.0,0.8,Evora
2026-07-13 08:00:00,19.9,70,0.0,1.9,Evora
2026-07-13 09:00:00,21.8,61,0.0,2.4,Evora
2026-07-13 10:00:00,23.5,54,0.0,1.7,Evora
2026-07-13 11:00:00,25.4,48,0.0,3.1,Evora
2026-07-13 12:00:00,26.7,44,0.0,4.4,Evora
2026-07-13 13:00:00,28.1,40,0.0,6.2,Evora
2026-07-13 14:00:00,29.1,37,0.0,7.4,Evora
2026-07-13 15:00:00,29.7,35,0.0,7.5,Evora
2026-07-13 16:00:00,30.0,34,0.0,6.4,Evora
2026-07-13 17:00:00,30.2,33,0.0,6.3,Evora
2026-07-13 18:00:00,29.4,34,0.0,10.1,Evora
2026-07-13 19:00:00,27.3,42,0.0,14.9,Evora
2026-07-13 20:00:00,25.6,47,0.0,16.8,Evora
2026-07-13 21:00:00,23.6,58,0.0,18.4,Evora
2026-07-13 22:00:00,21.6,70,0.0,18.5,Evora
2026-07-13 23:00:00,20.5,75,0.0,16.5,Evora
2026-07-14 00:00:00,19.8,77,0.0,12.5,Evora
2026-07-14 01:00:00,19.2,80,0.0,8.7,Evora
2026-07-14 02:00:00,18.6,83,0.0,7.9,Evora
2026-07-14 03:00:00,18.1,86,0.0,7.7,Evora
2026-07-14 04:00:00,17.7,88,0.0,6.9,Evora
2026-07-14 05:00:00,17.4,90,0.0,6.2,Evora
2026-07-14 06:00:00,17.6,88,0.0,6.8,Evora
2026-07-14 07:00:00,19.5,78,0.0,4.3,Evora
2026-07-14 08:00:00,21.8,65,0.0,4.1,Evora
2026-07-14 09:00:00,24.2,52,0.0,4.5,Evora
2026-07-14 10:00:00,26.2,45,0.0,5.9,Evora
2026-07-14 11:00:00,27.7,41,0.0,7.7,Evora
2026-07-14 12:00:00,28.7,39,0.0,8.9,Evora
2026-07-14 13:00:00,29.5,37,0.0,10.2,Evora
2026-07-14 14:00:00,30.1,35,0.0,11.1,Evora
2026-07-14 15:00:00,30.2,34,0.0,11.1,Evora
2026-07-14 16:00:00,30.0,35,0.0,11.7,Evora
2026-07-14 17:00:00,28.9,39,0.0,15.0,Evora
2026-07-14 18:00:00,27.8,43,0.0,15.7,Evora
2026-07-14 19:00:00,26.0,48,0.0,16.4,Evora
2026-07-14 20:00:00,23.7,56,0.0,16.4,Evora
2026-07-14 21:00:00,21.8,62,0.0,14.1,Evora
2026-07-14 22:00:00,21.3,65,0.0,9.2,Evora
2026-07-14 23:00:00,21.2,65,0.0,11.1,Evora
2026-07-15 00:00:00,20.3,68,0.0,11.3,Evora
2026-07-15 01:00:00,19.3,73,0.0,8.5,Evora
2026-07-15 02:00:00,18.3,80,0.0,7.3,Evora
2026-07-15 03:00:00,17.5,86,0.0,6.4,Evora
2026-07-15 04:00:00,16.9,91,0.0,6.1,Evora
2026-07-15 05:00:00,16.5,95,0.0,6.3,Evora
2026-07-15 06:00:00,16.7,94,0.0,6.6,Evora
2026-07-15 07:00:00,18.9,81,0.0,3.0,Evora
2026-07-15 08:00:00,21.5,65,0.0,2.7,Evora
2026-07-15 09:00:00,23.9,52,0.0,3.9,Evora
2026-07-15 10:00:00,25.8,44,0.0,3.0,Evora
2026-07-15 11:00:00,27.6,39,0.0,2.5,Evora
2026-07-15 12:00:00,29.2,36,0.0,5.6,Evora
2026-07-15 13:00:00,30.3,34,0.0,7.9,Evora
2026-07-15 14:00:00,31.2,33,0.0,8.3,Evora
2026-07-15 15:00:00,31.7,33,0.0,8.1,Evora
2026-07-15 16:00:00,31.9,32,0.0,9.5,Evora
2026-07-15 17:00:00,31.4,34,0.0,14.2,Evora
2026-07-15 18:00:00,29.8,39,0.0,16.8,Evora
2026-07-15 19:00:00,28.7,40,0.0,17.0,Evora
2026-07-15 20:00:00,26.8,47,0.0,18.4,Evora
2026-07-15 21:00:00,23.8,63,0.0,18.9,Evora
2026-07-15 22:00:00,22.7,67,0.0,16.8,Evora
2026-07-15 23:00:00,21.7,70,0.0,14.7,Evora
2026-07-16 00:00:00,20.7,74,0.0,13.0,Evora
2026-07-16 01:00:00,19.8,79,0.0,12.1,Evora
2026-07-16 02:00:00,18.8,87,0.0,12.5,Evora
2026-07-16 03:00:00,18.1,93,0.0,11.5,Evora
2026-07-16 04:00:00,17.8,95,0.0,10.3,Evora
2026-07-16 05:00:00,17.8,95,0.0,8.9,Evora
2026-07-16 06:00:00,18.1,94,0.0,7.8,Evora
2026-07-16 07:00:00,19.0,86,0.0,7.7,Evora
2026-07-16 08:00:00,20.7,76,0.0,7.0,Evora
2026-07-16 09:00:00,23.1,64,0.0,7.9,Evora
2026-07-16 10:00:00,25.4,51,0.0,9.0,Evora
2026-07-16 11:00:00,27.6,41,0.0,9.4,Evora
2026-07-16 12:00:00,29.9,34,0.0,11.5,Evora
2026-07-16 13:00:00,30.8,32,0.0,12.3,Evora
2026-07-16 14:00:00,31.6,32,0.0,12.5,Evora
2026-07-16 15:00:00,31.8,34,0.0,16.4,Evora
2026-07-16 16:00:00,30.9,37,0.0,18.2,Evora
2026-07-16 17:00:00,30.4,38,0.0,17.8,Evora
2026-07-16 18:00:00,29.4,42,0.0,18.3,Evora
2026-07-16 19:00:00,27.5,48,0.0,17.9,Evora
2026-07-16 20:00:00,25.2,57,0.0,18.6,Evora
2026-07-16 21:00:00,23.6,60,0.0,17.7,Evora
2026-07-16 22:00:00,22.2,63,0.0,15.4,Evora
2026-07-16 23:00:00,21.1,67,0.0,13.4,Evora
2026-07-17 00:00:00,20.2,71,0.0,12.6,Evora
2026-07-17 01:00:00,19.1,79,0.0,12.2,Evora
2026-07-17 02:00:00,18.1,87,0.0,11.8,Evora
2026-07-17 03:00:00,17.4,93,0.0,10.0,Evora
2026-07-17 04:00:00,16.9,97,0.0,9.0,Evora
2026-07-17 05:00:00,17.0,97,0.0,9.8,Evora
2026-07-17 06:00:00,17.1,96,0.0,8.9,Evora
2026-07-17 07:00:00,18.1,87,0.0,9.0,Evora
2026-07-17 08:00:00,20.0,73,0.0,9.1,Evora
2026-07-17 09:00:00,22.0,62,0.0,9.6,Evora
2026-07-17 10:00:00,24.1,52,0.0,10.7,Evora
2026-07-17 11:00:00,25.9,45,0.0,9.8,Evora
2026-07-17 12:00:00,27.9,39,0.0,9.6,Evora
2026-07-17 13:00:00,29.2,35,0.0,9.7,Evora
2026-07-17 14:00:00,30.1,33,0.0,10.4,Evora
2026-07-17 15:00:00,30.6,32,0.0,10.7,Evora
2026-07-17 16:00:00,30.7,31,0.0,11.4,Evora
2026-07-17 17:00:00,30.4,31,0.0,12.3,Evora
2026-07-17 18:00:00,29.7,34,0.0,13.1,Evora
2026-07-17 19:00:00,27.8,41,0.0,16.7,Evora
2026-07-17 20:00:00,24.5,53,0.0,21.3,Evora
2026-07-17 21:00:00,22.9,58,0.0,21.5,Evora
2026-07-17 22:00:00,21.5,63,0.0,20.9,Evora
2026-07-17 23:00:00,20.3,67,0.0,18.3,Evora
2026-07-18 00:00:00,19.2,73,0.0,16.0,Evora
2026-07-18 01:00:00,18.4,77,0.0,14.9,Evora
2026-07-18 02:00:00,17.7,82,0.0,14.3,Evora
2026-07-18 03:00:00,17.0,87,0.0,13.5,Evora
2026-07-18 04:00:00,16.5,91,0.0,12.5,Evora
2026-07-18 05:00:00,16.0,94,0.0,11.4,Evora
2026-07-18 06:00:00,16.2,94,0.0,11.9,Evora
2026-07-18 07:00:00,18.1,83,0.0,11.5,Evora
2026-07-18 08:00:00,20.0,73,0.0,10.2,Evora
2026-07-18 09:00:00,22.3,62,0.0,10.1,Evora
2026-07-18 10:00:00,24.6,51,0.0,9.6,Evora
2026-07-18 11:00:00,26.6,43,0.0,10.2,Evora
2026-07-18 12:00:00,28.0,39,0.0,10.7,Evora
2026-07-18 13:00:00,29.3,35,0.0,10.7,Evora
2026-07-18 14:00:00,30.2,33,0.0,11.0,Evora
2026-07-18 15:00:00,30.8,31,0.0,11.5,Evora
2026-07-18 16:00:00,30.8,31,0.0,13.1,Evora
2026-07-18 17:00:00,30.2,34,0.0,14.7,Evora
2026-07-18 18:00:00,28.8,39,0.0,15.8,Evora
2026-07-18 19:00:00,26.6,46,0.0,15.9,Evora
2026-07-18 20:00:00,23.9,55,0.0,17.7,Evora
2026-07-18 21:00:00,22.1,65,0.0,16.7,Evora
2026-07-18 22:00:00,20.9,71,0.0,14.4,Evora
2026-07-18 23:00:00,19.8,77,0.0,14.0,Evora
2026-07-19 00:00:00,18.6,84,0.0,12.6,Evora
2026-07-19 01:00:00,17.9,88,0.0,13.1,Evora
2026-07-19 02:00:00,17.4,92,0.0,12.0,Evora
2026-07-19 03:00:00,17.0,94,0.0,11.1,Evora
2026-07-19 04:00:00,16.6,97,0.0,11.0,Evora
2026-07-19 05:00:00,16.8,97,0.0,12.0,Evora
2026-07-19 06:00:00,17.7,92,0.0,13.4,Evora
2026-07-19 07:00:00,18.4,86,0.0,11.8,Evora
2026-07-19 08:00:00,20.0,75,0.0,11.0,Evora
2026-07-19 09:00:00,22.1,65,0.0,8.3,Evora
2026-07-19 10:00:00,24.3,56,0.0,6.3,Evora
2026-07-19 11:00:00,26.2,48,0.0,5.7,Evora
2026-07-19 12:00:00,28.2,41,0.0,6.9,Evora
2026-07-19 13:00:00,29.5,36,0.0,7.8,Evora
2026-07-19 14:00:00,30.5,32,0.0,8.6,Evora
2026-07-19 15:00:00,31.1,30,0.0,9.5,Evora
2026-07-19 16:00:00,31.3,30,0.0,11.1,Evora
2026-07-19 17:00:00,30.9,32,0.0,13.6,Evora
2026-07-19 18:00:00,29.6,36,0.0,15.6,Evora
2026-07-19 19:00:00,27.5,43,0.0,16.6,Evora
2026-07-19 20:00:00,24.9,51,0.0,17.5,Evora
2026-07-19 21:00:00,22.9,60,0.0,18.5,Evora
2026-07-19 22:00:00,21.3,68,0.0,17.3,Evora
2026-07-19 23:00:00,20.0,75,0.0,15.7,Evora
2026-07-20 00:00:00,19.1,80,0.0,14.1,Evora
2026-07-20 01:00:00,18.2,87,0.0,11.6,Evora
2026-07-20 02:00:00,17.4,94,0.0,9.8,Evora
2026-07-20 03:00:00,17.2,97,0.0,10.1,Evora
2026-07-20 04:00:00,17.3,97,0.0,9.0,Evora
2026-07-20 05:00:00,17.7,93,0.0,8.4,Evora
2026-07-20 06:00:00,18.1,90,0.0,7.7,Evora
2026-07-20 07:00:00,19.1,82,0.0,6.6,Evora
2026-07-20 08:00:00,20.7,71,0.0,6.8,Evora
2026-07-20 09:00:00,22.6,60,0.0,7.6,Evora
2026-07-20 10:00:00,24.5,52,0.0,8.4,Evora
2026-07-20 11:00:00,26.3,46,0.0,9.4,Evora
2026-07-20 12:00:00,28.0,42,0.0,9.8,Evora
2026-07-20 13:00:00,29.2,38,0.0,9.6,Evora
2026-07-20 14:00:00,30.1,35,0.0,10.3,Evora
2026-07-20 15:00:00,30.7,32,0.0,11.1,Evora
2026-07-20 16:00:00,30.8,32,0.0,12.5,Evora
2026-07-20 17:00:00,30.2,34,0.0,14.6,Evora
2026-07-20 18:00:00,29.2,37,0.0,14.6,Evora
2026-07-20 19:00:00,27.5,42,0.0,14.9,Evora
2026-07-20 20:00:00,24.5,54,0.0,18.5,Evora
2026-07-20 21:00:00,22.8,60,0.0,17.8,Evora
2026-07-20 22:00:00,21.4,66,0.0,16.7,Evora
2026-07-20 23:00:00,20.1,72,0.0,16.4,Evora
2026-07-21 00:00:00,18.8,80,0.0,14.5,Evora
2026-07-21 01:00:00,18.0,86,0.0,12.0,Evora
2026-07-21 02:00:00,17.5,91,0.0,11.0,Evora
2026-07-21 03:00:00,17.0,96,0.0,10.1,Evora
2026-07-21 04:00:00,16.8,97,0.0,8.7,Evora
2026-07-21 05:00:00,16.9,98,0.0,7.8,Evora
2026-07-21 06:00:00,18.1,92,0.0,9.0,Evora
2026-07-21 07:00:00,19.2,84,0.0,9.8,Evora
2026-07-21 08:00:00,20.9,72,0.0,8.9,Evora
2026-07-21 09:00:00,22.7,65,0.0,7.7,Evora
2026-07-21 10:00:00,24.6,57,0.0,3.8,Evora
2026-07-21 11:00:00,26.5,50,0.0,2.9,Evora
2026-07-21 12:00:00,28.0,44,0.0,4.7,Evora
2026-07-21 13:00:00,29.2,39,0.0,5.3,Evora
2026-07-21 14:00:00,30.8,34,0.0,4.6,Evora
2026-07-21 15:00:00,31.5,32,0.0,4.0,Evora
2026-07-21 16:00:00,31.9,31,0.0,4.8,Evora
2026-07-21 17:00:00,31.9,32,0.0,7.1,Evora
2026-07-21 18:00:00,30.7,37,0.0,11.9,Evora
2026-07-21 19:00:00,27.6,50,0.0,17.7,Evora
2026-07-21 20:00:00,24.9,59,0.0,15.7,Evora
2026-07-21 21:00:00,23.6,64,0.0,13.0,Evora
2026-07-21 22:00:00,23.1,64,0.0,12.8,Evora
2026-07-21 23:00:00,22.5,65,0.0,13.8,Evora
2026-07-22 00:00:00,20.9,77,0.0,12.4,Evora
2026-07-22 01:00:00,19.7,84,0.0,11.1,Evora
2026-07-22 02:00:00,18.7,89,0.0,9.9,Evora
2026-07-22 03:00:00,17.9,93,0.0,7.3,Evora
2026-07-22 04:00:00,17.6,95,0.0,8.0,Evora
2026-07-22 05:00:00,17.4,96,0.0,6.8,Evora
2026-07-22 06:00:00,17.4,95,0.0,7.5,Evora
2026-07-22 07:00:00,18.7,85,0.0,8.5,Evora
2026-07-22 08:00:00,20.7,74,0.0,8.2,Evora
2026-07-22 09:00:00,23.3,60,0.0,6.7,Evora
2026-07-22 10:00:00,25.9,49,0.0,4.5,Evora
2026-07-22 11:00:00,28.2,39,0.0,3.5,Evora
2026-07-22 12:00:00,29.8,33,0.0,4.2,Evora
2026-07-22 13:00:00,31.3,29,0.0,5.1,Evora
2026-07-22 14:00:00,32.5,27,0.0,7.7,Evora
2026-07-22 15:00:00,33.0,26,0.0,10.0,Evora
2026-07-22 16:00:00,33.0,26,0.0,11.2,Evora
2026-07-22 17:00:00,32.2,29,0.0,13.6,Evora
2026-07-22 18:00:00,30.7,35,0.0,14.2,Evora
2026-07-22 19:00:00,28.3,45,0.0,15.5,Evora
2026-07-22 20:00:00,25.7,56,0.0,15.0,Evora
2026-07-22 21:00:00,24.7,56,0.0,13.8,Evora
2026-07-22 22:00:00,23.3,59,0.0,16.0,Evora
2026-07-22 23:00:00,21.5,70,0.0,14.8,Evora
2026-07-23 00:00:00,20.2,79,0.0,14.3,Evora
2026-07-23 01:00:00,19.1,87,0.0,13.0,Evora
2026-07-23 02:00:00,18.2,92,0.0,12.2,Evora
2026-07-23 03:00:00,17.6,95,0.0,10.1,Evora
2026-07-23 04:00:00,17.8,94,0.0,11.4,Evora
2026-07-23 05:00:00,18.0,90,0.0,9.9,Evora
2026-07-23 06:00:00,18.1,88,0.0,9.7,Evora
2026-07-23 07:00:00,19.0,81,0.0,8.7,Evora
2026-07-23 08:00:00,20.6,72,0.0,8.0,Evora
2026-07-23 09:00:00,22.5,62,0.0,8.0,Evora
2026-07-23 10:00:00,25.1,51,0.0,9.2,Evora
2026-07-23 11:00:00,27.7,42,0.0,10.8,Evora
2026-07-23 12:00:00,30.2,34,0.0,10.2,Evora
2026-07-23 13:00:00,31.5,30,0.0,8.4,Evora
2026-07-23 14:00:00,32.3,28,0.0,8.6,Evora
2026-07-23 15:00:00,32.7,28,0.0,11.6,Evora
2026-07-23 16:00:00,32.7,29,0.0,13.6,Evora
2026-07-23 17:00:00,32.1,31,0.0,14.4,Evora
2026-07-23 18:00:00,31.0,32,0.0,15.8,Evora
2026-07-23 19:00:00,28.8,37,0.0,17.0,Evora
2026-07-23 20:00:00,25.9,44,0.0,19.1,Evora
2026-07-23 21:00:00,23.6,55,0.0,17.3,Evora
2026-07-23 22:00:00,21.6,64,0.0,18.2,Evora
2026-07-23 23:00:00,20.0,75,0.0,16.9,Evora
2026-07-24 00:00:00,19.4,79,0.0,15.3,Evora
2026-07-24 01:00:00,18.7,84,0.0,15.7,Evora
2026-07-24 02:00:00,18.1,90,0.0,15.5,Evora
2026-07-24 03:00:00,17.5,94,0.0,14.8,Evora
2026-07-24 04:00:00,17.2,95,0.0,13.6,Evora
2026-07-24 05:00:00,17.1,96,0.0,12.9,Evora
2026-07-24 06:00:00,17.8,95,0.0,14.9,Evora
2026-07-24 07:00:00,18.8,86,0.0,14.2,Evora
2026-07-24 08:00:00,20.6,74,0.0,13.0,Evora
2026-07-24 09:00:00,22.7,61,0.0,12.8,Evora
2026-07-24 10:00:00,24.6,52,0.0,12.0,Evora
2026-07-24 11:00:00,26.3,44,0.0,12.2,Evora
2026-07-24 12:00:00,27.9,39,0.0,13.4,Evora
2026-07-24 13:00:00,28.5,37,0.0,14.9,Evora
2026-07-24 14:00:00,29.0,35,0.0,16.8,Evora
2026-07-24 15:00:00,29.1,34,0.0,18.6,Evora
2026-07-24 16:00:00,28.5,34,0.0,19.8,Evora
2026-07-24 17:00:00,27.5,36,0.0,19.7,Evora
2026-07-24 18:00:00,25.9,40,0.0,19.9,Evora
2026-07-24 19:00:00,23.9,48,0.0,19.6,Evora
2026-07-24 20:00:00,21.8,57,0.0,19.4,Evora
2026-07-24 21:00:00,20.8,61,0.0,16.7,Evora
2026-07-24 22:00:00,19.8,67,0.0,18.5,Evora
2026-07-24 23:00:00,18.7,76,0.0,17.4,Evora
2026-07-25 00:00:00,18.4,80,0.0,15.3,Evora
2026-07-25 01:00:00,17.8,85,0.0,13.8,Evora
2026-07-25 02:00:00,17.5,89,0.0,13.7,Evora
2026-07-25 03:00:00,17.4,90,0.0,13.4,Evora
2026-07-25 04:00:00,17.2,92,0.0,12.6,Evora
2026-07-25 05:00:00,17.1,93,0.0,13.2,Evora
2026-07-25 06:00:00,17.8,90,0.0,13.4,Evora
2026-07-25 07:00:00,18.8,82,0.0,16.7,Evora
2026-07-25 08:00:00,20.2,73,0.0,16.6,Evora
2026-07-25 09:00:00,22.1,61,0.0,17.5,Evora
2026-07-25 10:00:00,24.0,51,0.0,19.0,Evora
2026-07-25 11:00:00,24.9,46,0.0,17.7,Evora
2026-07-25 12:00:00,25.9,43,0.0,16.4,Evora
2026-07-25 13:00:00,26.5,40,0.0,14.9,Evora
2026-07-25 14:00:00,27.5,36,0.0,15.7,Evora
2026-07-25 15:00:00,28.6,32,0.0,16.8,Evora
2026-07-25 16:00:00,28.3,34,0.0,18.8,Evora
2026-07-25 17:00:00,27.0,40,0.0,17.7,Evora
2026-07-25 18:00:00,26.6,43,0.0,16.2,Evora
2026-07-25 19:00:00,25.7,45,0.0,14.6,Evora
2026-07-25 20:00:00,24.4,49,0.0,12.5,Evora
2026-07-25 21:00:00,22.3,60,0.0,21.2,Evora
2026-07-25 22:00:00,20.8,69,0.0,20.7,Evora
2026-07-25 23:00:00,20.0,72,0.0,20.4,Evora
2026-07-26 00:00:00,19.2,75,0.0,19.6,Evora
2026-07-26 01:00:00,18.6,76,0.0,20.7,Evora
2026-07-26 02:00:00,18.1,78,0.0,20.4,Evora
2026-07-26 03:00:00,17.6,80,0.0,20.0,Evora
2026-07-26 04:00:00,17.2,83,0.0,18.7,Evora
2026-07-26 05:00:00,16.7,87,0.0,16.7,Evora
2026-07-26 06:00:00,16.7,89,0.0,13.8,Evora
2026-07-26 07:00:00,18.5,80,0.0,7.4,Evora
2026-07-26 08:00:00,21.6,66,0.0,5.7,Evora
2026-07-26 09:00:00,24.6,52,0.0,6.0,Evora
2026-07-26 10:00:00,27.2,41,0.0,4.3,Evora
2026-07-26 11:00:00,29.1,33,0.0,4.4,Evora
2026-07-26 12:00:00,30.6,29,0.0,3.7,Evora
2026-07-26 13:00:00,31.8,27,0.0,3.7,Evora
2026-07-26 14:00:00,32.7,24,0.0,5.3,Evora
2026-07-26 15:00:00,33.2,23,0.0,7.1,Evora
2026-07-26 16:00:00,33.3,22,0.0,9.2,Evora
2026-07-26 17:00:00,33.0,21,0.0,9.8,Evora
2026-07-26 18:00:00,32.6,21,0.0,9.2,Evora
2026-07-26 19:00:00,31.2,25,0.0,6.0,Evora
2026-07-26 20:00:00,27.7,38,0.0,17.7,Evora
2026-07-26 21:00:00,24.9,47,0.0,18.4,Evora
2026-07-26 22:00:00,23.9,48,0.0,18.7,Evora
2026-07-26 23:00:00,23.1,53,0.0,18.1,Evora
2026-07-27 00:00:00,22.0,59,0.0,16.2,Evora
2026-07-27 01:00:00,21.2,62,0.0,12.5,Evora
2026-07-27 02:00:00,20.6,65,0.0,11.2,Evora
2026-07-27 03:00:00,20.3,65,0.0,11.5,Evora
2026-07-27 04:00:00,20.2,65,0.0,9.9,Evora
2026-07-27 05:00:00,19.9,66,0.0,9.6,Evora
2026-07-27 06:00:00,20.2,63,0.0,8.8,Evora
2026-07-27 07:00:00,23.0,50,0.0,10.2,Evora
2026-07-27 08:00:00,26.0,40,0.0,9.2,Evora
2026-07-27 09:00:00,29.3,30,0.0,10.8,Evora
2026-07-27 10:00:00,32.1,24,0.0,12.4,Evora
2026-07-27 11:00:00,34.1,19,0.0,12.2,Evora
2026-07-27 12:00:00,36.3,14,0.0,11.8,Evora
2026-07-27 13:00:00,36.7,13,0.0,10.4,Evora
2026-07-27 14:00:00,37.2,13,0.0,10.0,Evora
2026-07-27 15:00:00,37.7,13,0.0,9.5,Evora
2026-07-27 16:00:00,37.5,13,0.0,7.5,Evora
2026-07-27 17:00:00,37.3,13,0.0,8.3,Evora
2026-07-27 18:00:00,36.9,13,0.0,4.2,Evora
2026-07-27 19:00:00,31.3,26,0.0,20.1,Evora
2026-07-27 20:00:00,27.1,36,0.0,15.7,Evora
2026-07-27 21:00:00,26.0,39,0.0,14.4,Evora
2026-07-27 22:00:00,25.6,45,0.0,13.0,Evora
2026-07-27 23:00:00,25.2,48,0.0,10.5,Evora
2026-07-28 00:00:00,24.8,44,0.0,11.8,Evora
2026-07-28 01:00:00,24.1,43,0.0,8.9,Evora
2026-07-28 02:00:00,23.2,46,0.0,7.7,Evora
2026-07-28 03:00:00,22.0,51,0.0,5.3,Evora
2026-07-28 04:00:00,21.3,53,0.0,1.7,Evora
2026-07-28 05:00:00,20.3,56,0.0,2.8,Evora
2026-07-28 06:00:00,19.8,60,0.0,4.3,Evora
2026-07-28 07:00:00,22.3,53,0.0,0.6,Evora
2026-07-28 08:00:00,25.3,43,0.0,2.4,Evora
2026-07-28 09:00:00,28.1,36,0.0,3.5,Evora
2026-07-28 10:00:00,31.2,30,0.0,5.5,Evora
2026-07-28 11:00:00,33.8,25,0.0,9.3,Evora
2026-07-28 12:00:00,35.7,22,0.0,10.2,Evora
2026-07-28 13:00:00,36.8,18,0.0,10.2,Evora
2026-07-28 14:00:00,37.3,17,0.0,11.5,Evora
2026-07-28 15:00:00,37.5,17,0.0,10.1,Evora
2026-07-28 16:00:00,37.7,16,0.0,9.6,Evora
2026-07-28 17:00:00,36.8,19,0.0,17.0,Evora
2026-07-28 18:00:00,32.6,28,0.0,21.0,Evora
2026-07-28 19:00:00,30.3,30,0.0,16.9,Evora
2026-07-28 20:00:00,27.4,33,0.0,14.5,Evora
2026-07-28 21:00:00,26.0,36,0.0,10.2,Evora
2026-07-28 22:00:00,25.0,40,0.0,6.6,Evora
2026-07-28 23:00:00,23.9,45,0.0,4.2,Evora
2026-07-29 00:00:00,23.0,54,0.0,1.1,Evora
2026-07-29 01:00:00,22.2,55,0.0,0.6,Evora
2026-07-29 02:00:00,21.5,59,0.0,2.1,Evora
2026-07-29 03:00:00,21.0,63,0.0,1.0,Evora
2026-07-29 04:00:00,20.5,66,0.0,0.2,Evora
2026-07-29 05:00:00,19.8,69,0.0,0.9,Evora
2026-07-29 06:00:00,19.5,67,0.0,4.2,Evora
2026-07-29 07:00:00,21.9,60,0.0,4.3,Evora
2026-07-29 08:00:00,23.6,71,0.0,7.9,Evora
2026-07-29 09:00:00,25.8,67,0.0,8.5,Evora
2026-07-29 10:00:00,27.9,59,0.0,8.3,Evora
2026-07-29 11:00:00,29.9,51,0.0,8.3,Evora
2026-07-29 12:00:00,31.6,44,0.0,8.8,Evora
2026-07-29 13:00:00,32.9,38,0.0,9.6,Evora
2026-07-29 14:00:00,33.8,34,0.0,9.8,Evora
2026-07-29 15:00:00,34.3,33,0.0,9.5,Evora
2026-07-29 16:00:00,34.6,31,0.0,8.6,Evora
2026-07-29 17:00:00,34.2,31,0.0,10.0,Evora
2026-07-29 18:00:00,33.0,31,0.0,14.4,Evora
2026-07-29 19:00:00,30.2,37,0.0,17.1,Evora
2026-07-29 20:00:00,28.0,43,0.0,15.1,Evora
2026-07-29 21:00:00,25.8,54,0.0,13.9,Evora
2026-07-29 22:00:00,24.3,58,0.0,11.3,Evora
2026-07-29 23:00:00,23.0,60,0.0,11.7,Evora
2026-07-30 00:00:00,21.8,64,0.0,11.6,Evora
2026-07-30 01:00:00,20.8,69,0.0,9.9,Evora
2026-07-30 02:00:00,19.9,75,0.0,9.6,Evora
2026-07-30 03:00:00,19.1,80,0.0,9.7,Evora
2026-07-30 04:00:00,18.3,85,0.0,7.9,Evora
2026-07-30 05:00:00,17.8,88,0.0,7.6,Evora
2026-07-30 06:00:00,17.6,89,0.0,9.6,Evora
2026-07-30 07:00:00,19.2,80,0.0,8.6,Evora
2026-07-30 08:00:00,21.5,69,0.0,7.4,Evora
2026-07-30 09:00:00,24.2,56,0.0,5.5,Evora
2026-07-30 10:00:00,26.6,46,0.0,3.8,Evora
2026-07-30 11:00:00,28.9,39,0.0,2.5,Evora
2026-07-30 12:00:00,30.7,34,0.0,5.2,Evora
2026-07-30 13:00:00,32.0,30,0.0,6.5,Evora
2026-07-30 14:00:00,33.0,28,0.0,8.1,Evora
2026-07-30 15:00:00,33.4,27,0.0,9.0,Evora
2026-07-30 16:00:00,33.4,26,0.0,11.0,Evora
2026-07-30 17:00:00,32.7,28,0.0,14.9,Evora
2026-07-30 18:00:00,31.1,31,0.0,14.1,Evora
2026-07-30 19:00:00,29.1,35,0.0,14.1,Evora
2026-07-30 20:00:00,26.6,41,0.0,16.8,Evora
2026-07-30 21:00:00,24.0,49,0.0,17.8,Evora
2026-07-30 22:00:00,21.7,59,0.0,18.3,Evora
2026-07-30 23:00:00,20.2,66,0.0,16.2,Evora
2026-07-31 00:00:00,19.6,70,0.0,14.7,Evora
2026-07-31 01:00:00,18.8,73,0.0,15.1,Evora
2026-07-31 02:00:00,18.1,77,0.0,15.4,Evora
2026-07-31 03:00:00,17.4,83,0.0,13.9,Evora
2026-07-31 04:00:00,16.8,87,0.0,14.1,Evora
2026-07-31 05:00:00,16.5,87,0.0,13.5,Evora
2026-07-31 06:00:00,16.5,87,0.0,13.7,Evora
2026-07-31 07:00:00,17.9,78,0.0,11.2,Evora
2026-07-31 08:00:00,20.4,64,0.0,12.3,Evora
2026-07-31 09:00:00,23.0,50,0.0,12.2,Evora
2026-07-31 10:00:00,25.5,41,0.0,11.5,Evora
2026-07-31 11:00:00,27.8,34,0.0,8.0,Evora
2026-07-31 12:00:00,30.1,29,0.0,7.1,Evora
2026-07-31 13:00:00,31.9,26,0.0,5.1,Evora
2026-07-31 14:00:00,33.3,22,0.0,3.8,Evora
2026-07-31 15:00:00,34.3,21,0.0,5.0,Evora
2026-07-31 16:00:00,34.8,20,0.0,7.2,Evora
2026-07-31 17:00:00,34.4,20,0.0,10.6,Evora
2026-07-31 18:00:00,33.6,21,0.0,9.9,Evora
2026-07-31 19:00:00,32.0,26,0.0,8.4,Evora
2026-07-31 20:00:00,29.2,36,0.0,12.0,Evora
2026-07-31 21:00:00,27.1,44,0.0,14.2,Evora
2026-07-31 22:00:00,25.1,53,0.0,13.9,Evora
2026-07-31 23:00:00,23.5,60,0.0,12.5,Evora
2026-08-01 00:00:00,22.1,66,0.0,11.6,Evora
2026-08-01 01:00:00,21.2,68,0.0,11.1,Evora
2026-08-01 02:00:00,20.4,70,0.0,11.4,Evora
2026-08-01 03:00:00,19.7,71,0.0,10.3,Evora
2026-08-01 04:00:00,19.1,72,0.0,9.7,Evora
2026-08-01 05:00:00,18.5,73,0.0,8.9,Evora
2026-08-01 06:00:00,18.3,76,0.0,11.1,Evora
2026-08-01 07:00:00,19.9,72,0.0,7.8,Evora
2026-08-01 08:00:00,23.1,60,0.0,7.5,Evora
2026-08-01 09:00:00,26.4,46,0.0,7.5,Evora
2026-08-01 10:00:00,29.4,33,0.0,7.5,Evora
2026-08-01 11:00:00,31.6,26,0.0,6.7,Evora
2026-08-01 12:00:00,33.7,22,0.0,7.3,Evora
2026-08-01 13:00:00,35.0,19,0.0,8.9,Evora
2026-08-01 14:00:00,35.8,18,0.0,11.1,Evora
2026-08-01 15:00:00,36.0,18,0.0,12.4,Evora
2026-08-01 16:00:00,35.8,19,0.0,12.6,Evora
2026-08-01 17:00:00,35.2,21,0.0,13.5,Evora
2026-08-01 18:00:00,33.9,23,0.0,15.6,Evora
2026-08-01 19:00:00,31.5,28,0.0,16.7,Evora
2026-08-01 20:00:00,27.5,39,0.0,19.7,Evora
2026-08-01 21:00:00,24.7,47,0.0,17.4,Evora
2026-08-01 22:00:00,22.7,56,0.0,16.4,Evora
2026-08-01 23:00:00,21.1,66,0.0,14.6,Evora
2026-08-02 00:00:00,20.1,74,0.0,13.2,Evora
2026-08-02 01:00:00,19.2,79,0.0,11.6,Evora
2026-08-02 02:00:00,18.3,85,0.0,12.2,Evora
2026-08-02 03:00:00,17.6,92,0.0,12.0,Evora
2026-08-02 04:00:00,17.3,95,0.0,11.9,Evora
2026-08-02 05:00:00,17.2,94,0.0,11.3,Evora
2026-08-02 06:00:00,17.2,91,0.0,9.4,Evora
2026-08-02 07:00:00,18.3,84,0.0,8.9,Evora
2026-08-02 08:00:00,20.3,73,0.0,8.1,Evora
2026-08-02 09:00:00,22.9,60,0.0,9.0,Evora
2026-08-02 10:00:00,25.5,49,0.0,10.1,Evora
2026-08-02 11:00:00,27.8,41,0.0,10.7,Evora
2026-08-02 12:00:00,30.1,34,0.0,12.2,Evora
2026-08-02 13:00:00,31.5,29,0.0,12.7,Evora
2026-08-02 14:00:00,32.4,27,0.0,13.0,Evora
2026-08-02 15:00:00,32.8,26,0.0,13.5,Evora
2026-08-02 16:00:00,32.3,27,0.0,14.9,Evora
2026-08-02 17:00:00,31.5,29,0.0,15.4,Evora
2026-08-02 18:00:00,30.4,32,0.0,18.0,Evora
2026-08-02 19:00:00,28.5,35,0.0,16.1,Evora
2026-08-02 20:00:00,26.7,39,0.0,13.1,Evora
2026-08-02 21:00:00,25.0,43,0.0,13.3,Evora
2026-08-02 22:00:00,23.0,51,0.0,11.7,Evora
2026-08-02 23:00:00,21.6,57,0.0,11.2,Evora
2026-08-03 00:00:00,20.3,61,0.0,10.7,Evora
2026-08-03 01:00:00,19.6,64,0.0,9.3,Evora
2026-08-03 02:00:00,19.0,70,0.0,10.3,Evora
2026-08-03 03:00:00,18.4,78,0.0,12.0,Evora
2026-08-03 04:00:00,18.2,82,0.0,8.5,Evora
2026-08-03 05:00:00,18.1,83,0.0,6.4,Evora
2026-08-03 06:00:00,18.1,85,0.6,6.3,Evora
2026-08-03 07:00:00,18.9,81,0.0,5.5,Evora
2026-08-03 08:00:00,20.9,73,0.0,5.6,Evora
2026-08-03 09:00:00,22.9,65,0.0,6.2,Evora
2026-08-03 10:00:00,24.7,58,0.0,8.9,Evora
2026-08-03 11:00:00,26.1,52,0.0,10.9,Evora
2026-08-03 12:00:00,29.8,40,0.0,14.8,Evora
2026-08-03 13:00:00,29.1,46,0.0,16.5,Evora
2026-08-03 14:00:00,27.6,56,0.0,18.2,Evora
2026-08-03 15:00:00,28.2,55,0.0,16.2,Evora
2026-08-03 16:00:00,27.3,60,0.0,17.2,Evora
2026-08-03 17:00:00,25.2,68,0.0,16.8,Evora
2026-08-03 18:00:00,25.0,67,0.0,15.5,Evora
2026-08-03 19:00:00,24.6,65,0.0,14.1,Evora
2026-08-03 20:00:00,24.0,66,0.0,13.3,Evora
2026-08-03 21:00:00,22.9,69,0.0,11.9,Evora
2026-08-03 22:00:00,21.8,71,0.0,17.1,Evora
2026-08-03 23:00:00,20.4,80,0.0,14.7,Evora
2026-08-04 00:00:00,19.8,83,0.0,13.5,Evora
2026-08-04 01:00:00,19.3,88,0.0,12.0,Evora
2026-08-04 02:00:00,18.8,92,0.0,11.6,Evora
2026-08-04 03:00:00,18.6,95,0.0,10.6,Evora
2026-08-04 04:00:00,18.7,95,0.0,9.9,Evora
2026-08-04 05:00:00,19.1,92,0.0,11.0,Evora
2026-08-04 06:00:00,19.4,88,0.0,9.7,Evora
2026-08-04 07:00:00,20.1,83,0.0,9.5,Evora
2026-08-04 08:00:00,21.7,73,0.0,10.5,Evora
2026-08-04 09:00:00,23.4,62,0.0,11.1,Evora
2026-08-04 10:00:00,25.1,53,0.0,10.6,Evora
2026-08-04 11:00:00,26.5,48,0.0,10.9,Evora
2026-08-04 12:00:00,28.0,43,0.0,12.7,Evora
2026-08-04 13:00:00,29.0,40,0.0,12.0,Evora
2026-08-04 14:00:00,29.4,39,0.0,13.6,Evora
2026-08-04 15:00:00,30.1,38,0.0,13.5,Evora
2026-08-04 16:00:00,30.1,38,0.0,14.4,Evora
2026-08-04 17:00:00,29.7,39,0.0,15.8,Evora
2026-08-04 18:00:00,29.0,42,0.0,14.8,Evora
2026-08-04 19:00:00,27.7,45,0.0,13.0,Evora
2026-08-04 20:00:00,25.9,51,0.0,14.9,Evora
2026-08-04 21:00:00,23.6,63,0.0,20.8,Evora
2026-08-04 22:00:00,22.2,72,0.0,18.0,Evora
2026-08-04 23:00:00,21.4,77,0.0,15.7,Evora
2026-08-05 00:00:00,20.8,78,0.0,14.8,Evora
2026-08-05 01:00:00,20.1,84,0.0,14.3,Evora
2026-08-05 02:00:00,19.6,89,0.0,13.1,Evora
2026-08-05 03:00:00,19.2,93,0.0,11.6,Evora
2026-08-05 04:00:00,18.9,95,0.0,10.9,Evora
2026-08-05 05:00:00,19.2,93,0.0,12.4,Evora
2026-08-05 06:00:00,19.6,90,0.0,13.9,Evora
2026-08-05 07:00:00,20.4,84,0.0,15.1,Evora
2026-08-05 08:00:00,22.0,74,0.0,15.5,Evora
2026-08-05 09:00:00,23.7,65,0.0,13.5,Evora
2026-08-05 10:00:00,25.7,56,0.0,12.9,Evora
2026-08-05 11:00:00,27.6,49,0.0,12.6,Evora
2026-08-05 12:00:00,29.2,44,0.0,12.2,Evora
2026-08-05 13:00:00,30.2,41,0.0,13.5,Evora
2026-08-05 14:00:00,31.0,39,0.0,14.4,Evora
2026-08-05 15:00:00,31.5,38,0.0,14.9,Evora
2026-08-05 16:00:00,31.6,38,0.0,14.3,Evora
2026-08-05 17:00:00,31.1,39,0.0,15.2,Evora
2026-08-05 18:00:00,30.2,40,0.0,15.5,Evora
2026-08-05 19:00:00,28.5,44,0.0,15.5,Evora
2026-08-05 20:00:00,26.2,49,0.0,17.7,Evora
2026-08-05 21:00:00,24.0,57,0.0,17.1,Evora
2026-08-05 22:00:00,22.3,64,0.0,15.7,Evora
2026-08-05 23:00:00,21.0,67,0.0,15.5,Evora
2026-08-06 00:00:00,20.0,69,0.0,16.1,Evora
2026-08-06 01:00:00,19.2,69,0.0,15.4,Evora
2026-08-06 02:00:00,18.5,71,0.0,14.9,Evora
2026-08-06 03:00:00,18.1,72,0.0,15.5,Evora
2026-08-06 04:00:00,17.8,73,0.0,16.2,Evora
2026-08-06 05:00:00,17.5,74,0.0,16.5,Evora
2026-08-06 06:00:00,17.4,76,0.0,15.3,Evora
2026-08-06 07:00:00,18.7,72,0.0,10.3,Evora
2026-08-06 08:00:00,21.1,63,0.0,11.7,Evora
2026-08-06 09:00:00,24.1,53,0.0,11.2,Evora
2026-08-06 10:00:00,27.2,43,0.0,11.1,Evora
2026-08-06 11:00:00,29.9,35,0.0,12.0,Evora
2026-08-06 12:00:00,32.3,29,0.0,12.2,Evora
2026-08-06 13:00:00,33.5,27,0.0,11.0,Evora
2026-08-06 14:00:00,34.5,24,0.0,10.8,Evora
2026-08-06 15:00:00,35.0,23,0.0,11.9,Evora
2026-08-06 16:00:00,34.9,24,0.0,13.6,Evora
2026-08-06 17:00:00,34.2,26,0.0,15.5,Evora
2026-08-06 18:00:00,32.6,30,0.0,19.8,Evora
2026-08-06 19:00:00,29.7,35,0.0,20.1,Evora
2026-08-06 20:00:00,27.0,40,0.0,21.4,Evora
2026-08-06 21:00:00,25.2,43,0.0,19.2,Evora
2026-08-06 22:00:00,23.8,46,0.0,17.7,Evora
2026-08-06 23:00:00,22.6,49,0.0,16.5,Evora
2026-08-07 00:00:00,21.8,53,0.0,14.8,Evora
2026-08-07 01:00:00,20.9,56,0.0,13.5,Evora
2026-08-07 02:00:00,20.3,60,0.0,13.8,Evora
2026-08-07 03:00:00,19.6,64,0.0,13.8,Evora
2026-08-07 04:00:00,19.1,69,0.0,13.5,Evora
2026-08-07 05:00:00,18.8,70,0.0,11.8,Evora
2026-08-07 06:00:00,18.5,74,0.0,14.3,Evora
2026-08-07 07:00:00,20.0,70,0.0,9.5,Evora
2026-08-07 08:00:00,22.5,60,0.0,13.2,Evora
2026-08-07 09:00:00,25.1,50,0.0,13.3,Evora
2026-08-07 10:00:00,28.3,40,0.0,12.3,Evora
2026-08-07 11:00:00,31.1,32,0.0,12.1,Evora
2026-08-07 12:00:00,33.4,26,0.0,11.0,Evora
2026-08-07 13:00:00,34.9,23,0.0,10.9,Evora
2026-08-07 14:00:00,36.1,20,0.0,11.8,Evora
2026-08-07 15:00:00,36.4,20,0.0,13.8,Evora
2026-08-07 16:00:00,36.2,21,0.0,15.7,Evora
2026-08-07 17:00:00,35.7,22,0.0,16.4,Evora
2026-08-07 18:00:00,34.6,22,0.0,15.5,Evora
2026-08-07 19:00:00,32.9,28,0.0,13.6,Evora
2026-08-07 20:00:00,30.6,35,0.0,14.0,Evora
2026-08-07 21:00:00,28.9,38,0.0,15.9,Evora
2026-08-07 22:00:00,27.4,41,0.0,16.3,Evora
2026-08-07 23:00:00,25.8,47,0.0,16.3,Evora
2026-08-08 00:00:00,24.9,50,0.0,16.6,Evora
2026-08-08 01:00:00,24.4,50,0.0,14.2,Evora
2026-08-08 02:00:00,24.0,50,0.0,11.5,Evora
2026-08-08 03:00:00,23.4,52,0.0,10.6,Evora
2026-08-08 04:00:00,22.6,56,0.0,9.0,Evora
2026-08-08 05:00:00,22.4,56,0.0,7.4,Evora
2026-08-08 06:00:00,22.2,58,0.0,7.0,Evora
2026-08-08 07:00:00,24.2,53,0.0,7.1,Evora
2026-08-08 08:00:00,27.4,43,0.0,5.0,Evora
2026-08-08 09:00:00,30.2,33,0.0,3.8,Evora
2026-08-08 10:00:00,32.5,28,0.0,2.7,Evora
2026-08-08 11:00:00,34.0,25,0.0,2.6,Evora
2026-08-08 12:00:00,35.3,22,0.0,6.1,Evora
2026-08-08 13:00:00,36.0,21,0.0,10.4,Evora
2026-08-08 14:00:00,36.1,21,0.0,15.3,Evora
2026-08-08 15:00:00,35.8,21,0.0,18.3,Evora
2026-08-08 16:00:00,34.9,21,0.0,19.8,Evora
2026-08-08 17:00:00,33.8,22,0.0,19.8,Evora
2026-08-08 18:00:00,32.9,28,0.0,18.2,Evora
2026-08-08 19:00:00,30.7,37,0.0,17.6,Evora
2026-08-08 20:00:00,27.7,48,0.0,20.1,Evora
2026-08-08 21:00:00,25.2,63,0.0,19.5,Evora
2026-08-08 22:00:00,23.5,72,0.0,17.9,Evora
2026-08-08 23:00:00,22.3,76,0.0,16.7,Evora
2026-08-09 00:00:00,21.2,82,0.0,14.9,Evora
2026-08-09 01:00:00,20.2,88,0.0,12.5,Evora
2026-08-09 02:00:00,19.5,91,0.0,10.6,Evora
2026-08-09 03:00:00,18.9,94,0.0,10.4,Evora
2026-08-09 04:00:00,18.6,95,0.0,10.4,Evora
2026-08-09 05:00:00,18.5,96,0.0,9.6,Evora
2026-08-09 06:00:00,18.6,95,0.0,9.9,Evora
2026-08-09 07:00:00,19.5,87,0.0,10.8,Evora
2026-08-09 08:00:00,21.2,76,0.0,12.7,Evora
2026-08-09 09:00:00,23.3,64,0.0,11.4,Evora
2026-08-09 10:00:00,25.4,55,0.0,10.5,Evora
2026-08-09 11:00:00,27.3,47,0.0,9.1,Evora
2026-08-09 12:00:00,29.0,41,0.0,7.8,Evora
2026-08-09 13:00:00,30.2,37,0.0,8.0,Evora
2026-08-09 14:00:00,31.2,33,0.0,9.1,Evora
2026-08-09 15:00:00,31.6,31,0.0,10.1,Evora
2026-08-09 16:00:00,31.6,30,0.0,11.1,Evora
2026-08-09 17:00:00,31.3,30,0.0,12.1,Evora
2026-08-09 18:00:00,30.5,33,0.0,13.8,Evora
2026-08-09 19:00:00,27.8,43,0.0,19.6,Evora
2026-08-09 20:00:00,24.9,54,0.0,21.5,Evora
2026-08-09 21:00:00,23.3,60,0.0,20.0,Evora
2026-08-09 22:00:00,22.0,66,0.0,18.9,Evora
2026-08-09 23:00:00,20.9,72,0.0,17.1,Evora
2026-08-10 00:00:00,20.1,76,0.0,16.0,Evora
2026-08-10 01:00:00,19.3,81,0.0,15.8,Evora
2026-08-10 02:00:00,18.6,86,0.0,16.4,Evora
2026-08-10 03:00:00,18.1,88,0.0,17.1,Evora
2026-08-10 04:00:00,17.7,91,0.0,16.2,Evora
2026-08-10 05:00:00,17.3,94,0.0,13.4,Evora
2026-08-10 06:00:00,17.0,96,0.0,9.9,Evora
2026-08-10 07:00:00,18.7,86,0.0,11.0,Evora
2026-08-10 08:00:00,20.5,76,0.0,9.3,Evora
2026-08-10 09:00:00,22.9,65,0.0,9.8,Evora
2026-08-10 10:00:00,25.2,55,0.0,10.9,Evora
2026-08-10 11:00:00,27.4,46,0.0,11.4,Evora
2026-08-10 12:00:00,29.5,37,0.0,9.7,Evora
2026-08-10 13:00:00,30.7,33,0.0,9.5,Evora
2026-08-10 14:00:00,31.7,30,0.0,10.7,Evora
2026-08-10 15:00:00,32.1,29,0.0,11.6,Evora
2026-08-10 16:00:00,32.0,31,0.0,13.0,Evora
2026-08-10 17:00:00,31.4,34,0.0,13.2,Evora
2026-08-10 18:00:00,30.3,37,0.0,14.1,Evora
2026-08-10 19:00:00,28.1,45,0.0,16.1,Evora
2026-08-10 20:00:00,25.7,53,0.0,17.9,Evora
2026-08-10 21:00:00,23.9,61,0.0,17.7,Evora
2026-08-10 22:00:00,22.6,67,0.0,15.4,Evora
2026-08-10 23:00:00,21.5,71,0.0,13.8,Evora
2026-08-11 00:00:00,20.4,77,0.0,11.7,Evora
2026-08-11 01:00:00,19.6,81,0.0,11.6,Evora
2026-08-11 02:00:00,18.8,85,0.0,11.3,Evora
2026-08-11 03:00:00,18.2,88,0.0,10.4,Evora
2026-08-11 04:00:00,17.6,92,0.0,10.0,Evora
2026-08-11 05:00:00,17.1,94,0.0,8.2,Evora
2026-08-11 06:00:00,16.8,97,0.0,7.6,Evora
2026-08-11 07:00:00,18.0,90,0.0,6.7,Evora
2026-08-11 08:00:00,20.2,78,0.0,5.6,Evora
2026-08-11 09:00:00,23.0,66,0.0,4.4,Evora
2026-08-11 10:00:00,25.8,54,0.0,2.9,Evora
2026-08-11 11:00:00,28.4,43,0.0,3.2,Evora
2026-08-11 12:00:00,30.5,35,0.0,3.5,Evora
2026-08-11 13:00:00,32.0,30,0.0,4.0,Evora
2026-08-11 14:00:00,33.1,27,0.0,4.5,Evora
2026-08-11 15:00:00,33.7,25,0.0,5.5,Evora
2026-08-11 16:00:00,33.8,24,0.0,6.3,Evora
2026-08-11 17:00:00,33.6,24,0.0,7.2,Evora
2026-08-11 18:00:00,33.0,25,0.0,8.8,Evora
2026-08-11 19:00:00,31.0,33,0.0,12.6,Evora
2026-08-11 20:00:00,28.0,48,0.0,20.0,Evora
2026-08-11 21:00:00,25.3,59,0.0,16.7,Evora
2026-08-11 22:00:00,24.0,65,0.0,16.3,Evora
2026-08-11 23:00:00,22.7,71,0.0,14.6,Evora
2026-08-12 00:00:00,21.8,76,0.0,13.9,Evora
2026-08-12 01:00:00,21.2,79,0.0,11.3,Evora
2026-08-12 02:00:00,20.6,82,0.0,9.5,Evora
2026-08-12 03:00:00,19.9,85,0.0,8.5,Evora
2026-08-12 04:00:00,19.3,88,0.0,7.6,Evora
2026-08-12 05:00:00,18.8,90,0.0,6.6,Evora
2026-08-12 06:00:00,18.3,92,0.0,6.5,Evora
2026-08-12 07:00:00,20.3,82,0.0,6.1,Evora
2026-08-12 08:00:00,23.2,69,0.0,4.9,Evora
2026-08-12 09:00:00,26.6,55,0.0,5.1,Evora
2026-08-12 10:00:00,29.8,43,0.0,4.7,Evora
2026-08-12 11:00:00,32.2,34,0.0,3.8,Evora
2026-08-12 12:00:00,34.1,26,0.0,2.9,Evora
2026-08-12 13:00:00,35.5,21,0.0,2.1,Evora
2026-08-12 14:00:00,36.2,19,0.0,1.5,Evora
2026-08-12 15:00:00,36.6,20,0.0,1.9,Evora
2026-08-12 16:00:00,36.6,21,0.0,3.9,Evora
2026-08-12 17:00:00,36.2,22,0.0,6.6,Evora
2026-08-12 18:00:00,35.1,24,0.0,11.2,Evora
2026-08-12 19:00:00,32.4,28,0.0,13.6,Evora
2026-08-12 20:00:00,28.9,41,0.0,19.4,Evora
2026-08-12 21:00:00,27.1,44,0.0,16.4,Evora
2026-08-12 22:00:00,25.7,52,0.0,15.6,Evora
2026-08-12 23:00:00,24.3,60,0.0,15.0,Evora
2026-08-13 00:00:00,23.2,65,0.0,11.8,Evora
2026-08-13 01:00:00,22.5,67,0.0,10.3,Evora
2026-08-13 02:00:00,21.9,68,0.0,9.3,Evora
2026-08-13 03:00:00,21.1,72,0.0,8.8,Evora
2026-08-13 04:00:00,20.2,76,0.0,9.2,Evora
2026-08-13 05:00:00,19.4,81,0.0,9.9,Evora
2026-08-13 06:00:00,18.5,86,0.0,8.9,Evora
2026-08-13 07:00:00,20.0,80,0.0,6.5,Evora
2026-08-13 08:00:00,23.7,63,0.0,3.6,Evora
2026-08-13 09:00:00,27.7,46,0.0,3.0,Evora
2026-08-13 10:00:00,30.9,35,0.0,3.2,Evora
2026-08-13 11:00:00,33.2,29,0.0,4.6,Evora
2026-08-13 12:00:00,34.5,26,0.0,7.2,Evora
2026-08-13 13:00:00,35.3,24,0.0,7.2,Evora
2026-08-13 14:00:00,35.9,23,0.0,8.0,Evora
2026-08-13 15:00:00,36.3,21,0.0,9.9,Evora
2026-08-13 16:00:00,36.0,21,0.0,11.7,Evora
2026-08-13 17:00:00,35.3,22,0.0,12.7,Evora
2026-08-13 18:00:00,34.2,25,0.0,13.6,Evora
2026-08-13 19:00:00,32.1,30,0.0,13.6,Evora
2026-08-13 20:00:00,29.4,41,0.0,14.3,Evora
2026-08-13 21:00:00,27.0,52,0.0,15.2,Evora
2026-08-13 22:00:00,25.2,60,0.0,15.0,Evora
2026-08-13 23:00:00,23.5,69,0.0,15.0,Evora
2026-08-14 00:00:00,21.8,76,0.0,15.1,Evora
2026-08-14 01:00:00,20.8,81,0.0,14.2,Evora
2026-08-14 02:00:00,20.0,85,0.0,15.2,Evora
2026-08-14 03:00:00,19.3,88,0.0,14.3,Evora
2026-08-14 04:00:00,18.7,91,0.0,8.9,Evora
2026-08-14 05:00:00,18.1,95,0.0,8.4,Evora
2026-08-14 06:00:00,17.9,97,0.0,11.1,Evora
2026-08-14 07:00:00,19.1,90,0.0,13.5,Evora
2026-08-14 08:00:00,20.8,80,0.0,10.8,Evora
2026-08-14 09:00:00,23.2,68,0.0,8.8,Evora
2026-08-14 10:00:00,25.9,58,0.0,7.7,Evora
2026-08-14 11:00:00,28.8,47,0.0,7.5,Evora
2026-08-14 12:00:00,31.1,39,0.0,8.4,Evora
2026-08-14 13:00:00,32.9,32,0.0,9.0,Evora
2026-08-14 14:00:00,34.3,27,0.0,9.9,Evora
2026-08-14 15:00:00,34.8,24,0.0,11.0,Evora
2026-08-14 16:00:00,34.4,26,0.0,13.8,Evora
2026-08-14 17:00:00,32.5,35,0.0,17.1,Evora
2026-08-14 18:00:00,30.1,42,0.0,18.8,Evora
2026-08-14 19:00:00,27.8,48,0.0,15.4,Evora
2026-08-14 20:00:00,25.5,58,0.0,16.8,Evora
2026-08-14 21:00:00,23.3,69,0.0,17.1,Evora
2026-08-14 22:00:00,21.3,79,0.0,15.7,Evora
2026-08-14 23:00:00,20.2,84,0.0,13.1,Evora
2026-08-15 00:00:00,19.5,87,0.0,12.1,Evora
2026-08-15 01:00:00,19.0,90,0.0,11.2,Evora
2026-08-15 02:00:00,18.8,91,0.0,11.1,Evora
2026-08-15 03:00:00,19.5,87,0.0,13.2,Evora
2026-08-15 04:00:00,19.4,88,0.0,8.9,Evora
2026-08-15 05:00:00,19.3,89,0.0,7.8,Evora
2026-08-15 06:00:00,19.7,87,0.0,9.6,Evora
2026-08-15 07:00:00,20.2,84,0.0,8.1,Evora
2026-08-15 08:00:00,21.0,80,0.0,6.6,Evora
2026-08-15 09:00:00,22.7,72,0.0,5.0,Evora
2026-08-15 10:00:00,25.0,63,0.0,3.9,Evora
2026-08-15 11:00:00,27.0,56,0.0,3.5,Evora
2026-08-15 12:00:00,28.9,47,0.0,4.0,Evora
2026-08-15 13:00:00,30.8,40,0.0,4.3,Evora
2026-08-15 14:00:00,32.1,35,0.0,6.9,Evora
2026-08-15 15:00:00,32.6,33,0.0,6.3,Evora
2026-08-15 16:00:00,32.7,31,0.0,6.1,Evora
2026-08-15 17:00:00,32.5,31,0.0,4.5,Evora
2026-08-15 18:00:00,32.0,31,0.0,9.2,Evora
2026-08-15 19:00:00,30.1,41,0.0,10.9,Evora
2026-08-15 20:00:00,27.9,51,0.0,14.4,Evora
2026-08-15 21:00:00,25.7,59,0.0,15.8,Evora
2026-08-15 22:00:00,24.2,65,0.0,13.4,Evora
2026-08-15 23:00:00,23.2,69,0.0,13.0,Evora
2026-08-16 00:00:00,22.4,75,0.0,12.2,Evora
2026-08-16 01:00:00,22.1,76,0.0,8.2,Evora
2026-08-16 02:00:00,21.5,79,0.0,6.0,Evora
2026-08-16 03:00:00,20.9,81,0.0,6.5,Evora
2026-08-16 04:00:00,20.5,82,0.0,6.3,Evora
2026-08-16 05:00:00,20.4,79,0.0,7.3,Evora
2026-08-16 06:00:00,20.3,78,0.0,6.8,Evora
2026-08-16 07:00:00,22.1,69,0.0,8.3,Evora
2026-08-16 08:00:00,25.0,58,0.0,7.5,Evora
2026-08-16 09:00:00,27.1,55,0.0,8.2,Evora
2026-08-16 10:00:00,29.2,47,0.0,9.4,Evora
2026-08-16 11:00:00,31.2,39,0.0,9.5,Evora
2026-08-16 12:00:00,33.2,33,0.0,10.0,Evora
2026-08-16 13:00:00,34.4,30,0.0,10.6,Evora
2026-08-16 14:00:00,34.3,30,0.0,5.9,Evora
2026-08-16 15:00:00,33.7,29,0.1,8.4,Evora
2026-08-16 16:00:00,33.9,26,0.0,3.3,Evora
2026-08-16 17:00:00,33.6,26,0.0,6.4,Evora
2026-08-16 18:00:00,30.9,33,0.0,13.9,Evora
2026-08-16 19:00:00,28.8,38,0.0,7.7,Evora
2026-08-16 20:00:00,27.9,42,0.0,7.6,Evora
2026-08-16 21:00:00,27.3,43,0.0,12.6,Evora
2026-08-16 22:00:00,26.5,44,0.0,9.8,Evora
2026-08-16 23:00:00,25.3,48,0.0,6.2,Evora
2026-08-17 00:00:00,25.7,56,0.0,10.0,Evora
2026-08-17 01:00:00,25.2,58,0.0,8.7,Evora
2026-08-17 02:00:00,24.6,61,0.0,5.3,Evora
2026-08-17 03:00:00,20.9,83,0.9,13.3,Evora
2026-08-17 04:00:00,20.7,91,0.4,8.1,Evora
2026-08-17 05:00:00,21.1,85,0.0,6.7,Evora
2026-08-17 06:00:00,20.6,93,0.0,6.8,Evora
2026-08-17 07:00:00,21.7,90,0.1,5.1,Evora
2026-08-17 08:00:00,24.3,74,0.0,3.8,Evora
2026-08-17 09:00:00,26.4,65,0.0,5.2,Evora
2026-08-17 10:00:00,30.3,50,0.0,6.9,Evora
2026-08-17 11:00:00,32.5,40,0.0,11.7,Evora
2026-08-17 12:00:00,35.2,30,0.0,5.9,Evora
2026-08-17 13:00:00,34.0,31,0.0,5.1,Evora
2026-08-17 14:00:00,33.6,32,0.0,2.5,Evora
2026-08-17 15:00:00,34.0,31,0.0,3.9,Evora
2026-08-17 16:00:00,33.8,31,0.0,7.8,Evora
2026-08-17 17:00:00,33.4,32,0.0,3.5,Evora
2026-08-17 18:00:00,26.8,70,0.0,7.6,Evora
2026-08-17 19:00:00,26.7,68,0.4,13.0,Evora
2026-08-17 20:00:00,25.5,78,0.0,13.2,Evora
2026-08-17 21:00:00,24.6,80,0.0,8.4,Evora
2026-08-17 22:00:00,24.1,79,0.0,11.2,Evora
2026-08-17 23:00:00,23.5,78,0.0,9.8,Evora
2026-08-18 00:00:00,22.2,84,0.0,9.2,Evora
2026-08-18 01:00:00,21.7,87,0.0,9.7,Evora
2026-08-18 02:00:00,21.3,89,0.0,9.2,Evora
2026-08-18 03:00:00,21.1,88,0.0,10.1,Evora
2026-08-18 04:00:00,21.0,87,0.0,8.9,Evora
2026-08-18 05:00:00,20.7,87,0.0,7.4,Evora
2026-08-18 06:00:00,20.4,88,0.0,4.7,Evora
2026-08-18 07:00:00,21.7,81,0.0,3.5,Evora
2026-08-18 08:00:00,23.9,70,0.0,6.2,Evora
2026-08-18 09:00:00,26.4,62,0.0,8.3,Evora
2026-08-18 10:00:00,28.6,55,0.0,7.0,Evora
2026-08-18 11:00:00,30.7,47,0.0,6.7,Evora
2026-08-18 12:00:00,32.7,39,0.0,6.5,Evora
2026-08-18 13:00:00,33.8,35,0.0,7.2,Evora
2026-08-18 14:00:00,34.6,31,0.0,6.6,Evora
2026-08-18 15:00:00,35.0,27,0.0,7.1,Evora
2026-08-18 16:00:00,35.0,27,0.0,9.2,Evora
2026-08-18 17:00:00,32.1,38,0.0,18.6,Evora
2026-08-18 18:00:00,30.3,40,0.0,18.8,Evora
2026-08-18 19:00:00,27.9,44,0.0,18.5,Evora
2026-08-18 20:00:00,24.6,51,0.0,17.4,Evora
2026-08-18 21:00:00,22.5,66,0.0,13.7,Evora
2026-08-18 22:00:00,21.6,78,0.0,10.1,Evora
2026-08-18 23:00:00,21.3,83,0.0,8.3,Evora
2026-08-19 00:00:00,21.1,81,0.0,9.4,Evora
2026-08-19 01:00:00,20.6,84,0.0,7.4,Evora
2026-08-19 02:00:00,19.9,90,0.0,9.7,Evora
2026-08-19 03:00:00,19.3,96,0.0,10.3,Evora
2026-08-19 04:00:00,19.0,99,0.0,9.7,Evora
2026-08-19 05:00:00,19.0,99,0.0,7.4,Evora
2026-08-19 06:00:00,19.0,98,0.0,5.9,Evora
2026-08-19 07:00:00,19.3,96,0.0,7.5,Evora
2026-08-19 08:00:00,21.4,80,0.0,7.5,Evora
2026-08-19 09:00:00,23.5,68,0.0,6.0,Evora
2026-08-19 10:00:00,25.8,57,0.0,5.6,Evora
2026-08-19 11:00:00,27.8,47,0.0,7.6,Evora
2026-08-19 12:00:00,29.2,45,0.0,10.2,Evora
2026-08-19 13:00:00,30.1,40,0.0,12.0,Evora
2026-08-19 14:00:00,30.6,37,0.0,11.5,Evora
2026-08-19 15:00:00,30.3,37,0.0,11.8,Evora
2026-08-19 16:00:00,29.8,39,0.0,12.3,Evora
2026-08-19 17:00:00,29.6,40,0.0,12.0,Evora
2026-08-19 18:00:00,28.7,43,0.0,14.9,Evora
2026-08-19 19:00:00,26.0,55,0.0,18.7,Evora
2026-08-19 20:00:00,24.1,68,0.0,17.8,Evora
2026-08-19 21:00:00,22.3,82,0.0,14.6,Evora
2026-08-19 22:00:00,21.5,87,0.0,10.6,Evora
2026-08-19 23:00:00,21.0,91,0.0,9.3,Evora
2026-08-20 00:00:00,20.9,89,0.0,9.8,Evora
2026-08-20 01:00:00,20.5,92,0.0,8.4,Evora
2026-08-20 02:00:00,20.0,94,0.0,7.9,Evora
2026-08-20 03:00:00,20.0,94,0.0,7.6,Evora
2026-08-20 04:00:00,20.2,90,0.0,7.2,Evora
2026-08-20 05:00:00,20.1,88,0.0,7.0,Evora
2026-08-20 06:00:00,19.1,96,0.0,4.7,Evora
2026-08-20 07:00:00,20.1,87,0.1,5.7,Evora
2026-08-20 08:00:00,21.2,80,0.1,4.4,Evora
2026-08-20 09:00:00,23.3,67,0.0,6.1,Evora
2026-08-20 10:00:00,25.2,56,0.1,9.8,Evora
2026-08-20 11:00:00,26.7,49,0.0,11.4,Evora
2026-08-20 12:00:00,27.3,46,0.0,13.7,Evora
2026-08-20 13:00:00,27.4,44,0.0,13.6,Evora
2026-08-20 14:00:00,27.5,43,0.0,16.1,Evora
2026-08-20 15:00:00,27.2,45,0.0,16.5,Evora
2026-08-20 16:00:00,26.9,45,0.0,16.7,Evora
2026-08-20 17:00:00,26.7,45,0.0,16.0,Evora
2026-08-20 18:00:00,26.0,48,0.0,17.2,Evora
2026-08-20 19:00:00,24.6,55,0.0,15.4,Evora
2026-08-20 20:00:00,23.2,65,0.0,16.3,Evora
2026-08-20 21:00:00,21.2,74,0.0,20.2,Evora
2026-08-20 22:00:00,19.7,76,0.0,18.2,Evora
2026-08-20 23:00:00,18.7,75,0.0,19.0,Evora
2026-08-21 00:00:00,17.7,77,0.0,19.1,Evora
2026-08-21 01:00:00,17.0,79,0.0,17.6,Evora
2026-08-21 02:00:00,16.6,81,0.0,17.5,Evora
2026-08-21 03:00:00,16.1,84,0.0,16.0,Evora
2026-08-21 04:00:00,15.7,88,0.0,13.2,Evora
2026-08-21 05:00:00,15.4,91,0.0,11.8,Evora
2026-08-21 06:00:00,15.2,92,0.0,13.1,Evora
2026-08-21 07:00:00,16.5,86,0.0,15.5,Evora
2026-08-21 08:00:00,18.3,75,0.0,14.2,Evora
2026-08-21 09:00:00,20.4,65,0.0,10.4,Evora
2026-08-21 10:00:00,21.9,60,0.0,7.9,Evora
2026-08-21 11:00:00,23.6,53,0.0,8.5,Evora
2026-08-21 12:00:00,25.9,42,0.0,8.9,Evora
2026-08-21 13:00:00,27.1,36,0.0,9.3,Evora
2026-08-21 14:00:00,28.0,31,0.0,10.2,Evora
2026-08-21 15:00:00,28.5,30,0.0,10.6,Evora
2026-08-21 16:00:00,28.6,28,0.0,10.6,Evora
2026-08-21 17:00:00,28.3,29,0.0,10.6,Evora
2026-08-21 18:00:00,27.5,30,0.0,12.1,Evora
2026-08-21 19:00:00,25.0,40,0.0,16.3,Evora
2026-08-21 20:00:00,22.0,47,0.0,18.4,Evora
2026-08-21 21:00:00,20.1,50,0.0,18.1,Evora
2026-08-21 22:00:00,18.6,55,0.0,16.2,Evora
2026-08-21 23:00:00,17.5,60,0.0,13.4,Evora
2026-08-22 00:00:00,16.6,63,0.0,10.1,Evora
2026-08-22 01:00:00,15.9,67,0.0,8.3,Evora
2026-08-22 02:00:00,15.3,71,0.0,6.0,Evora
2026-08-22 03:00:00,14.4,77,0.0,3.7,Evora
2026-08-22 04:00:00,13.9,82,0.0,3.1,Evora
2026-08-22 05:00:00,13.2,87,0.0,3.8,Evora
2026-08-22 06:00:00,12.8,91,0.0,3.0,Evora
2026-08-22 07:00:00,14.5,83,0.0,3.9,Evora
2026-08-22 08:00:00,17.5,69,0.0,3.1,Evora
2026-08-22 09:00:00,20.4,55,0.0,3.6,Evora
2026-08-22 10:00:00,22.9,42,0.0,3.9,Evora
2026-08-22 11:00:00,25.1,33,0.0,6.0,Evora
2026-08-22 12:00:00,26.8,31,0.0,10.2,Evora
2026-08-22 13:00:00,27.4,31,0.0,11.9,Evora
2026-08-22 14:00:00,28.0,29,0.0,12.0,Evora
2026-08-22 15:00:00,28.3,27,0.0,10.8,Evora
2026-08-22 16:00:00,28.1,29,0.0,10.7,Evora
2026-08-22 17:00:00,27.2,32,0.0,11.1,Evora
2026-08-22 18:00:00,26.4,36,0.0,11.3,Evora
2026-08-22 19:00:00,23.7,43,0.0,13.9,Evora
2026-08-22 20:00:00,21.3,50,0.0,13.9,Evora
2026-08-22 21:00:00,19.7,60,0.0,12.8,Evora
2026-08-22 22:00:00,18.5,69,0.0,11.0,Evora
2026-08-22 23:00:00,17.9,74,0.0,8.8,Evora
2026-08-23 00:00:00,17.2,82,0.0,6.7,Evora
2026-08-23 01:00:00,16.6,87,0.0,3.5,Evora
2026-08-23 02:00:00,16.0,91,0.0,3.6,Evora
2026-08-23 03:00:00,15.8,92,0.0,4.9,Evora
2026-08-23 04:00:00,15.7,92,0.0,6.6,Evora
2026-08-23 05:00:00,15.5,93,0.0,5.6,Evora
2026-08-23 06:00:00,15.4,92,0.0,7.5,Evora
2026-08-23 07:00:00,17.1,83,0.0,10.8,Evora
2026-08-23 08:00:00,19.6,70,0.0,13.5,Evora
2026-08-23 09:00:00,21.9,64,0.0,16.2,Evora
2026-08-23 10:00:00,23.8,55,0.0,18.4,Evora
2026-08-23 11:00:00,25.5,48,0.0,17.7,Evora
2026-08-23 12:00:00,27.3,44,0.0,16.3,Evora
2026-08-23 13:00:00,28.8,40,0.0,16.2,Evora
2026-08-23 14:00:00,29.2,37,0.0,18.9,Evora
2026-08-23 15:00:00,29.1,38,0.1,21.7,Evora
2026-08-23 16:00:00,27.7,42,0.2,21.2,Evora
2026-08-23 17:00:00,23.4,68,0.4,18.8,Evora
2026-08-23 18:00:00,24.0,67,0.5,19.9,Evora
2026-08-23 19:00:00,23.4,66,0.0,20.7,Evora
2026-08-23 20:00:00,20.8,78,0.2,15.6,Evora
2026-08-23 21:00:00,20.8,83,0.2,20.7,Evora
2026-08-23 22:00:00,20.3,85,0.0,19.1,Evora
2026-08-23 23:00:00,19.6,89,0.0,18.3,Evora
2026-08-24 00:00:00,19.9,85,0.2,19.8,Evora
2026-08-24 01:00:00,18.8,90,0.4,21.4,Evora
2026-08-24 02:00:00,18.5,94,0.5,20.3,Evora
2026-08-24 03:00:00,18.6,92,0.1,20.3,Evora
2026-08-24 04:00:00,18.2,94,0.1,18.5,Evora
2026-08-24 05:00:00,18.2,94,0.1,19.8,Evora
2026-08-24 06:00:00,17.9,94,0.1,21.4,Evora
2026-08-24 07:00:00,18.2,96,0.2,21.6,Evora
2026-08-24 08:00:00,18.8,91,0.5,22.7,Evora
2026-08-24 09:00:00,21.3,76,0.3,24.2,Evora
2026-08-24 10:00:00,23.0,65,0.1,26.9,Evora
2026-08-24 11:00:00,22.5,72,0.7,26.1,Evora
2026-08-24 12:00:00,24.6,59,0.2,27.7,Evora
2026-08-24 13:00:00,25.7,54,0.1,28.5,Evora
2026-08-24 14:00:00,25.4,54,0.1,28.3,Evora
2026-08-24 15:00:00,25.2,56,0.1,26.7,Evora
2026-08-24 16:00:00,24.7,58,0.1,25.1,Evora
2026-08-24 17:00:00,24.2,61,0.0,23.5,Evora
2026-08-24 18:00:00,23.2,66,0.0,19.4,Evora
2026-08-24 19:00:00,21.7,74,0.0,17.1,Evora
2026-08-24 20:00:00,20.5,81,0.0,14.1,Evora
2026-08-24 21:00:00,19.7,86,0.0,12.8,Evora
2026-08-24 22:00:00,19.1,90,0.0,11.7,Evora
2026-08-24 23:00:00,18.6,92,0.0,10.1,Evora
2026-08-25 00:00:00,18.3,95,0.0,10.4,Evora
2026-08-25 01:00:00,17.9,97,0.0,9.3,Evora
2026-08-25 02:00:00,17.6,98,0.0,9.4,Evora
2026-08-25 03:00:00,17.6,98,0.0,9.4,Evora
2026-08-25 04:00:00,17.6,99,0.0,8.3,Evora
2026-08-25 05:00:00,17.5,99,0.0,6.4,Evora
2026-08-25 06:00:00,17.8,98,0.0,4.9,Evora
2026-08-25 07:00:00,18.5,92,0.0,5.0,Evora
2026-08-25 08:00:00,19.3,87,0.0,5.1,Evora
2026-08-25 09:00:00,20.7,78,0.1,4.7,Evora
2026-08-25 10:00:00,22.7,63,0.0,6.1,Evora
2026-08-25 11:00:00,24.1,54,0.0,7.6,Evora
2026-08-25 12:00:00,25.2,50,0.0,8.0,Evora
2026-08-25 13:00:00,25.2,48,0.0,8.8,Evora
2026-08-25 14:00:00,25.3,47,0.0,8.0,Evora
2026-08-25 15:00:00,26.4,41,0.0,8.9,Evora
2026-08-25 16:00:00,26.2,42,0.0,12.5,Evora
2026-08-25 17:00:00,25.1,48,0.0,17.0,Evora
2026-08-25 18:00:00,23.4,54,0.0,17.1,Evora
2026-08-25 19:00:00,21.9,59,0.0,17.3,Evora
2026-08-25 20:00:00,20.4,68,0.0,13.8,Evora
2026-08-25 21:00:00,19.5,76,0.0,12.4,Evora
2026-08-25 22:00:00,18.8,81,0.0,11.3,Evora
2026-08-25 23:00:00,18.5,85,0.0,9.2,Evora
2026-08-26 00:00:00,18.3,90,0.0,8.0,Evora
2026-08-26 01:00:00,18.2,90,0.0,7.0,Evora
2026-08-26 02:00:00,18.0,90,0.0,4.8,Evora
2026-08-26 03:00:00,17.7,91,0.0,5.4,Evora
2026-08-26 04:00:00,17.2,93,0.0,6.4,Evora
2026-08-26 05:00:00,16.6,97,0.0,6.2,Evora
2026-08-26 06:00:00,16.6,97,0.0,7.5,Evora
2026-08-26 07:00:00,17.8,91,0.0,10.7,Evora
2026-08-26 08:00:00,19.4,84,0.1,13.7,Evora
2026-08-26 09:00:00,20.8,75,0.2,18.6,Evora
2026-08-26 10:00:00,22.8,64,0.1,21.6,Evora
2026-08-26 11:00:00,22.9,66,0.3,24.1,Evora
2026-08-26 12:00:00,21.6,74,1.1,21.4,Evora
2026-08-26 13:00:00,19.5,96,8.4,16.8,Evora
2026-08-26 14:00:00,21.1,76,0.4,22.1,Evora
2026-08-26 15:00:00,20.1,83,1.9,18.9,Evora
2026-08-26 16:00:00,22.1,63,0.1,22.1,Evora
2026-08-26 17:00:00,21.5,65,0.0,21.5,Evora
2026-08-26 18:00:00,20.4,71,0.0,18.3,Evora
2026-08-26 19:00:00,19.2,77,0.0,16.0,Evora
2026-08-26 20:00:00,18.1,82,0.0,13.4,Evora
2026-08-26 21:00:00,17.4,86,0.0,12.0,Evora
2026-08-26 22:00:00,17.0,89,0.0,10.6,Evora
2026-08-26 23:00:00,16.6,91,0.0,11.3,Evora
2026-08-27 00:00:00,16.6,91,0.0,10.5,Evora
2026-08-27 01:00:00,16.1,93,0.0,10.8,Evora
2026-08-27 02:00:00,15.9,94,0.0,10.3,Evora
2026-08-27 03:00:00,15.7,95,0.1,10.4,Evora
2026-08-27 04:00:00,15.5,95,0.1,12.5,Evora
2026-08-27 05:00:00,15.1,96,0.7,12.2,Evora
2026-08-27 06:00:00,15.7,92,0.4,16.8,Evora
2026-08-27 07:00:00,15.9,91,0.3,20.4,Evora
2026-08-27 08:00:00,15.7,96,1.0,17.5,Evora
2026-08-27 09:00:00,16.9,89,0.1,18.3,Evora
2026-08-27 10:00:00,19.6,69,0.2,23.6,Evora
2026-08-27 11:00:00,20.6,62,0.2,24.3,Evora
2026-08-27 12:00:00,21.5,55,0.1,26.5,Evora
2026-08-27 13:00:00,21.9,50,0.1,26.2,Evora
2026-08-27 14:00:00,22.2,48,0.0,25.1,Evora
2026-08-27 15:00:00,22.2,47,0.0,23.4,Evora
2026-08-27 16:00:00,21.6,50,0.0,22.6,Evora
2026-08-27 17:00:00,20.6,53,0.0,20.8,Evora
2026-08-27 18:00:00,19.7,57,0.0,18.6,Evora
2026-08-27 19:00:00,18.5,62,0.0,13.7,Evora
2026-08-27 20:00:00,17.1,71,0.0,11.8,Evora
2026-08-27 21:00:00,16.2,76,0.0,11.0,Evora
2026-08-27 22:00:00,15.6,80,0.0,10.0,Evora
2026-08-27 23:00:00,15.0,84,0.0,8.5,Evora
2026-08-28 00:00:00,14.6,83,0.0,7.6,Evora
2026-08-28 01:00:00,14.2,85,0.0,5.3,Evora
2026-08-28 02:00:00,13.9,87,0.0,4.6,Evora
2026-08-28 03:00:00,13.6,88,0.0,1.5,Evora
2026-08-28 04:00:00,13.3,89,0.0,1.8,Evora
2026-08-28 05:00:00,13.3,89,0.0,2.0,Evora
2026-08-28 06:00:00,13.1,90,0.0,2.2,Evora
2026-08-28 07:00:00,14.8,86,0.0,6.2,Evora
2026-08-28 08:00:00,18.5,70,0.0,4.0,Evora
2026-08-28 09:00:00,20.3,63,0.0,6.0,Evora
2026-08-28 10:00:00,21.3,57,0.0,4.3,Evora
2026-08-28 11:00:00,22.5,52,0.0,3.1,Evora
2026-08-28 12:00:00,24.0,46,0.0,4.9,Evora
2026-08-28 13:00:00,24.9,44,0.0,5.5,Evora
2026-08-28 14:00:00,25.6,43,0.0,6.9,Evora
2026-08-28 15:00:00,26.3,41,0.0,8.1,Evora
2026-08-28 16:00:00,26.6,39,0.0,7.3,Evora
2026-08-28 17:00:00,26.7,38,0.0,7.7,Evora
2026-08-28 18:00:00,25.1,44,0.0,14.4,Evora
2026-08-28 19:00:00,22.6,52,0.0,13.9,Evora
2026-08-28 20:00:00,21.4,57,0.0,13.3,Evora
2026-08-28 21:00:00,20.2,67,0.0,16.7,Evora
2026-08-28 22:00:00,19.1,77,0.0,18.4,Evora
2026-08-28 23:00:00,18.1,83,0.0,15.9,Evora
2026-08-29 00:00:00,17.5,86,0.0,13.5,Evora
2026-08-29 01:00:00,16.8,90,0.0,13.2,Evora
2026-08-29 02:00:00,16.3,93,0.0,13.3,Evora
2026-08-29 03:00:00,15.9,93,0.0,13.2,Evora
2026-08-29 04:00:00,15.6,92,0.0,13.0,Evora
2026-08-29 05:00:00,15.3,93,0.0,13.6,Evora
2026-08-29 06:00:00,15.2,93,0.0,13.3,Evora
2026-08-29 07:00:00,16.1,89,0.0,12.3,Evora
2026-08-29 08:00:00,18.4,79,0.0,10.7,Evora
2026-08-29 09:00:00,21.0,65,0.0,8.8,Evora
2026-08-29 10:00:00,23.4,52,0.0,6.4,Evora
2026-08-29 11:00:00,25.1,45,0.0,3.6,Evora
2026-08-29 12:00:00,26.5,40,0.0,3.2,Evora
2026-08-29 13:00:00,27.7,36,0.0,4.7,Evora
2026-08-29 14:00:00,28.5,32,0.0,6.8,Evora
2026-08-29 15:00:00,29.0,31,0.0,8.5,Evora
2026-08-29 16:00:00,28.9,32,0.0,10.7,Evora
2026-08-29 17:00:00,28.1,36,0.0,12.9,Evora
2026-08-29 18:00:00,27.1,39,0.0,12.4,Evora
2026-08-29 19:00:00,24.7,50,0.0,11.4,Evora
2026-08-29 20:00:00,22.8,65,0.0,16.8,Evora
2026-08-29 21:00:00,21.1,72,0.0,18.3,Evora
2026-08-29 22:00:00,20.1,75,0.0,18.2,Evora
2026-08-29 23:00:00,19.1,79,0.0,18.3,Evora
2026-08-30 00:00:00,18.3,84,0.0,17.8,Evora
2026-08-30 01:00:00,17.9,89,0.0,16.8,Evora
2026-08-30 02:00:00,17.6,92,0.0,16.0,Evora
2026-08-30 03:00:00,17.4,94,0.0,14.9,Evora
2026-08-30 04:00:00,17.3,95,0.0,13.4,Evora
2026-08-30 05:00:00,17.2,97,0.0,13.1,Evora
2026-08-30 06:00:00,17.3,97,0.0,13.8,Evora
2026-08-30 07:00:00,18.4,93,0.0,14.7,Evora
2026-08-30 08:00:00,19.9,86,0.0,16.9,Evora
2026-08-30 09:00:00,21.9,75,0.0,15.6,Evora
2026-08-30 10:00:00,24.0,65,0.0,15.1,Evora
2026-08-30 11:00:00,25.7,58,0.0,14.9,Evora
2026-08-30 12:00:00,27.3,52,0.0,14.4,Evora
2026-08-30 13:00:00,28.4,48,0.0,13.7,Evora
2026-08-30 14:00:00,29.2,43,0.0,13.9,Evora
2026-08-30 15:00:00,29.8,36,0.0,13.7,Evora
2026-08-30 16:00:00,29.6,35,0.0,14.4,Evora
2026-08-30 17:00:00,29.0,35,0.0,14.4,Evora
2026-08-30 18:00:00,27.9,39,0.0,14.1,Evora
2026-08-30 19:00:00,25.6,49,0.0,13.8,Evora
2026-08-30 20:00:00,23.9,55,0.0,16.7,Evora
2026-08-30 21:00:00,22.2,61,0.0,17.9,Evora
2026-08-30 22:00:00,20.5,69,0.0,17.7,Evora
2026-08-30 23:00:00,19.0,76,0.0,18.4,Evora
2026-08-31 00:00:00,17.9,75,0.0,18.2,Evora
2026-08-31 01:00:00,17.1,72,0.0,19.5,Evora
2026-08-31 02:00:00,16.3,75,0.0,20.5,Evora
2026-08-31 03:00:00,15.7,81,0.0,20.2,Evora
2026-08-31 04:00:00,15.3,84,0.0,19.5,Evora
2026-08-31 05:00:00,15.0,85,0.0,17.8,Evora
2026-08-31 06:00:00,14.8,87,0.0,16.6,Evora
2026-08-31 07:00:00,15.7,82,0.0,13.0,Evora
2026-08-31 08:00:00,18.1,72,0.0,11.6,Evora
2026-08-31 09:00:00,21.1,58,0.0,12.4,Evora
2026-08-31 10:00:00,23.7,47,0.0,12.9,Evora
2026-08-31 11:00:00,25.9,40,0.0,12.1,Evora
2026-08-31 12:00:00,27.9,32,0.0,10.3,Evora
2026-08-31 13:00:00,28.9,29,0.0,9.1,Evora
2026-08-31 14:00:00,29.7,27,0.0,10.3,Evora
2026-08-31 15:00:00,30.0,25,0.0,11.3,Evora
2026-08-31 16:00:00,29.6,26,0.0,12.9,Evora
2026-08-31 17:00:00,28.8,27,0.0,15.0,Evora
2026-08-31 18:00:00,27.5,31,0.0,14.5,Evora
2026-08-31 19:00:00,24.8,44,0.0,15.4,Evora
2026-08-31 20:00:00,22.5,52,0.0,18.3,Evora
2026-08-31 21:00:00,20.6,58,0.0,18.0,Evora
2026-08-31 22:00:00,18.8,64,0.0,18.2,Evora
2026-08-31 23:00:00,17.4,68,0.0,17.6,Evora
2026-09-01 00:00:00,16.3,75,0.0,16.5,Evora
2026-09-01 01:00:00,15.8,83,0.0,15.3,Evora
2026-09-01 02:00:00,15.4,88,0.0,16.2,Evora
2026-09-01 03:00:00,15.1,92,0.0,15.2,Evora
2026-09-01 04:00:00,14.9,93,0.0,12.2,Evora
2026-09-01 05:00:00,14.6,94,0.0,12.7,Evora
2026-09-01 06:00:00,14.3,96,0.0,13.4,Evora
2026-09-01 07:00:00,15.5,92,0.0,14.0,Evora
2026-09-01 08:00:00,17.2,83,0.0,14.4,Evora
2026-09-01 09:00:00,19.5,71,0.0,11.1,Evora
2026-09-01 10:00:00,21.8,61,0.0,9.8,Evora
2026-09-01 11:00:00,24.2,52,0.0,9.7,Evora
2026-09-01 12:00:00,26.1,48,0.0,8.8,Evora
2026-09-01 13:00:00,27.5,44,0.0,8.1,Evora
2026-09-01 14:00:00,28.6,39,0.0,7.5,Evora
2026-09-01 15:00:00,29.5,36,0.0,7.7,Evora
2026-09-01 16:00:00,29.8,34,0.0,7.8,Evora
2026-09-01 17:00:00,29.4,35,0.0,9.2,Evora
2026-09-01 18:00:00,28.2,39,0.0,11.9,Evora
2026-09-01 19:00:00,25.3,51,0.0,18.4,Evora
2026-09-01 20:00:00,22.1,63,0.0,19.0,Evora
2026-09-01 21:00:00,20.9,67,0.0,17.5,Evora
2026-09-01 22:00:00,19.8,69,0.0,16.0,Evora
2026-09-01 23:00:00,18.9,71,0.0,13.5,Evora
2026-09-02 00:00:00,17.6,75,0.0,10.9,Evora
2026-09-02 01:00:00,17.0,78,0.0,10.2,Evora
2026-09-02 02:00:00,16.4,82,0.0,8.8,Evora
2026-09-02 03:00:00,15.8,86,0.0,9.4,Evora
2026-09-02 04:00:00,15.1,91,0.0,9.0,Evora
2026-09-02 05:00:00,14.6,96,0.0,7.4,Evora
2026-09-02 06:00:00,14.2,97,0.0,7.4,Evora
2026-09-02 07:00:00,15.6,91,0.0,6.9,Evora
2026-09-02 08:00:00,19.5,72,0.0,4.2,Evora
2026-09-02 09:00:00,23.5,55,0.0,3.8,Evora
2026-09-02 10:00:00,26.9,43,0.0,3.7,Evora
2026-09-02 11:00:00,29.5,35,0.0,4.1,Evora
2026-09-02 12:00:00,31.6,33,0.0,4.3,Evora
2026-09-02 13:00:00,32.8,31,0.0,3.8,Evora
2026-09-02 14:00:00,33.7,29,0.0,3.5,Evora
2026-09-02 15:00:00,34.3,26,0.0,1.8,Evora
2026-09-02 16:00:00,34.5,24,0.0,1.5,Evora
2026-09-02 17:00:00,34.4,24,0.0,1.6,Evora
2026-09-02 18:00:00,33.8,25,0.0,3.2,Evora
2026-09-02 19:00:00,30.3,34,0.0,6.4,Evora
2026-09-02 20:00:00,28.8,35,0.0,13.0,Evora
2026-09-02 21:00:00,27.5,35,0.0,13.9,Evora
2026-09-02 22:00:00,26.0,41,0.0,14.0,Evora
2026-09-02 23:00:00,24.6,50,0.0,12.1,Evora
2026-09-03 00:00:00,24.1,58,0.0,12.6,Evora
2026-09-03 01:00:00,23.7,61,0.0,10.9,Evora
2026-09-03 02:00:00,23.3,61,0.0,9.4,Evora
2026-09-03 03:00:00,22.9,59,0.0,6.9,Evora
2026-09-03 04:00:00,22.4,58,0.0,5.4,Evora
2026-09-03 05:00:00,22.3,54,0.0,5.4,Evora
2026-09-03 06:00:00,21.8,52,0.0,5.1,Evora
2026-09-03 07:00:00,23.3,46,0.0,5.2,Evora
2026-09-03 08:00:00,26.4,38,0.0,7.2,Evora
2026-09-03 09:00:00,29.6,30,0.0,7.6,Evora
2026-09-03 10:00:00,33.1,24,0.0,8.3,Evora
2026-09-03 11:00:00,35.8,20,0.0,7.3,Evora
2026-09-03 12:00:00,38.1,17,0.0,6.2,Evora
2026-09-03 13:00:00,39.1,17,0.0,3.4,Evora
2026-09-03 14:00:00,39.8,16,0.0,2.6,Evora
2026-09-03 15:00:00,40.1,16,0.0,4.1,Evora
2026-09-03 16:00:00,40.0,16,0.0,6.1,Evora
2026-09-03 17:00:00,39.3,16,0.0,9.0,Evora
2026-09-03 18:00:00,38.0,18,0.0,11.1,Evora
2026-09-03 19:00:00,35.1,22,0.0,4.1,Evora
2026-09-03 20:00:00,34.4,30,0.0,0.6,Evora
2026-09-03 21:00:00,31.0,29,0.0,5.2,Evora
2026-09-03 22:00:00,27.0,45,0.0,15.0,Evora
2026-09-03 23:00:00,26.3,47,0.0,13.8,Evora
2026-09-04 00:00:00,26.3,47,0.0,9.0,Evora
2026-09-04 01:00:00,25.3,50,0.0,3.6,Evora
2026-09-04 02:00:00,25.3,50,0.0,8.1,Evora
2026-09-04 03:00:00,24.8,51,0.0,9.9,Evora
2026-09-04 04:00:00,24.6,54,0.0,10.3,Evora
2026-09-04 05:00:00,24.0,58,0.0,6.0,Evora
2026-09-04 06:00:00,23.4,62,0.0,3.1,Evora
2026-09-04 07:00:00,24.0,60,0.0,5.2,Evora
2026-09-04 08:00:00,25.3,56,0.0,4.9,Evora
2026-09-04 09:00:00,26.6,54,0.0,6.2,Evora
2026-09-04 10:00:00,28.2,49,0.0,2.2,Evora
2026-09-04 11:00:00,29.5,45,0.0,4.4,Evora
2026-09-04 12:00:00,32.8,32,0.0,8.2,Evora
2026-09-04 13:00:00,33.1,30,0.0,2.7,Evora
2026-09-04 14:00:00,33.0,29,0.0,4.2,Evora
2026-09-04 15:00:00,34.0,27,0.0,9.3,Evora
2026-09-04 16:00:00,33.7,26,0.0,11.7,Evora
2026-09-04 17:00:00,32.2,31,0.0,14.2,Evora
2026-09-04 18:00:00,31.4,37,0.0,14.9,Evora
2026-09-04 19:00:00,29.6,40,0.0,16.4,Evora
2026-09-04 20:00:00,28.7,43,0.0,9.7,Evora
2026-09-04 21:00:00,27.8,46,0.0,9.3,Evora
2026-09-04 22:00:00,27.3,46,0.0,11.0,Evora
2026-09-04 23:00:00,27.1,45,0.0,10.6,Evora
2026-09-05 00:00:00,25.5,51,0.0,5.8,Evora
2026-09-05 01:00:00,24.8,53,0.0,5.3,Evora
2026-09-05 02:00:00,24.3,54,0.0,5.2,Evora
2026-09-05 03:00:00,23.1,61,0.0,2.3,Evora
2026-09-05 04:00:00,22.6,63,0.0,2.8,Evora
2026-09-05 05:00:00,22.6,60,0.0,3.2,Evora
2026-09-05 06:00:00,22.0,62,0.0,6.0,Evora
2026-09-05 07:00:00,23.2,59,0.0,6.1,Evora
2026-09-05 08:00:00,25.1,54,0.0,3.0,Evora
2026-09-05 09:00:00,28.5,44,0.0,3.0,Evora
2026-09-05 10:00:00,30.9,37,0.0,11.0,Evora
2026-09-05 11:00:00,32.2,35,0.0,11.4,Evora
2026-09-05 12:00:00,35.9,26,0.0,12.9,Evora
2026-09-05 13:00:00,36.8,24,0.0,12.5,Evora
2026-09-05 14:00:00,37.6,22,0.0,13.8,Evora
2026-09-05 15:00:00,37.7,21,0.0,15.8,Evora
2026-09-05 16:00:00,36.1,25,0.1,16.4,Evora
2026-09-05 17:00:00,35.2,27,0.3,15.2,Evora
2026-09-05 18:00:00,32.1,37,0.0,18.1,Evora
2026-09-05 19:00:00,28.9,44,0.0,14.8,Evora
2026-09-05 20:00:00,27.6,46,0.0,10.7,Evora
2026-09-05 21:00:00,26.5,48,0.0,9.3,Evora
2026-09-05 22:00:00,25.6,51,0.0,9.4,Evora
2026-09-05 23:00:00,25.0,52,0.0,10.5,Evora
2026-09-06 00:00:00,24.5,52,0.0,9.2,Evora
2026-09-06 01:00:00,24.2,53,0.0,8.1,Evora
2026-09-06 02:00:00,24.1,52,0.0,8.5,Evora
2026-09-06 03:00:00,23.9,54,0.0,6.0,Evora
2026-09-06 04:00:00,22.9,60,0.0,4.3,Evora
2026-09-06 05:00:00,22.2,65,0.0,0.7,Evora
2026-09-06 06:00:00,21.4,67,0.0,2.5,Evora
2026-09-06 07:00:00,22.6,61,0.0,4.5,Evora
2026-09-06 08:00:00,25.5,52,0.0,3.5,Evora
2026-09-06 09:00:00,28.7,43,0.0,2.9,Evora
2026-09-06 10:00:00,31.6,36,0.0,1.5,Evora
2026-09-06 11:00:00,33.8,30,0.0,1.5,Evora
2026-09-06 12:00:00,35.6,25,0.0,5.8,Evora
2026-09-06 13:00:00,36.3,24,0.0,8.3,Evora
2026-09-06 14:00:00,36.7,24,0.0,9.6,Evora
2026-09-06 15:00:00,36.8,24,0.0,9.9,Evora
2026-09-06 16:00:00,36.4,25,0.0,11.6,Evora
2026-09-06 17:00:00,35.3,27,0.0,14.7,Evora
2026-09-06 18:00:00,33.9,27,0.0,16.9,Evora
2026-09-06 19:00:00,31.7,34,0.0,17.3,Evora
2026-09-06 20:00:00,29.3,44,0.0,20.5,Evora
2026-09-06 21:00:00,27.2,48,0.0,20.1,Evora
2026-09-06 22:00:00,25.4,51,0.0,19.3,Evora
2026-09-06 23:00:00,24.4,51,0.0,18.1,Evora
2026-09-07 00:00:00,23.5,52,0.0,17.6,Evora
2026-09-07 01:00:00,22.8,53,0.0,16.6,Evora
2026-09-07 02:00:00,22.0,56,0.0,16.4,Evora
2026-09-07 03:00:00,21.3,59,0.0,16.4,Evora
2026-09-07 04:00:00,20.5,63,0.0,16.1,Evora
2026-09-07 05:00:00,19.7,66,0.0,12.7,Evora
2026-09-07 06:00:00,19.0,70,0.0,10.7,Evora
2026-09-07 07:00:00,19.6,68,0.0,11.2,Evora
2026-09-07 08:00:00,22.5,57,0.0,9.5,Evora
2026-09-07 09:00:00,26.0,45,0.0,10.3,Evora
2026-09-07 10:00:00,29.5,35,0.0,9.9,Evora
2026-09-07 11:00:00,32.5,26,0.0,9.0,Evora
2026-09-07 12:00:00,34.8,18,0.0,6.3,Evora
2026-09-07 13:00:00,36.0,16,0.0,7.5,Evora
2026-09-07 14:00:00,36.6,15,0.0,9.2,Evora
2026-09-07 15:00:00,36.7,15,0.0,10.5,Evora
2026-09-07 16:00:00,36.2,16,0.0,12.2,Evora
2026-09-07 17:00:00,35.2,17,0.0,15.3,Evora
2026-09-07 18:00:00,33.3,23,0.0,17.3,Evora
2026-09-07 19:00:00,30.7,30,0.0,15.4,Evora
2026-09-07 20:00:00,28.6,37,0.0,15.8,Evora
2026-09-07 21:00:00,26.3,50,0.0,19.0,Evora
2026-09-07 22:00:00,24.2,61,0.0,19.3,Evora
2026-09-07 23:00:00,22.7,69,0.0,19.4,Evora
2026-09-08 00:00:00,21.5,77,0.0,18.8,Evora
2026-09-08 01:00:00,20.6,83,0.0,18.0,Evora
2026-09-08 02:00:00,20.0,86,0.0,16.7,Evora
2026-09-08 03:00:00,19.5,84,0.0,15.3,Evora
2026-09-08 04:00:00,19.0,80,0.0,15.0,Evora
2026-09-08 05:00:00,18.3,81,0.0,15.3,Evora
2026-09-08 06:00:00,17.5,83,0.0,16.0,Evora
2026-09-08 07:00:00,18.0,81,0.0,15.5,Evora
2026-09-08 08:00:00,20.1,71,0.0,12.2,Evora
2026-09-08 09:00:00,23.2,55,0.0,13.5,Evora
2026-09-08 10:00:00,25.8,43,0.0,14.9,Evora
2026-09-08 11:00:00,28.4,36,0.0,13.2,Evora
2026-09-08 12:00:00,30.5,30,0.0,14.2,Evora
2026-09-08 13:00:00,31.5,27,0.0,14.3,Evora
2026-09-08 14:00:00,32.1,25,0.0,15.5,Evora
2026-09-08 15:00:00,32.1,25,0.0,16.0,Evora
2026-09-08 16:00:00,31.5,26,0.0,16.8,Evora
2026-09-08 17:00:00,30.2,28,0.0,18.3,Evora
2026-09-08 18:00:00,28.3,34,0.0,17.1,Evora
2026-09-08 19:00:00,25.9,45,0.0,16.2,Evora
2026-09-08 20:00:00,24.2,55,0.0,17.0,Evora
2026-09-08 21:00:00,23.0,60,0.0,18.2,Evora
2026-09-08 22:00:00,22.1,64,0.0,17.8,Evora
2026-09-08 23:00:00,21.3,72,0.0,16.7,Evora
2026-09-09 00:00:00,20.8,77,0.0,16.7,Evora
2026-09-09 01:00:00,20.4,84,0.2,13.0,Evora
2026-09-09 02:00:00,19.7,91,0.4,14.8,Evora
2026-09-09 03:00:00,19.9,91,0.0,13.3,Evora
2026-09-09 04:00:00,20.2,91,0.0,13.9,Evora
2026-09-09 05:00:00,20.4,86,0.0,14.4,Evora
2026-09-09 06:00:00,19.3,89,0.0,15.1,Evora
2026-09-09 07:00:00,18.6,86,0.0,15.1,Evora
2026-09-09 08:00:00,19.5,79,0.0,17.7,Evora
2026-09-09 09:00:00,20.8,71,0.0,16.6,Evora
2026-09-09 10:00:00,22.8,60,0.0,16.1,Evora
2026-09-09 11:00:00,24.7,51,0.0,14.6,Evora
2026-09-09 12:00:00,26.2,46,0.0,14.0,Evora
2026-09-09 13:00:00,27.2,43,0.0,12.8,Evora
2026-09-09 14:00:00,28.2,40,0.0,13.6,Evora
2026-09-09 15:00:00,28.7,36,0.0,15.3,Evora
2026-09-09 16:00:00,28.6,37,0.0,15.1,Evora
2026-09-09 17:00:00,28.0,38,0.0,15.9,Evora
2026-09-09 18:00:00,26.8,44,0.0,15.1,Evora
2026-09-09 19:00:00,25.1,50,0.0,13.0,Evora
2026-09-09 20:00:00,23.0,58,0.0,19.1,Evora
2026-09-09 21:00:00,21.1,65,0.0,17.9,Evora
2026-09-09 22:00:00,20.1,70,0.0,18.8,Evora
2026-09-09 23:00:00,19.5,72,0.0,18.2,Evora
2026-09-10 00:00:00,19.0,68,0.0,16.5,Evora
2026-09-10 01:00:00,18.8,67,0.0,15.4,Evora
2026-09-10 02:00:00,18.6,65,0.0,15.4,Evora
2026-09-10 03:00:00,18.3,65,0.0,15.1,Evora
2026-09-10 04:00:00,17.8,64,0.0,15.6,Evora
2026-09-10 05:00:00,17.2,65,0.0,13.8,Evora
2026-09-10 06:00:00,16.4,69,0.0,13.0,Evora
2026-09-10 07:00:00,17.0,66,0.0,12.2,Evora
2026-09-10 08:00:00,19.6,55,0.0,8.8,Evora
2026-09-10 09:00:00,22.6,40,0.0,10.2,Evora
2026-09-10 10:00:00,25.1,34,0.0,8.8,Evora
2026-09-10 11:00:00,27.2,30,0.0,7.5,Evora
2026-09-10 12:00:00,29.2,28,0.0,6.6,Evora
2026-09-10 13:00:00,30.4,25,0.0,5.6,Evora
2026-09-10 14:00:00,31.1,24,0.0,5.8,Evora
2026-09-10 15:00:00,31.4,23,0.0,6.8,Evora
2026-09-10 16:00:00,31.3,22,0.0,9.2,Evora
2026-09-10 17:00:00,30.6,21,0.0,10.0,Evora
2026-09-10 18:00:00,29.6,21,0.0,7.6,Evora
2026-09-10 19:00:00,27.1,25,0.0,8.6,Evora
2026-09-10 20:00:00,25.3,34,0.0,18.1,Evora
2026-09-10 21:00:00,23.3,48,0.0,18.2,Evora
2026-09-10 22:00:00,21.9,51,0.0,16.5,Evora
2026-09-10 23:00:00,20.7,55,0.0,16.2,Evora
2026-09-11 00:00:00,19.4,58,0.0,14.3,Evora
2026-09-11 01:00:00,18.7,61,0.0,11.7,Evora
2026-09-11 02:00:00,18.0,63,0.0,10.3,Evora
2026-09-11 03:00:00,17.4,66,0.0,8.3,Evora
2026-09-11 04:00:00,17.3,66,0.0,9.8,Evora
2026-09-11 05:00:00,17.3,64,0.0,10.0,Evora
2026-09-11 06:00:00,16.8,65,0.0,8.7,Evora
2026-09-11 07:00:00,17.7,61,0.0,9.9,Evora
2026-09-11 08:00:00,21.5,48,0.0,7.4,Evora
2026-09-11 09:00:00,25.1,34,0.0,7.0,Evora
2026-09-11 10:00:00,28.2,26,0.0,6.9,Evora
2026-09-11 11:00:00,30.5,20,0.0,5.9,Evora
2026-09-11 12:00:00,32.4,17,0.0,3.9,Evora
2026-09-11 13:00:00,33.3,16,0.0,3.8,Evora
2026-09-11 14:00:00,33.9,15,0.0,4.4,Evora
2026-09-11 15:00:00,34.1,16,0.0,5.6,Evora
2026-09-11 16:00:00,34.0,17,0.0,7.3,Evora
2026-09-11 17:00:00,33.2,18,0.0,10.6,Evora
2026-09-11 18:00:00,32.0,20,0.0,12.8,Evora
2026-09-11 19:00:00,29.2,25,0.0,12.6,Evora
2026-09-11 20:00:00,27.4,32,0.0,15.2,Evora
2026-09-11 21:00:00,26.3,36,0.0,15.2,Evora
2026-09-11 22:00:00,25.1,47,0.0,15.2,Evora
2026-09-11 23:00:00,24.1,51,0.0,14.2,Evora
2026-09-12 00:00:00,23.3,54,0.0,12.3,Evora
2026-09-12 01:00:00,22.6,56,0.0,8.5,Evora
2026-09-12 02:00:00,21.9,59,0.0,8.5,Evora
2026-09-12 03:00:00,21.4,61,0.0,9.2,Evora
2026-09-12 04:00:00,21.0,63,0.0,7.7,Evora
2026-09-12 05:00:00,20.6,65,0.0,6.7,Evora
2026-09-12 06:00:00,20.3,66,0.0,6.8,Evora
2026-09-12 07:00:00,20.3,68,0.0,6.6,Evora
2026-09-12 08:00:00,22.6,58,0.0,5.6,Evora
2026-09-12 09:00:00,25.7,43,0.0,6.4,Evora
2026-09-12 10:00:00,29.1,32,0.0,7.1,Evora
2026-09-12 11:00:00,31.9,25,0.0,6.9,Evora
2026-09-12 12:00:00,33.8,19,0.0,6.0,Evora
2026-09-12 13:00:00,34.9,16,0.0,5.8,Evora
2026-09-12 14:00:00,35.5,15,0.0,6.6,Evora
2026-09-12 15:00:00,35.6,15,0.0,7.1,Evora
2026-09-12 16:00:00,35.3,15,0.0,6.4,Evora
2026-09-12 17:00:00,34.9,15,0.0,5.7,Evora
2026-09-12 18:00:00,33.4,24,0.0,3.8,Evora
2026-09-12 19:00:00,30.6,25,0.0,2.6,Evora
2026-09-12 20:00:00,28.9,26,0.0,2.6,Evora
2026-09-12 21:00:00,28.1,20,0.0,7.9,Evora
2026-09-12 22:00:00,26.2,22,0.0,6.4,Evora
2026-09-12 23:00:00,24.8,30,0.0,5.5,Evora
2026-09-13 00:00:00,24.1,32,0.0,2.7,Evora
2026-09-13 01:00:00,24.2,31,0.0,2.4,Evora
2026-09-13 02:00:00,22.5,34,0.0,5.9,Evora
2026-09-13 03:00:00,20.8,45,0.0,2.9,Evora
2026-09-13 04:00:00,20.0,52,0.0,3.3,Evora
2026-09-13 05:00:00,19.5,60,0.0,3.1,Evora
2026-09-13 06:00:00,19.1,65,0.0,3.3,Evora
2026-09-13 07:00:00,20.0,65,0.0,4.8,Evora
2026-09-13 08:00:00,23.0,55,0.0,2.6,Evora
2026-09-13 09:00:00,26.5,42,0.0,2.5,Evora
2026-09-13 10:00:00,29.6,33,0.0,4.0,Evora
2026-09-13 11:00:00,32.1,27,0.0,5.2,Evora
2026-09-13 12:00:00,34.3,22,0.0,7.2,Evora
2026-09-13 13:00:00,35.4,18,0.0,9.0,Evora
2026-09-13 14:00:00,36.1,15,0.0,9.5,Evora
2026-09-13 15:00:00,36.2,15,0.0,7.9,Evora
2026-09-13 16:00:00,36.1,15,0.0,6.8,Evora
2026-09-13 17:00:00,35.6,15,0.0,6.8,Evora
2026-09-13 18:00:00,34.3,16,0.0,9.0,Evora
2026-09-13 19:00:00,31.6,19,0.0,6.3,Evora
2026-09-13 20:00:00,30.3,22,0.0,0.7,Evora
2026-09-13 21:00:00,28.8,23,0.0,3.1,Evora
2026-09-13 22:00:00,27.2,26,0.0,3.1,Evora
2026-09-13 23:00:00,26.0,34,0.0,0.2,Evora
2026-09-14 00:00:00,24.5,35,0.0,2.0,Evora
2026-09-14 01:00:00,23.5,37,0.0,1.5,Evora
2026-09-14 02:00:00,21.6,49,0.0,4.2,Evora
2026-09-14 03:00:00,20.4,63,0.0,3.3,Evora
2026-09-14 04:00:00,19.7,72,0.0,3.8,Evora
2026-09-14 05:00:00,19.4,78,0.0,4.9,Evora
2026-09-14 06:00:00,18.4,84,0.0,3.9,Evora
2026-09-14 07:00:00,19.3,80,0.0,4.8,Evora
2026-09-14 08:00:00,22.4,66,0.0,2.5,Evora
2026-09-14 09:00:00,26.4,49,0.0,5.2,Evora
2026-09-14 10:00:00,29.8,36,0.0,6.5,Evora
2026-09-14 11:00:00,32.3,29,0.0,5.6,Evora
2026-09-14 12:00:00,34.5,25,0.0,4.9,Evora
2026-09-14 13:00:00,35.8,21,0.0,4.0,Evora
2026-09-14 14:00:00,36.5,19,0.0,4.0,Evora
2026-09-14 15:00:00,36.7,19,0.0,4.5,Evora
2026-09-14 16:00:00,36.6,19,0.0,7.9,Evora
2026-09-14 17:00:00,34.9,24,0.0,16.3,Evora
2026-09-14 18:00:00,31.7,33,0.0,18.6,Evora
2026-09-14 19:00:00,29.4,36,0.0,15.7,Evora
2026-09-14 20:00:00,29.4,30,0.0,15.9,Evora
2026-09-14 21:00:00,27.9,30,0.0,15.8,Evora
2026-09-14 22:00:00,27.0,32,0.0,16.5,Evora
2026-09-14 23:00:00,26.1,33,0.0,15.7,Evora
2026-09-15 00:00:00,25.3,32,0.0,17.5,Evora
2026-09-15 01:00:00,24.7,33,0.0,16.2,Evora
2026-09-15 02:00:00,24.2,34,0.0,15.2,Evora
2026-09-15 03:00:00,23.7,34,0.0,15.8,Evora
2026-09-15 04:00:00,23.1,36,0.0,11.9,Evora
2026-09-15 05:00:00,22.2,39,0.0,10.1,Evora
2026-09-15 06:00:00,21.2,44,0.0,11.7,Evora
2026-09-15 07:00:00,21.2,47,0.0,11.0,Evora
2026-09-15 08:00:00,23.5,43,0.0,7.6,Evora
2026-09-15 09:00:00,26.1,37,0.0,8.7,Evora
2026-09-15 10:00:00,28.5,31,0.0,9.0,Evora
2026-09-15 11:00:00,30.5,26,0.0,9.3,Evora
2026-09-15 12:00:00,32.5,21,0.0,10.5,Evora
2026-09-15 13:00:00,33.2,20,0.0,12.3,Evora
2026-09-15 14:00:00,33.3,21,0.0,14.4,Evora
2026-09-15 15:00:00,33.0,22,0.0,15.2,Evora
2026-09-15 16:00:00,32.0,28,0.0,16.2,Evora
2026-09-15 17:00:00,30.2,34,0.0,16.5,Evora
2026-09-15 18:00:00,28.1,39,0.0,16.6,Evora
2026-09-15 19:00:00,25.0,49,0.0,17.0,Evora
2026-09-15 20:00:00,22.9,55,0.0,17.1,Evora
2026-09-15 21:00:00,21.3,59,0.0,18.4,Evora
2026-09-15 22:00:00,20.4,66,0.0,21.2,Evora
2026-09-15 23:00:00,19.4,77,0.0,22.9,Evora
2026-09-16 00:00:00,18.9,83,0.0,20.6,Evora
2026-09-16 01:00:00,18.5,85,0.0,19.2,Evora
2026-09-16 02:00:00,18.0,88,0.0,18.0,Evora
2026-09-16 03:00:00,17.5,90,0.0,17.5,Evora
2026-09-16 04:00:00,17.1,91,0.0,18.0,Evora
2026-09-16 05:00:00,16.9,92,0.0,18.5,Evora
2026-09-16 06:00:00,17.3,89,0.0,18.6,Evora
2026-09-16 07:00:00,17.5,86,0.0,18.1,Evora
2026-09-16 08:00:00,18.2,82,0.0,17.5,Evora
2026-09-16 09:00:00,19.9,73,0.0,16.4,Evora
2026-09-16 10:00:00,22.2,62,0.0,14.3,Evora
2026-09-16 11:00:00,24.5,53,0.0,13.5,Evora
2026-09-16 12:00:00,26.6,45,0.0,14.2,Evora
2026-09-16 13:00:00,27.6,42,0.0,14.7,Evora
2026-09-16 14:00:00,28.5,39,0.0,15.6,Evora
2026-09-16 15:00:00,29.0,37,0.0,16.0,Evora
2026-09-16 16:00:00,28.8,37,0.0,16.8,Evora
2026-09-16 17:00:00,28.6,39,0.0,16.2,Evora
2026-09-16 18:00:00,27.8,39,0.0,15.2,Evora
2026-09-16 19:00:00,23.8,52,0.0,21.4,Evora
2026-09-16 20:00:00,22.9,52,0.0,20.2,Evora
2026-09-16 21:00:00,21.5,54,0.0,20.2,Evora
2026-09-16 22:00:00,20.9,54,0.0,20.0,Evora
2026-09-16 23:00:00,20.5,54,0.0,18.4,Evora
2026-09-17 00:00:00,20.1,55,0.0,15.2,Evora
2026-09-17 01:00:00,20.0,53,0.0,15.1,Evora
2026-09-17 02:00:00,19.8,51,0.0,16.0,Evora
2026-09-17 03:00:00,19.5,50,0.0,14.6,Evora
2026-09-17 04:00:00,19.1,50,0.0,13.7,Evora
2026-09-17 05:00:00,18.8,52,0.0,13.9,Evora
2026-09-17 06:00:00,18.3,54,0.0,13.4,Evora
2026-09-17 07:00:00,18.8,53,0.0,14.1,Evora
2026-09-17 08:00:00,20.9,46,0.0,14.5,Evora
2026-09-17 09:00:00,23.2,41,0.0,14.7,Evora
2026-09-17 10:00:00,25.2,37,0.0,13.4,Evora
2026-09-17 11:00:00,26.9,35,0.0,11.2,Evora
2026-09-17 12:00:00,28.6,33,0.0,8.7,Evora
2026-09-17 13:00:00,29.5,29,0.0,8.3,Evora
2026-09-17 14:00:00,30.1,27,0.0,8.9,Evora
2026-09-17 15:00:00,30.1,27,0.0,9.9,Evora
2026-09-17 16:00:00,29.7,26,0.0,11.7,Evora
2026-09-17 17:00:00,29.0,25,0.0,13.9,Evora
2026-09-17 18:00:00,28.0,23,0.0,13.9,Evora
2026-09-17 19:00:00,25.8,20,0.0,9.7,Evora
2026-09-17 20:00:00,23.1,33,0.0,20.2,Evora
2026-09-17 21:00:00,20.9,48,0.0,18.9,Evora
2026-09-17 22:00:00,20.0,51,0.0,18.8,Evora
2026-09-17 23:00:00,19.5,53,0.0,16.7,Evora
2026-09-18 00:00:00,19.0,53,0.0,14.1,Evora
2026-09-18 01:00:00,18.7,52,0.0,12.6,Evora
2026-09-18 02:00:00,18.2,52,0.0,12.8,Evora
2026-09-18 03:00:00,17.8,54,0.0,12.4,Evora
2026-09-18 04:00:00,17.5,52,0.0,12.4,Evora
2026-09-18 05:00:00,17.2,50,0.0,11.7,Evora
2026-09-18 06:00:00,16.3,57,0.0,12.3,Evora
2026-09-18 07:00:00,16.5,62,0.0,12.9,Evora
2026-09-18 08:00:00,19.5,52,0.0,10.8,Evora
2026-09-18 09:00:00,22.1,39,0.0,9.6,Evora
2026-09-18 10:00:00,24.5,31,0.0,5.4,Evora
2026-09-18 11:00:00,26.4,26,0.0,2.3,Evora
2026-09-18 12:00:00,28.2,24,0.0,3.1,Evora
2026-09-18 13:00:00,29.2,22,0.0,3.4,Evora
2026-09-18 14:00:00,29.8,22,0.0,3.2,Evora
2026-09-18 15:00:00,30.0,21,0.0,3.6,Evora
2026-09-18 16:00:00,29.9,21,0.0,5.4,Evora
2026-09-18 17:00:00,29.5,21,0.0,6.5,Evora
2026-09-18 18:00:00,28.3,23,0.0,5.2,Evora
2026-09-18 19:00:00,26.0,29,0.0,1.5,Evora
2026-09-18 20:00:00,24.6,31,0.0,1.7,Evora
2026-09-18 21:00:00,23.1,33,0.0,11.5,Evora
2026-09-18 22:00:00,21.8,48,0.0,12.7,Evora
2026-09-18 23:00:00,20.8,52,0.0,8.4,Evora
2026-09-19 00:00:00,20.1,53,0.0,8.5,Evora
2026-09-19 01:00:00,19.2,57,0.0,6.3,Evora
2026-09-19 02:00:00,18.8,59,0.0,4.7,Evora
2026-09-19 03:00:00,19.1,58,0.0,4.7,Evora
2026-09-19 04:00:00,18.6,58,0.0,3.6,Evora
2026-09-19 05:00:00,18.1,61,0.0,8.6,Evora
2026-09-19 06:00:00,17.7,57,0.0,5.6,Evora
2026-09-19 07:00:00,18.0,56,0.0,4.5,Evora
2026-09-19 08:00:00,21.2,48,0.0,3.6,Evora
2026-09-19 09:00:00,24.5,41,0.0,4.9,Evora
2026-09-19 10:00:00,27.2,33,0.0,7.6,Evora
2026-09-19 11:00:00,29.3,27,0.0,9.0,Evora
2026-09-19 12:00:00,31.1,23,0.0,9.6,Evora
2026-09-19 13:00:00,31.9,23,0.0,10.1,Evora
2026-09-19 14:00:00,32.4,23,0.0,11.7,Evora
2026-09-19 15:00:00,32.5,23,0.0,11.0,Evora
2026-09-19 16:00:00,32.3,23,0.0,7.3,Evora
2026-09-19 17:00:00,31.9,23,0.0,4.5,Evora
2026-09-19 18:00:00,31.1,23,0.0,7.1,Evora
2026-09-19 19:00:00,29.5,25,0.0,8.8,Evora
2026-09-19 20:00:00,28.5,26,0.0,11.5,Evora
2026-09-19 21:00:00,27.2,28,0.0,11.9,Evora
2026-09-19 22:00:00,26.7,28,0.0,12.5,Evora
2026-09-19 23:00:00,25.6,30,0.0,9.1,Evora
2026-09-20 00:00:00,24.0,34,0.0,5.4,Evora
2026-09-20 01:00:00,22.5,40,0.0,5.7,Evora
2026-09-20 02:00:00,21.0,50,0.0,6.3,Evora
2026-09-20 03:00:00,20.4,55,0.0,6.2,Evora
2026-09-20 04:00:00,20.3,56,0.0,5.4,Evora
2026-09-20 05:00:00,20.0,60,0.0,2.5,Evora
2026-09-20 06:00:00,19.4,62,0.0,2.4,Evora
2026-09-20 07:00:00,19.9,61,0.0,3.3,Evora
2026-09-20 08:00:00,23.0,52,0.0,6.3,Evora
2026-09-20 09:00:00,25.4,48,0.0,6.5,Evora
2026-09-20 10:00:00,27.8,42,0.0,7.4,Evora
2026-09-20 11:00:00,29.5,37,0.0,9.2,Evora
2026-09-20 12:00:00,31.3,33,0.0,10.8,Evora
2026-09-20 13:00:00,32.3,27,0.0,11.8,Evora
2026-09-20 14:00:00,32.9,24,0.0,11.9,Evora
2026-09-20 15:00:00,33.1,25,0.0,10.4,Evora
2026-09-20 16:00:00,33.0,26,0.0,9.2,Evora
2026-09-20 17:00:00,32.6,26,0.0,9.0,Evora
2026-09-20 18:00:00,31.4,25,0.0,11.2,Evora
2026-09-20 19:00:00,29.7,25,0.0,10.1,Evora
2026-09-20 20:00:00,28.1,26,0.0,11.1,Evora
2026-09-20 21:00:00,27.4,25,0.0,10.5,Evora
2026-09-20 22:00:00,25.6,28,0.0,7.5,Evora
2026-09-20 23:00:00,24.3,37,0.0,3.4,Evora
2026-09-21 00:00:00,22.4,56,0.0,4.6,Evora
2026-09-21 01:00:00,20.8,68,0.0,3.7,Evora
2026-09-21 02:00:00,19.9,74,0.0,4.1,Evora
2026-09-21 03:00:00,19.4,77,0.0,3.6,Evora
2026-09-21 04:00:00,19.0,79,0.0,1.3,Evora
2026-09-21 05:00:00,18.8,79,0.0,0.9,Evora
2026-09-21 06:00:00,18.6,79,0.0,1.7,Evora
2026-09-21 07:00:00,18.9,78,0.0,5.2,Evora
2026-09-21 08:00:00,22.4,65,0.0,4.8,Evora
2026-09-21 09:00:00,25.4,53,0.0,6.4,Evora
2026-09-21 10:00:00,27.8,44,0.0,7.5,Evora
2026-09-21 11:00:00,29.8,36,0.0,8.5,Evora
2026-09-21 12:00:00,32.0,26,0.0,11.5,Evora
2026-09-21 13:00:00,33.0,18,0.0,13.2,Evora
2026-09-21 14:00:00,33.5,17,0.0,12.4,Evora
2026-09-21 15:00:00,33.7,16,0.0,12.0,Evora
2026-09-21 16:00:00,33.4,14,0.0,12.9,Evora
2026-09-21 17:00:00,32.7,14,0.0,12.8,Evora
2026-09-21 18:00:00,31.0,15,0.0,11.0,Evora
2026-09-21 19:00:00,28.7,17,0.0,7.9,Evora
2026-09-21 20:00:00,27.8,18,0.0,7.3,Evora
2026-09-21 21:00:00,26.4,20,0.0,6.0,Evora
2026-09-21 22:00:00,25.5,21,0.0,6.0,Evora
2026-09-21 23:00:00,25.2,21,0.0,4.8,Evora
2026-09-22 00:00:00,24.1,24,0.0,0.7,Evora
2026-09-22 01:00:00,23.3,24,0.0,4.8,Evora
2026-09-22 02:00:00,21.8,29,0.0,6.2,Evora
2026-09-22 03:00:00,19.9,40,0.0,4.0,Evora
2026-09-22 04:00:00,18.9,48,0.0,4.3,Evora
2026-09-22 05:00:00,18.1,56,0.0,2.8,Evora
2026-09-22 06:00:00,17.2,66,0.0,3.6,Evora
2026-09-22 07:00:00,17.5,71,0.0,5.2,Evora
2026-09-22 08:00:00,20.7,63,0.0,4.3,Evora
2026-09-22 09:00:00,24.1,54,0.0,3.1,Evora
2026-09-22 10:00:00,27.8,41,0.0,3.4,Evora
2026-09-22 11:00:00,31.0,30,0.0,2.7,Evora
2026-09-22 12:00:00,33.4,21,0.0,1.5,Evora
2026-09-22 13:00:00,34.7,17,0.0,2.8,Evora
2026-09-22 14:00:00,35.4,15,0.0,4.1,Evora
2026-09-22 15:00:00,35.7,14,0.0,6.2,Evora
2026-09-22 16:00:00,35.6,14,0.0,6.5,Evora
2026-09-22 17:00:00,35.1,15,0.0,4.6,Evora
2026-09-22 18:00:00,32.5,22,0.0,11.7,Evora
2026-09-22 19:00:00,28.4,36,0.0,15.3,Evora
2026-09-22 20:00:00,27.2,38,0.0,18.0,Evora
2026-09-22 21:00:00,27.0,32,0.0,15.0,Evora
2026-09-22 22:00:00,26.5,31,0.0,14.9,Evora
2026-09-22 23:00:00,26.2,31,0.0,13.2,Evora
2026-09-23 00:00:00,25.0,33,0.0,11.0,Evora
2026-09-23 01:00:00,23.8,36,0.0,7.5,Evora
2026-09-23 02:00:00,23.1,38,0.0,7.0,Evora
2026-09-23 03:00:00,21.6,43,0.0,5.1,Evora
2026-09-23 04:00:00,21.1,43,0.0,7.0,Evora
2026-09-23 05:00:00,21.0,44,0.0,7.7,Evora
2026-09-23 06:00:00,20.9,43,0.0,8.1,Evora
2026-09-23 07:00:00,21.3,45,0.0,6.4,Evora
2026-09-23 08:00:00,24.5,39,0.0,6.0,Evora
2026-09-23 09:00:00,27.5,31,0.0,4.1,Evora
2026-09-23 10:00:00,29.8,27,0.0,4.4,Evora
2026-09-23 11:00:00,31.9,22,0.0,4.2,Evora
2026-09-23 12:00:00,34.9,17,0.0,1.8,Evora
2026-09-23 13:00:00,36.2,14,0.0,1.3,Evora
2026-09-23 14:00:00,36.8,13,0.0,2.8,Evora
2026-09-23 15:00:00,36.9,12,0.0,5.0,Evora
2026-09-23 16:00:00,36.6,12,0.0,8.1,Evora
2026-09-23 17:00:00,35.3,14,0.0,10.7,Evora
2026-09-23 18:00:00,30.7,25,0.0,16.9,Evora
2026-09-23 19:00:00,28.4,28,0.0,17.2,Evora
2026-09-23 20:00:00,26.6,32,0.0,16.5,Evora
2026-09-23 21:00:00,25.7,36,0.0,14.3,Evora
2026-09-23 22:00:00,24.5,40,0.0,9.2,Evora
2026-09-23 23:00:00,23.5,42,0.0,9.3,Evora
2026-09-24 00:00:00,22.0,47,0.0,8.5,Evora
2026-09-24 01:00:00,21.2,49,0.0,5.2,Evora
2026-09-24 02:00:00,20.5,50,0.0,5.4,Evora
2026-09-24 03:00:00,20.2,46,0.0,5.6,Evora
2026-09-24 04:00:00,20.3,39,0.0,6.1,Evora
2026-09-24 05:00:00,20.2,37,0.0,6.3,Evora
2026-09-24 06:00:00,20.0,39,0.0,3.6,Evora
2026-09-24 07:00:00,20.1,44,0.0,2.0,Evora
2026-09-24 08:00:00,22.8,36,0.0,0.6,Evora
2026-09-24 09:00:00,25.9,29,0.0,0.8,Evora
2026-09-24 10:00:00,28.7,26,0.0,0.9,Evora
2026-09-24 11:00:00,31.2,23,0.0,1.4,Evora
2026-09-24 12:00:00,34.0,19,0.0,3.0,Evora
2026-09-24 13:00:00,35.5,16,0.0,6.2,Evora
2026-09-24 14:00:00,36.0,15,0.0,9.3,Evora
2026-09-24 15:00:00,35.8,15,0.0,11.1,Evora
2026-09-24 16:00:00,35.5,15,0.0,11.6,Evora
2026-09-24 17:00:00,34.5,15,0.0,14.3,Evora
2026-09-24 18:00:00,32.8,18,0.0,12.4,Evora
2026-09-24 19:00:00,30.4,21,0.0,14.7,Evora
2026-09-24 20:00:00,28.5,25,0.0,19.2,Evora
2026-09-24 21:00:00,26.7,28,0.0,20.0,Evora
2026-09-24 22:00:00,25.3,30,0.0,18.8,Evora
2026-09-24 23:00:00,24.4,31,0.0,18.3,Evora
2026-09-25 00:00:00,23.6,32,0.0,17.6,Evora
2026-09-25 01:00:00,22.7,35,0.0,16.1,Evora
2026-09-25 02:00:00,22.1,37,0.0,15.0,Evora
2026-09-25 03:00:00,21.4,39,0.0,14.8,Evora
2026-09-25 04:00:00,20.7,40,0.0,13.8,Evora
2026-09-25 05:00:00,20.1,42,0.0,12.6,Evora
2026-09-25 06:00:00,19.3,44,0.0,12.6,Evora
2026-09-25 07:00:00,19.4,45,0.0,11.3,Evora
2026-09-25 08:00:00,21.9,40,0.0,7.2,Evora
2026-09-25 09:00:00,25.2,33,0.0,4.8,Evora
2026-09-25 10:00:00,28.3,25,0.0,4.8,Evora
2026-09-25 11:00:00,30.5,21,0.0,4.6,Evora
2026-09-25 12:00:00,31.9,20,0.0,5.5,Evora
2026-09-25 13:00:00,32.6,19,0.0,6.5,Evora
2026-09-25 14:00:00,33.1,18,0.0,8.3,Evora
2026-09-25 15:00:00,33.1,17,0.0,8.3,Evora
2026-09-25 16:00:00,32.7,17,0.0,8.5,Evora
2026-09-25 17:00:00,31.6,17,0.0,9.9,Evora
2026-09-25 18:00:00,29.4,18,0.0,10.3,Evora
2026-09-25 19:00:00,27.0,20,0.0,12.8,Evora
2026-09-25 20:00:00,25.7,23,0.0,15.8,Evora
2026-09-25 21:00:00,23.8,31,0.0,18.0,Evora
2026-09-25 22:00:00,22.1,35,0.0,17.8,Evora
2026-09-25 23:00:00,20.8,35,0.0,17.3,Evora
2026-09-26 00:00:00,20.2,34,0.0,17.0,Evora
2026-09-26 01:00:00,19.8,36,0.0,16.5,Evora
2026-09-26 02:00:00,18.9,43,0.0,13.7,Evora
2026-09-26 03:00:00,18.5,48,0.0,10.3,Evora
2026-09-26 04:00:00,18.0,52,0.0,8.1,Evora
2026-09-26 05:00:00,17.5,56,0.0,9.3,Evora
2026-09-26 06:00:00,16.5,62,0.0,8.2,Evora
2026-09-26 07:00:00,16.4,66,0.0,9.8,Evora
2026-09-26 08:00:00,19.5,54,0.0,8.7,Evora
2026-09-26 09:00:00,23.5,40,0.0,6.4,Evora
2026-09-26 10:00:00,26.8,30,0.0,6.6,Evora
2026-09-26 11:00:00,28.9,24,0.0,5.0,Evora
2026-09-26 12:00:00,32.0,15,0.0,2.7,Evora
2026-09-26 13:00:00,33.9,13,0.0,4.3,Evora
2026-09-26 14:00:00,34.9,13,0.0,6.3,Evora
2026-09-26 15:00:00,35.2,13,0.0,7.8,Evora
2026-09-26 16:00:00,34.6,14,0.0,11.8,Evora
2026-09-26 17:00:00,33.8,15,0.0,11.1,Evora
2026-09-26 18:00:00,31.6,17,0.0,11.8,Evora
2026-09-26 19:00:00,29.6,19,0.0,11.9,Evora
2026-09-26 20:00:00,28.3,22,0.0,7.4,Evora
2026-09-26 21:00:00,26.5,26,0.0,4.9,Evora
2026-09-26 22:00:00,25.1,30,0.0,4.5,Evora
2026-09-26 23:00:00,24.4,34,0.0,5.8,Evora
2026-09-27 00:00:00,23.9,36,0.0,9.8,Evora
2026-09-27 01:00:00,23.0,44,0.0,11.1,Evora
2026-09-27 02:00:00,22.6,43,0.0,12.0,Evora
2026-09-27 03:00:00,21.8,43,0.0,8.1,Evora
2026-09-27 04:00:00,20.8,45,0.0,3.9,Evora
2026-09-27 05:00:00,19.9,47,0.0,6.0,Evora
2026-09-27 06:00:00,18.9,52,0.0,0.7,Evora
2026-09-27 07:00:00,19.3,54,0.0,2.3,Evora
2026-09-27 08:00:00,21.4,47,0.0,2.7,Evora
2026-09-27 09:00:00,24.2,38,0.0,6.1,Evora
2026-09-27 10:00:00,25.2,35,0.0,10.4,Evora
2026-09-27 11:00:00,27.7,29,0.0,8.7,Evora
2026-09-27 12:00:00,29.0,27,0.0,11.8,Evora
2026-09-27 13:00:00,30.5,25,0.0,9.2,Evora
2026-09-27 14:00:00,30.9,24,0.0,8.4,Evora
2026-09-27 15:00:00,31.0,24,0.0,8.4,Evora
2026-09-27 16:00:00,30.7,24,0.0,9.0,Evora
2026-09-27 17:00:00,30.0,25,0.0,8.5,Evora
2026-09-27 18:00:00,28.7,29,0.0,4.0,Evora
2026-09-27 19:00:00,26.6,35,0.0,6.2,Evora
2026-09-27 20:00:00,24.7,47,0.0,2.8,Evora
2026-09-27 21:00:00,23.9,49,0.0,0.7,Evora
2026-09-27 22:00:00,22.9,54,0.0,1.1,Evora
2026-09-27 23:00:00,21.7,59,0.0,1.6,Evora
2026-09-28 00:00:00,21.0,57,0.0,1.7,Evora
2026-09-28 01:00:00,20.3,61,0.0,1.4,Evora
2026-09-28 02:00:00,19.4,67,0.0,3.2,Evora
2026-09-28 03:00:00,18.9,72,0.0,3.7,Evora
2026-09-28 04:00:00,18.3,84,0.0,5.1,Evora
2026-09-28 05:00:00,17.9,94,0.0,4.2,Evora
2026-09-28 06:00:00,18.0,98,0.0,6.8,Evora
2026-09-28 07:00:00,18.5,97,0.0,3.7,Evora
2026-09-28 08:00:00,20.4,89,0.0,6.8,Evora
2026-09-28 09:00:00,22.2,76,0.0,6.3,Evora
2026-09-28 10:00:00,24.3,64,0.0,5.4,Evora
2026-09-28 11:00:00,25.1,58,0.0,5.5,Evora
2026-09-28 12:00:00,26.1,51,0.0,5.7,Evora
2026-09-28 13:00:00,27.7,46,0.1,6.4,Evora
2026-09-28 14:00:00,28.0,43,0.0,8.8,Evora
2026-09-28 15:00:00,28.3,41,0.0,9.0,Evora
2026-09-28 16:00:00,25.6,53,0.4,13.5,Evora
2026-09-28 17:00:00,23.8,60,0.2,12.7,Evora
2026-09-28 18:00:00,20.5,88,0.1,2.0,Evora
2026-09-28 19:00:00,20.3,89,0.1,8.4,Evora
2026-09-28 20:00:00,19.8,93,0.0,9.5,Evora
2026-09-28 21:00:00,19.8,94,0.0,9.7,Evora
2026-09-28 22:00:00,19.6,92,0.0,8.9,Evora
2026-09-28 23:00:00,19.2,95,0.0,10.7,Evora
2026-09-29 00:00:00,20.1,86,0.0,12.8,Evora
2026-09-29 01:00:00,19.6,89,0.0,12.1,Evora
2026-09-29 02:00:00,19.1,90,0.0,12.1,Evora
2026-09-29 03:00:00,19.3,91,0.0,13.1,Evora
2026-09-29 04:00:00,19.2,94,0.0,12.7,Evora
2026-09-29 05:00:00,19.2,91,0.0,12.6,Evora
2026-09-29 06:00:00,19.3,90,0.0,12.6,Evora
2026-09-29 07:00:00,19.4,90,0.0,13.4,Evora
2026-09-29 08:00:00,19.6,89,0.0,13.1,Evora
2026-09-29 09:00:00,21.1,80,0.0,14.9,Evora
2026-09-29 10:00:00,22.6,70,0.0,17.3,Evora
2026-09-29 11:00:00,23.7,62,0.0,17.7,Evora
2026-09-29 12:00:00,27.3,46,0.0,21.1,Evora
2026-09-29 13:00:00,27.4,45,0.0,21.5,Evora
2026-09-29 14:00:00,27.1,47,0.3,22.9,Evora
2026-09-29 15:00:00,27.7,45,0.1,20.9,Evora
2026-09-29 16:00:00,27.5,42,0.0,19.7,Evora
2026-09-29 17:00:00,28.0,37,0.0,18.8,Evora
2026-09-29 18:00:00,26.9,38,0.0,15.1,Evora
2026-09-29 19:00:00,25.2,43,0.0,14.5,Evora
2026-09-29 20:00:00,23.7,49,0.0,12.0,Evora
2026-09-29 21:00:00,22.6,54,0.0,11.7,Evora
2026-09-29 22:00:00,22.0,58,0.0,12.2,Evora
2026-09-29 23:00:00,21.8,60,0.0,13.0,Evora
2026-09-30 00:00:00,20.9,66,0.0,12.5,Evora
2026-09-30 01:00:00,20.2,72,0.0,9.0,Evora
2026-09-30 02:00:00,20.2,75,0.0,9.0,Evora
2026-09-30 03:00:00,19.5,81,0.0,8.3,Evora
2026-09-30 04:00:00,19.0,86,0.0,9.3,Evora
2026-09-30 05:00:00,19.2,88,0.0,9.3,Evora
2026-09-30 06:00:00,19.0,93,0.0,10.8,Evora
2026-09-30 07:00:00,19.4,92,0.0,11.4,Evora
2026-09-30 08:00:00,20.8,88,0.0,13.8,Evora
2026-09-30 09:00:00,21.4,85,0.1,14.5,Evora
2026-09-30 10:00:00,21.2,85,0.8,17.0,Evora
2026-09-30 11:00:00,22.9,74,0.1,12.4,Evora
2026-09-30 12:00:00,24.6,61,0.0,13.3,Evora
2026-09-30 13:00:00,25.0,55,0.1,13.0,Evora
2026-09-30 14:00:00,25.1,49,0.0,12.2,Evora
2026-09-30 15:00:00,24.9,47,0.0,12.6,Evora
2026-09-30 16:00:00,23.9,50,0.0,14.8,Evora
2026-09-30 17:00:00,22.9,54,0.0,13.7,Evora
2026-09-30 18:00:00,22.0,58,0.0,10.1,Evora
2026-09-30 19:00:00,21.1,62,0.0,6.8,Evora
2026-09-30 20:00:00,20.4,65,0.0,8.4,Evora
2026-09-30 21:00:00,20.0,63,0.0,14.9,Evora
2026-09-30 22:00:00,19.2,65,0.0,17.1,Evora
2026-09-30 23:00:00,17.9,69,0.0,17.4,Evora
